ISO-10303-21;
HEADER;
/* Generated by software containing ST-Developer
 * from STEP Tools, Inc. (www.steptools.com) 
 */

FILE_DESCRIPTION(
/* description */ (''),
/* implementation_level */ '2;1');

FILE_NAME(
/* name */ 'Final Top.step',
/* time_stamp */ '2026-09-16T17:29:25-04:00',
/* author */ (''),
/* organization */ (''),
/* preprocessor_version */ 'ST-DEVELOPER v20.2',
/* originating_system */ 'Autodesk Translation Framework v15.15.0.0',
/* authorisation */ '');

FILE_SCHEMA (('AUTOMOTIVE_DESIGN { 1 0 10303 214 3 1 1 }'));
ENDSEC;

DATA;
#10=MECHANICAL_DESIGN_GEOMETRIC_PRESENTATION_REPRESENTATION('',(#13),#6943);
#11=SHAPE_REPRESENTATION_RELATIONSHIP('SRR','None',#6950,#12);
#12=ADVANCED_BREP_SHAPE_REPRESENTATION('',(#14),#6942);
#13=STYLED_ITEM('',(#6959),#14);
#14=MANIFOLD_SOLID_BREP('Final Top',#4403);
#15=CYLINDRICAL_SURFACE('',#4616,1.6);
#16=CYLINDRICAL_SURFACE('',#4618,1.6);
#17=CYLINDRICAL_SURFACE('',#4620,1.6);
#18=CYLINDRICAL_SURFACE('',#4622,1.6);
#19=FACE_BOUND('',#406,.T.);
#20=FACE_BOUND('',#407,.T.);
#21=FACE_BOUND('',#408,.T.);
#22=FACE_BOUND('',#409,.T.);
#23=FACE_BOUND('',#410,.T.);
#24=FACE_BOUND('',#462,.T.);
#25=FACE_BOUND('',#463,.T.);
#26=FACE_BOUND('',#464,.T.);
#27=FACE_BOUND('',#465,.T.);
#28=FACE_BOUND('',#466,.T.);
#29=CIRCLE('',#4576,1.6);
#30=CIRCLE('',#4577,1.6);
#31=CIRCLE('',#4578,1.6);
#32=CIRCLE('',#4579,1.6);
#33=CIRCLE('',#4617,1.6);
#34=CIRCLE('',#4619,1.6);
#35=CIRCLE('',#4621,1.6);
#36=CIRCLE('',#4623,1.6);
#37=FACE_OUTER_BOUND('',#247,.T.);
#38=FACE_OUTER_BOUND('',#248,.T.);
#39=FACE_OUTER_BOUND('',#249,.T.);
#40=FACE_OUTER_BOUND('',#250,.T.);
#41=FACE_OUTER_BOUND('',#251,.T.);
#42=FACE_OUTER_BOUND('',#252,.T.);
#43=FACE_OUTER_BOUND('',#253,.T.);
#44=FACE_OUTER_BOUND('',#254,.T.);
#45=FACE_OUTER_BOUND('',#255,.T.);
#46=FACE_OUTER_BOUND('',#256,.T.);
#47=FACE_OUTER_BOUND('',#257,.T.);
#48=FACE_OUTER_BOUND('',#258,.T.);
#49=FACE_OUTER_BOUND('',#259,.T.);
#50=FACE_OUTER_BOUND('',#260,.T.);
#51=FACE_OUTER_BOUND('',#261,.T.);
#52=FACE_OUTER_BOUND('',#262,.T.);
#53=FACE_OUTER_BOUND('',#263,.T.);
#54=FACE_OUTER_BOUND('',#264,.T.);
#55=FACE_OUTER_BOUND('',#265,.T.);
#56=FACE_OUTER_BOUND('',#266,.T.);
#57=FACE_OUTER_BOUND('',#267,.T.);
#58=FACE_OUTER_BOUND('',#268,.T.);
#59=FACE_OUTER_BOUND('',#269,.T.);
#60=FACE_OUTER_BOUND('',#270,.T.);
#61=FACE_OUTER_BOUND('',#271,.T.);
#62=FACE_OUTER_BOUND('',#272,.T.);
#63=FACE_OUTER_BOUND('',#273,.T.);
#64=FACE_OUTER_BOUND('',#274,.T.);
#65=FACE_OUTER_BOUND('',#275,.T.);
#66=FACE_OUTER_BOUND('',#276,.T.);
#67=FACE_OUTER_BOUND('',#277,.T.);
#68=FACE_OUTER_BOUND('',#278,.T.);
#69=FACE_OUTER_BOUND('',#279,.T.);
#70=FACE_OUTER_BOUND('',#280,.T.);
#71=FACE_OUTER_BOUND('',#281,.T.);
#72=FACE_OUTER_BOUND('',#282,.T.);
#73=FACE_OUTER_BOUND('',#283,.T.);
#74=FACE_OUTER_BOUND('',#284,.T.);
#75=FACE_OUTER_BOUND('',#285,.T.);
#76=FACE_OUTER_BOUND('',#286,.T.);
#77=FACE_OUTER_BOUND('',#287,.T.);
#78=FACE_OUTER_BOUND('',#288,.T.);
#79=FACE_OUTER_BOUND('',#289,.T.);
#80=FACE_OUTER_BOUND('',#290,.T.);
#81=FACE_OUTER_BOUND('',#291,.T.);
#82=FACE_OUTER_BOUND('',#292,.T.);
#83=FACE_OUTER_BOUND('',#293,.T.);
#84=FACE_OUTER_BOUND('',#294,.T.);
#85=FACE_OUTER_BOUND('',#295,.T.);
#86=FACE_OUTER_BOUND('',#296,.T.);
#87=FACE_OUTER_BOUND('',#297,.T.);
#88=FACE_OUTER_BOUND('',#298,.T.);
#89=FACE_OUTER_BOUND('',#299,.T.);
#90=FACE_OUTER_BOUND('',#300,.T.);
#91=FACE_OUTER_BOUND('',#301,.T.);
#92=FACE_OUTER_BOUND('',#302,.T.);
#93=FACE_OUTER_BOUND('',#303,.T.);
#94=FACE_OUTER_BOUND('',#304,.T.);
#95=FACE_OUTER_BOUND('',#305,.T.);
#96=FACE_OUTER_BOUND('',#306,.T.);
#97=FACE_OUTER_BOUND('',#307,.T.);
#98=FACE_OUTER_BOUND('',#308,.T.);
#99=FACE_OUTER_BOUND('',#309,.T.);
#100=FACE_OUTER_BOUND('',#310,.T.);
#101=FACE_OUTER_BOUND('',#311,.T.);
#102=FACE_OUTER_BOUND('',#312,.T.);
#103=FACE_OUTER_BOUND('',#313,.T.);
#104=FACE_OUTER_BOUND('',#314,.T.);
#105=FACE_OUTER_BOUND('',#315,.T.);
#106=FACE_OUTER_BOUND('',#316,.T.);
#107=FACE_OUTER_BOUND('',#317,.T.);
#108=FACE_OUTER_BOUND('',#318,.T.);
#109=FACE_OUTER_BOUND('',#319,.T.);
#110=FACE_OUTER_BOUND('',#320,.T.);
#111=FACE_OUTER_BOUND('',#321,.T.);
#112=FACE_OUTER_BOUND('',#322,.T.);
#113=FACE_OUTER_BOUND('',#323,.T.);
#114=FACE_OUTER_BOUND('',#324,.T.);
#115=FACE_OUTER_BOUND('',#325,.T.);
#116=FACE_OUTER_BOUND('',#326,.T.);
#117=FACE_OUTER_BOUND('',#327,.T.);
#118=FACE_OUTER_BOUND('',#328,.T.);
#119=FACE_OUTER_BOUND('',#329,.T.);
#120=FACE_OUTER_BOUND('',#330,.T.);
#121=FACE_OUTER_BOUND('',#331,.T.);
#122=FACE_OUTER_BOUND('',#332,.T.);
#123=FACE_OUTER_BOUND('',#333,.T.);
#124=FACE_OUTER_BOUND('',#334,.T.);
#125=FACE_OUTER_BOUND('',#335,.T.);
#126=FACE_OUTER_BOUND('',#336,.T.);
#127=FACE_OUTER_BOUND('',#337,.T.);
#128=FACE_OUTER_BOUND('',#338,.T.);
#129=FACE_OUTER_BOUND('',#339,.T.);
#130=FACE_OUTER_BOUND('',#340,.T.);
#131=FACE_OUTER_BOUND('',#341,.T.);
#132=FACE_OUTER_BOUND('',#342,.T.);
#133=FACE_OUTER_BOUND('',#343,.T.);
#134=FACE_OUTER_BOUND('',#344,.T.);
#135=FACE_OUTER_BOUND('',#345,.T.);
#136=FACE_OUTER_BOUND('',#346,.T.);
#137=FACE_OUTER_BOUND('',#347,.T.);
#138=FACE_OUTER_BOUND('',#348,.T.);
#139=FACE_OUTER_BOUND('',#349,.T.);
#140=FACE_OUTER_BOUND('',#350,.T.);
#141=FACE_OUTER_BOUND('',#351,.T.);
#142=FACE_OUTER_BOUND('',#352,.T.);
#143=FACE_OUTER_BOUND('',#353,.T.);
#144=FACE_OUTER_BOUND('',#354,.T.);
#145=FACE_OUTER_BOUND('',#355,.T.);
#146=FACE_OUTER_BOUND('',#356,.T.);
#147=FACE_OUTER_BOUND('',#357,.T.);
#148=FACE_OUTER_BOUND('',#358,.T.);
#149=FACE_OUTER_BOUND('',#359,.T.);
#150=FACE_OUTER_BOUND('',#360,.T.);
#151=FACE_OUTER_BOUND('',#361,.T.);
#152=FACE_OUTER_BOUND('',#362,.T.);
#153=FACE_OUTER_BOUND('',#363,.T.);
#154=FACE_OUTER_BOUND('',#364,.T.);
#155=FACE_OUTER_BOUND('',#365,.T.);
#156=FACE_OUTER_BOUND('',#366,.T.);
#157=FACE_OUTER_BOUND('',#367,.T.);
#158=FACE_OUTER_BOUND('',#368,.T.);
#159=FACE_OUTER_BOUND('',#369,.T.);
#160=FACE_OUTER_BOUND('',#370,.T.);
#161=FACE_OUTER_BOUND('',#371,.T.);
#162=FACE_OUTER_BOUND('',#372,.T.);
#163=FACE_OUTER_BOUND('',#373,.T.);
#164=FACE_OUTER_BOUND('',#374,.T.);
#165=FACE_OUTER_BOUND('',#375,.T.);
#166=FACE_OUTER_BOUND('',#376,.T.);
#167=FACE_OUTER_BOUND('',#377,.T.);
#168=FACE_OUTER_BOUND('',#378,.T.);
#169=FACE_OUTER_BOUND('',#379,.T.);
#170=FACE_OUTER_BOUND('',#380,.T.);
#171=FACE_OUTER_BOUND('',#381,.T.);
#172=FACE_OUTER_BOUND('',#382,.T.);
#173=FACE_OUTER_BOUND('',#383,.T.);
#174=FACE_OUTER_BOUND('',#384,.T.);
#175=FACE_OUTER_BOUND('',#385,.T.);
#176=FACE_OUTER_BOUND('',#386,.T.);
#177=FACE_OUTER_BOUND('',#387,.T.);
#178=FACE_OUTER_BOUND('',#388,.T.);
#179=FACE_OUTER_BOUND('',#389,.T.);
#180=FACE_OUTER_BOUND('',#390,.T.);
#181=FACE_OUTER_BOUND('',#391,.T.);
#182=FACE_OUTER_BOUND('',#392,.T.);
#183=FACE_OUTER_BOUND('',#393,.T.);
#184=FACE_OUTER_BOUND('',#394,.T.);
#185=FACE_OUTER_BOUND('',#395,.T.);
#186=FACE_OUTER_BOUND('',#396,.T.);
#187=FACE_OUTER_BOUND('',#397,.T.);
#188=FACE_OUTER_BOUND('',#398,.T.);
#189=FACE_OUTER_BOUND('',#399,.T.);
#190=FACE_OUTER_BOUND('',#400,.T.);
#191=FACE_OUTER_BOUND('',#401,.T.);
#192=FACE_OUTER_BOUND('',#402,.T.);
#193=FACE_OUTER_BOUND('',#403,.T.);
#194=FACE_OUTER_BOUND('',#404,.T.);
#195=FACE_OUTER_BOUND('',#405,.T.);
#196=FACE_OUTER_BOUND('',#411,.T.);
#197=FACE_OUTER_BOUND('',#412,.T.);
#198=FACE_OUTER_BOUND('',#413,.T.);
#199=FACE_OUTER_BOUND('',#414,.T.);
#200=FACE_OUTER_BOUND('',#415,.T.);
#201=FACE_OUTER_BOUND('',#416,.T.);
#202=FACE_OUTER_BOUND('',#417,.T.);
#203=FACE_OUTER_BOUND('',#418,.T.);
#204=FACE_OUTER_BOUND('',#419,.T.);
#205=FACE_OUTER_BOUND('',#420,.T.);
#206=FACE_OUTER_BOUND('',#421,.T.);
#207=FACE_OUTER_BOUND('',#422,.T.);
#208=FACE_OUTER_BOUND('',#423,.T.);
#209=FACE_OUTER_BOUND('',#424,.T.);
#210=FACE_OUTER_BOUND('',#425,.T.);
#211=FACE_OUTER_BOUND('',#426,.T.);
#212=FACE_OUTER_BOUND('',#427,.T.);
#213=FACE_OUTER_BOUND('',#428,.T.);
#214=FACE_OUTER_BOUND('',#429,.T.);
#215=FACE_OUTER_BOUND('',#430,.T.);
#216=FACE_OUTER_BOUND('',#431,.T.);
#217=FACE_OUTER_BOUND('',#432,.T.);
#218=FACE_OUTER_BOUND('',#433,.T.);
#219=FACE_OUTER_BOUND('',#434,.T.);
#220=FACE_OUTER_BOUND('',#435,.T.);
#221=FACE_OUTER_BOUND('',#436,.T.);
#222=FACE_OUTER_BOUND('',#437,.T.);
#223=FACE_OUTER_BOUND('',#438,.T.);
#224=FACE_OUTER_BOUND('',#439,.T.);
#225=FACE_OUTER_BOUND('',#440,.T.);
#226=FACE_OUTER_BOUND('',#441,.T.);
#227=FACE_OUTER_BOUND('',#442,.T.);
#228=FACE_OUTER_BOUND('',#443,.T.);
#229=FACE_OUTER_BOUND('',#444,.T.);
#230=FACE_OUTER_BOUND('',#445,.T.);
#231=FACE_OUTER_BOUND('',#446,.T.);
#232=FACE_OUTER_BOUND('',#447,.T.);
#233=FACE_OUTER_BOUND('',#448,.T.);
#234=FACE_OUTER_BOUND('',#449,.T.);
#235=FACE_OUTER_BOUND('',#450,.T.);
#236=FACE_OUTER_BOUND('',#451,.T.);
#237=FACE_OUTER_BOUND('',#452,.T.);
#238=FACE_OUTER_BOUND('',#453,.T.);
#239=FACE_OUTER_BOUND('',#454,.T.);
#240=FACE_OUTER_BOUND('',#455,.T.);
#241=FACE_OUTER_BOUND('',#456,.T.);
#242=FACE_OUTER_BOUND('',#457,.T.);
#243=FACE_OUTER_BOUND('',#458,.T.);
#244=FACE_OUTER_BOUND('',#459,.T.);
#245=FACE_OUTER_BOUND('',#460,.T.);
#246=FACE_OUTER_BOUND('',#461,.T.);
#247=EDGE_LOOP('',(#2739,#2740,#2741,#2742));
#248=EDGE_LOOP('',(#2743,#2744,#2745,#2746));
#249=EDGE_LOOP('',(#2747,#2748,#2749,#2750));
#250=EDGE_LOOP('',(#2751,#2752,#2753,#2754));
#251=EDGE_LOOP('',(#2755,#2756,#2757,#2758,#2759,#2760,#2761,#2762,#2763,
#2764,#2765,#2766,#2767,#2768,#2769,#2770,#2771,#2772,#2773,#2774,#2775,
#2776,#2777,#2778,#2779,#2780,#2781,#2782,#2783,#2784,#2785,#2786,#2787,
#2788,#2789,#2790,#2791,#2792,#2793,#2794,#2795,#2796,#2797,#2798,#2799,
#2800,#2801,#2802,#2803,#2804,#2805,#2806,#2807,#2808,#2809,#2810,#2811,
#2812,#2813,#2814,#2815,#2816,#2817,#2818,#2819,#2820,#2821,#2822,#2823,
#2824,#2825,#2826,#2827,#2828,#2829,#2830,#2831,#2832,#2833,#2834,#2835,
#2836,#2837,#2838,#2839,#2840,#2841,#2842,#2843,#2844,#2845,#2846,#2847,
#2848,#2849,#2850,#2851,#2852,#2853,#2854));
#252=EDGE_LOOP('',(#2855,#2856,#2857,#2858));
#253=EDGE_LOOP('',(#2859,#2860,#2861,#2862));
#254=EDGE_LOOP('',(#2863,#2864,#2865,#2866));
#255=EDGE_LOOP('',(#2867,#2868,#2869,#2870));
#256=EDGE_LOOP('',(#2871,#2872,#2873,#2874,#2875,#2876,#2877,#2878,#2879,
#2880,#2881,#2882,#2883,#2884,#2885,#2886,#2887,#2888,#2889,#2890,#2891,
#2892,#2893,#2894,#2895,#2896,#2897,#2898,#2899,#2900,#2901,#2902,#2903,
#2904,#2905,#2906,#2907,#2908,#2909,#2910,#2911,#2912,#2913,#2914,#2915,
#2916,#2917,#2918,#2919,#2920,#2921,#2922,#2923,#2924,#2925,#2926,#2927,
#2928,#2929,#2930,#2931,#2932,#2933,#2934,#2935,#2936,#2937,#2938,#2939,
#2940,#2941,#2942,#2943,#2944,#2945,#2946,#2947,#2948,#2949,#2950,#2951,
#2952,#2953,#2954,#2955,#2956,#2957,#2958,#2959,#2960,#2961,#2962,#2963,
#2964,#2965,#2966,#2967,#2968,#2969,#2970));
#257=EDGE_LOOP('',(#2971,#2972,#2973,#2974));
#258=EDGE_LOOP('',(#2975,#2976,#2977,#2978));
#259=EDGE_LOOP('',(#2979,#2980,#2981,#2982));
#260=EDGE_LOOP('',(#2983,#2984,#2985,#2986));
#261=EDGE_LOOP('',(#2987,#2988,#2989,#2990));
#262=EDGE_LOOP('',(#2991,#2992,#2993,#2994));
#263=EDGE_LOOP('',(#2995,#2996,#2997,#2998));
#264=EDGE_LOOP('',(#2999,#3000,#3001,#3002));
#265=EDGE_LOOP('',(#3003,#3004,#3005,#3006));
#266=EDGE_LOOP('',(#3007,#3008,#3009,#3010));
#267=EDGE_LOOP('',(#3011,#3012,#3013,#3014));
#268=EDGE_LOOP('',(#3015,#3016,#3017,#3018));
#269=EDGE_LOOP('',(#3019,#3020,#3021,#3022));
#270=EDGE_LOOP('',(#3023,#3024,#3025,#3026));
#271=EDGE_LOOP('',(#3027,#3028,#3029,#3030));
#272=EDGE_LOOP('',(#3031,#3032,#3033,#3034));
#273=EDGE_LOOP('',(#3035,#3036,#3037,#3038));
#274=EDGE_LOOP('',(#3039,#3040,#3041,#3042));
#275=EDGE_LOOP('',(#3043,#3044,#3045,#3046));
#276=EDGE_LOOP('',(#3047,#3048,#3049,#3050));
#277=EDGE_LOOP('',(#3051,#3052,#3053,#3054));
#278=EDGE_LOOP('',(#3055,#3056,#3057,#3058));
#279=EDGE_LOOP('',(#3059,#3060,#3061,#3062));
#280=EDGE_LOOP('',(#3063,#3064,#3065,#3066));
#281=EDGE_LOOP('',(#3067,#3068,#3069,#3070));
#282=EDGE_LOOP('',(#3071,#3072,#3073,#3074));
#283=EDGE_LOOP('',(#3075,#3076,#3077,#3078));
#284=EDGE_LOOP('',(#3079,#3080,#3081,#3082));
#285=EDGE_LOOP('',(#3083,#3084,#3085,#3086));
#286=EDGE_LOOP('',(#3087,#3088,#3089,#3090));
#287=EDGE_LOOP('',(#3091,#3092,#3093,#3094));
#288=EDGE_LOOP('',(#3095,#3096,#3097,#3098));
#289=EDGE_LOOP('',(#3099,#3100,#3101,#3102));
#290=EDGE_LOOP('',(#3103,#3104,#3105,#3106));
#291=EDGE_LOOP('',(#3107,#3108,#3109,#3110));
#292=EDGE_LOOP('',(#3111,#3112,#3113,#3114));
#293=EDGE_LOOP('',(#3115,#3116,#3117,#3118));
#294=EDGE_LOOP('',(#3119,#3120,#3121,#3122));
#295=EDGE_LOOP('',(#3123,#3124,#3125,#3126));
#296=EDGE_LOOP('',(#3127,#3128,#3129,#3130));
#297=EDGE_LOOP('',(#3131,#3132,#3133,#3134));
#298=EDGE_LOOP('',(#3135,#3136,#3137,#3138));
#299=EDGE_LOOP('',(#3139,#3140,#3141,#3142));
#300=EDGE_LOOP('',(#3143,#3144,#3145,#3146));
#301=EDGE_LOOP('',(#3147,#3148,#3149,#3150));
#302=EDGE_LOOP('',(#3151,#3152,#3153,#3154));
#303=EDGE_LOOP('',(#3155,#3156,#3157,#3158));
#304=EDGE_LOOP('',(#3159,#3160,#3161,#3162));
#305=EDGE_LOOP('',(#3163,#3164,#3165,#3166));
#306=EDGE_LOOP('',(#3167,#3168,#3169,#3170));
#307=EDGE_LOOP('',(#3171,#3172,#3173,#3174));
#308=EDGE_LOOP('',(#3175,#3176,#3177,#3178));
#309=EDGE_LOOP('',(#3179,#3180,#3181,#3182));
#310=EDGE_LOOP('',(#3183,#3184,#3185,#3186));
#311=EDGE_LOOP('',(#3187,#3188,#3189,#3190));
#312=EDGE_LOOP('',(#3191,#3192,#3193,#3194));
#313=EDGE_LOOP('',(#3195,#3196,#3197,#3198));
#314=EDGE_LOOP('',(#3199,#3200,#3201,#3202));
#315=EDGE_LOOP('',(#3203,#3204,#3205,#3206));
#316=EDGE_LOOP('',(#3207,#3208,#3209,#3210));
#317=EDGE_LOOP('',(#3211,#3212,#3213,#3214));
#318=EDGE_LOOP('',(#3215,#3216,#3217,#3218));
#319=EDGE_LOOP('',(#3219,#3220,#3221,#3222));
#320=EDGE_LOOP('',(#3223,#3224,#3225,#3226));
#321=EDGE_LOOP('',(#3227,#3228,#3229,#3230));
#322=EDGE_LOOP('',(#3231,#3232,#3233,#3234));
#323=EDGE_LOOP('',(#3235,#3236,#3237,#3238));
#324=EDGE_LOOP('',(#3239,#3240,#3241,#3242));
#325=EDGE_LOOP('',(#3243,#3244,#3245,#3246));
#326=EDGE_LOOP('',(#3247,#3248,#3249,#3250));
#327=EDGE_LOOP('',(#3251,#3252,#3253,#3254));
#328=EDGE_LOOP('',(#3255,#3256,#3257,#3258));
#329=EDGE_LOOP('',(#3259,#3260,#3261,#3262));
#330=EDGE_LOOP('',(#3263,#3264,#3265,#3266));
#331=EDGE_LOOP('',(#3267,#3268,#3269,#3270));
#332=EDGE_LOOP('',(#3271,#3272,#3273,#3274));
#333=EDGE_LOOP('',(#3275,#3276,#3277,#3278));
#334=EDGE_LOOP('',(#3279,#3280,#3281,#3282));
#335=EDGE_LOOP('',(#3283,#3284,#3285,#3286));
#336=EDGE_LOOP('',(#3287,#3288,#3289,#3290));
#337=EDGE_LOOP('',(#3291,#3292,#3293,#3294));
#338=EDGE_LOOP('',(#3295,#3296,#3297,#3298));
#339=EDGE_LOOP('',(#3299,#3300,#3301,#3302));
#340=EDGE_LOOP('',(#3303,#3304,#3305,#3306));
#341=EDGE_LOOP('',(#3307,#3308,#3309,#3310));
#342=EDGE_LOOP('',(#3311,#3312,#3313,#3314));
#343=EDGE_LOOP('',(#3315,#3316,#3317,#3318));
#344=EDGE_LOOP('',(#3319,#3320,#3321,#3322));
#345=EDGE_LOOP('',(#3323,#3324,#3325,#3326));
#346=EDGE_LOOP('',(#3327,#3328,#3329,#3330));
#347=EDGE_LOOP('',(#3331,#3332,#3333,#3334));
#348=EDGE_LOOP('',(#3335,#3336,#3337,#3338));
#349=EDGE_LOOP('',(#3339,#3340,#3341,#3342));
#350=EDGE_LOOP('',(#3343,#3344,#3345,#3346));
#351=EDGE_LOOP('',(#3347,#3348,#3349,#3350));
#352=EDGE_LOOP('',(#3351,#3352,#3353,#3354));
#353=EDGE_LOOP('',(#3355,#3356,#3357,#3358));
#354=EDGE_LOOP('',(#3359,#3360,#3361,#3362));
#355=EDGE_LOOP('',(#3363,#3364,#3365,#3366));
#356=EDGE_LOOP('',(#3367,#3368,#3369,#3370));
#357=EDGE_LOOP('',(#3371,#3372,#3373,#3374));
#358=EDGE_LOOP('',(#3375,#3376,#3377,#3378));
#359=EDGE_LOOP('',(#3379,#3380,#3381,#3382));
#360=EDGE_LOOP('',(#3383,#3384,#3385,#3386));
#361=EDGE_LOOP('',(#3387,#3388,#3389,#3390));
#362=EDGE_LOOP('',(#3391,#3392,#3393,#3394));
#363=EDGE_LOOP('',(#3395,#3396,#3397,#3398));
#364=EDGE_LOOP('',(#3399,#3400,#3401,#3402));
#365=EDGE_LOOP('',(#3403,#3404,#3405,#3406));
#366=EDGE_LOOP('',(#3407,#3408,#3409,#3410));
#367=EDGE_LOOP('',(#3411,#3412,#3413,#3414));
#368=EDGE_LOOP('',(#3415,#3416,#3417,#3418));
#369=EDGE_LOOP('',(#3419,#3420,#3421,#3422));
#370=EDGE_LOOP('',(#3423,#3424,#3425,#3426));
#371=EDGE_LOOP('',(#3427,#3428,#3429,#3430));
#372=EDGE_LOOP('',(#3431,#3432,#3433,#3434));
#373=EDGE_LOOP('',(#3435,#3436,#3437,#3438));
#374=EDGE_LOOP('',(#3439,#3440,#3441,#3442));
#375=EDGE_LOOP('',(#3443,#3444,#3445,#3446));
#376=EDGE_LOOP('',(#3447,#3448,#3449,#3450));
#377=EDGE_LOOP('',(#3451,#3452,#3453,#3454));
#378=EDGE_LOOP('',(#3455,#3456,#3457,#3458));
#379=EDGE_LOOP('',(#3459,#3460,#3461,#3462));
#380=EDGE_LOOP('',(#3463,#3464,#3465,#3466));
#381=EDGE_LOOP('',(#3467,#3468,#3469,#3470));
#382=EDGE_LOOP('',(#3471,#3472,#3473,#3474));
#383=EDGE_LOOP('',(#3475,#3476,#3477,#3478));
#384=EDGE_LOOP('',(#3479,#3480,#3481,#3482));
#385=EDGE_LOOP('',(#3483,#3484,#3485,#3486));
#386=EDGE_LOOP('',(#3487,#3488,#3489,#3490));
#387=EDGE_LOOP('',(#3491,#3492,#3493,#3494));
#388=EDGE_LOOP('',(#3495,#3496,#3497,#3498));
#389=EDGE_LOOP('',(#3499,#3500,#3501,#3502));
#390=EDGE_LOOP('',(#3503,#3504,#3505,#3506));
#391=EDGE_LOOP('',(#3507,#3508,#3509,#3510));
#392=EDGE_LOOP('',(#3511,#3512,#3513,#3514));
#393=EDGE_LOOP('',(#3515,#3516,#3517,#3518));
#394=EDGE_LOOP('',(#3519,#3520,#3521,#3522));
#395=EDGE_LOOP('',(#3523,#3524,#3525,#3526));
#396=EDGE_LOOP('',(#3527,#3528,#3529,#3530));
#397=EDGE_LOOP('',(#3531,#3532,#3533,#3534));
#398=EDGE_LOOP('',(#3535,#3536,#3537,#3538));
#399=EDGE_LOOP('',(#3539,#3540,#3541,#3542));
#400=EDGE_LOOP('',(#3543,#3544,#3545,#3546));
#401=EDGE_LOOP('',(#3547,#3548,#3549,#3550));
#402=EDGE_LOOP('',(#3551,#3552,#3553,#3554));
#403=EDGE_LOOP('',(#3555,#3556,#3557,#3558));
#404=EDGE_LOOP('',(#3559,#3560,#3561,#3562));
#405=EDGE_LOOP('',(#3563,#3564,#3565,#3566,#3567,#3568,#3569,#3570,#3571,
#3572,#3573,#3574,#3575,#3576,#3577,#3578,#3579,#3580,#3581,#3582,#3583,
#3584,#3585,#3586,#3587,#3588,#3589,#3590,#3591,#3592,#3593,#3594,#3595,
#3596,#3597,#3598,#3599,#3600,#3601,#3602,#3603,#3604,#3605,#3606,#3607,
#3608,#3609,#3610,#3611,#3612,#3613,#3614,#3615,#3616,#3617,#3618,#3619,
#3620,#3621,#3622,#3623,#3624,#3625,#3626,#3627,#3628,#3629,#3630,#3631,
#3632,#3633,#3634,#3635,#3636,#3637,#3638,#3639,#3640,#3641,#3642,#3643,
#3644,#3645,#3646,#3647,#3648,#3649,#3650,#3651,#3652,#3653,#3654,#3655,
#3656,#3657,#3658,#3659,#3660,#3661,#3662,#3663,#3664,#3665,#3666,#3667,
#3668,#3669,#3670,#3671,#3672,#3673,#3674,#3675,#3676,#3677,#3678,#3679,
#3680,#3681,#3682,#3683,#3684,#3685,#3686,#3687,#3688,#3689,#3690,#3691,
#3692,#3693,#3694,#3695,#3696,#3697,#3698,#3699,#3700,#3701,#3702,#3703,
#3704,#3705,#3706,#3707,#3708,#3709,#3710,#3711,#3712,#3713,#3714,#3715,
#3716,#3717,#3718,#3719,#3720,#3721,#3722,#3723,#3724,#3725,#3726,#3727,
#3728,#3729,#3730,#3731,#3732,#3733,#3734,#3735,#3736,#3737,#3738,#3739,
#3740,#3741,#3742,#3743,#3744,#3745,#3746,#3747,#3748,#3749,#3750,#3751,
#3752,#3753,#3754,#3755,#3756,#3757,#3758));
#406=EDGE_LOOP('',(#3759));
#407=EDGE_LOOP('',(#3760));
#408=EDGE_LOOP('',(#3761));
#409=EDGE_LOOP('',(#3762));
#410=EDGE_LOOP('',(#3763,#3764,#3765,#3766,#3767,#3768,#3769,#3770));
#411=EDGE_LOOP('',(#3771,#3772,#3773,#3774));
#412=EDGE_LOOP('',(#3775,#3776,#3777,#3778));
#413=EDGE_LOOP('',(#3779,#3780,#3781,#3782));
#414=EDGE_LOOP('',(#3783,#3784,#3785,#3786));
#415=EDGE_LOOP('',(#3787,#3788,#3789,#3790));
#416=EDGE_LOOP('',(#3791,#3792,#3793,#3794));
#417=EDGE_LOOP('',(#3795,#3796,#3797,#3798));
#418=EDGE_LOOP('',(#3799,#3800,#3801,#3802));
#419=EDGE_LOOP('',(#3803,#3804,#3805,#3806));
#420=EDGE_LOOP('',(#3807,#3808,#3809,#3810));
#421=EDGE_LOOP('',(#3811,#3812,#3813,#3814));
#422=EDGE_LOOP('',(#3815,#3816,#3817,#3818));
#423=EDGE_LOOP('',(#3819,#3820,#3821,#3822));
#424=EDGE_LOOP('',(#3823,#3824,#3825,#3826));
#425=EDGE_LOOP('',(#3827,#3828,#3829,#3830));
#426=EDGE_LOOP('',(#3831,#3832,#3833,#3834));
#427=EDGE_LOOP('',(#3835,#3836,#3837,#3838));
#428=EDGE_LOOP('',(#3839,#3840,#3841,#3842));
#429=EDGE_LOOP('',(#3843,#3844,#3845,#3846));
#430=EDGE_LOOP('',(#3847,#3848,#3849,#3850));
#431=EDGE_LOOP('',(#3851,#3852,#3853,#3854));
#432=EDGE_LOOP('',(#3855,#3856,#3857,#3858));
#433=EDGE_LOOP('',(#3859,#3860,#3861,#3862));
#434=EDGE_LOOP('',(#3863,#3864,#3865,#3866));
#435=EDGE_LOOP('',(#3867,#3868,#3869,#3870));
#436=EDGE_LOOP('',(#3871,#3872,#3873,#3874));
#437=EDGE_LOOP('',(#3875,#3876,#3877,#3878));
#438=EDGE_LOOP('',(#3879,#3880,#3881,#3882));
#439=EDGE_LOOP('',(#3883,#3884,#3885,#3886));
#440=EDGE_LOOP('',(#3887,#3888,#3889,#3890));
#441=EDGE_LOOP('',(#3891,#3892,#3893,#3894));
#442=EDGE_LOOP('',(#3895,#3896,#3897,#3898));
#443=EDGE_LOOP('',(#3899,#3900,#3901,#3902));
#444=EDGE_LOOP('',(#3903,#3904,#3905,#3906));
#445=EDGE_LOOP('',(#3907,#3908,#3909,#3910));
#446=EDGE_LOOP('',(#3911,#3912,#3913,#3914));
#447=EDGE_LOOP('',(#3915,#3916,#3917,#3918));
#448=EDGE_LOOP('',(#3919,#3920,#3921,#3922));
#449=EDGE_LOOP('',(#3923,#3924,#3925,#3926));
#450=EDGE_LOOP('',(#3927,#3928,#3929,#3930));
#451=EDGE_LOOP('',(#3931,#3932,#3933,#3934));
#452=EDGE_LOOP('',(#3935,#3936,#3937,#3938));
#453=EDGE_LOOP('',(#3939,#3940,#3941,#3942));
#454=EDGE_LOOP('',(#3943,#3944,#3945,#3946));
#455=EDGE_LOOP('',(#3947,#3948,#3949,#3950));
#456=EDGE_LOOP('',(#3951,#3952,#3953,#3954));
#457=EDGE_LOOP('',(#3955,#3956,#3957,#3958));
#458=EDGE_LOOP('',(#3959,#3960,#3961,#3962));
#459=EDGE_LOOP('',(#3963,#3964,#3965,#3966));
#460=EDGE_LOOP('',(#3967,#3968,#3969,#3970));
#461=EDGE_LOOP('',(#3971,#3972,#3973,#3974));
#462=EDGE_LOOP('',(#3975,#3976,#3977,#3978,#3979,#3980,#3981,#3982));
#463=EDGE_LOOP('',(#3983));
#464=EDGE_LOOP('',(#3984));
#465=EDGE_LOOP('',(#3985));
#466=EDGE_LOOP('',(#3986));
#467=LINE('',#5693,#1083);
#468=LINE('',#5695,#1084);
#469=LINE('',#5697,#1085);
#470=LINE('',#5698,#1086);
#471=LINE('',#5701,#1087);
#472=LINE('',#5703,#1088);
#473=LINE('',#5704,#1089);
#474=LINE('',#5708,#1090);
#475=LINE('',#5709,#1091);
#476=LINE('',#5710,#1092);
#477=LINE('',#5712,#1093);
#478=LINE('',#5715,#1094);
#479=LINE('',#5717,#1095);
#480=LINE('',#5719,#1096);
#481=LINE('',#5721,#1097);
#482=LINE('',#5723,#1098);
#483=LINE('',#5725,#1099);
#484=LINE('',#5727,#1100);
#485=LINE('',#5729,#1101);
#486=LINE('',#5731,#1102);
#487=LINE('',#5733,#1103);
#488=LINE('',#5735,#1104);
#489=LINE('',#5737,#1105);
#490=LINE('',#5739,#1106);
#491=LINE('',#5741,#1107);
#492=LINE('',#5743,#1108);
#493=LINE('',#5745,#1109);
#494=LINE('',#5747,#1110);
#495=LINE('',#5749,#1111);
#496=LINE('',#5751,#1112);
#497=LINE('',#5753,#1113);
#498=LINE('',#5755,#1114);
#499=LINE('',#5757,#1115);
#500=LINE('',#5759,#1116);
#501=LINE('',#5761,#1117);
#502=LINE('',#5763,#1118);
#503=LINE('',#5765,#1119);
#504=LINE('',#5767,#1120);
#505=LINE('',#5769,#1121);
#506=LINE('',#5771,#1122);
#507=LINE('',#5773,#1123);
#508=LINE('',#5775,#1124);
#509=LINE('',#5777,#1125);
#510=LINE('',#5779,#1126);
#511=LINE('',#5781,#1127);
#512=LINE('',#5783,#1128);
#513=LINE('',#5785,#1129);
#514=LINE('',#5787,#1130);
#515=LINE('',#5789,#1131);
#516=LINE('',#5791,#1132);
#517=LINE('',#5793,#1133);
#518=LINE('',#5795,#1134);
#519=LINE('',#5797,#1135);
#520=LINE('',#5799,#1136);
#521=LINE('',#5801,#1137);
#522=LINE('',#5803,#1138);
#523=LINE('',#5805,#1139);
#524=LINE('',#5807,#1140);
#525=LINE('',#5809,#1141);
#526=LINE('',#5811,#1142);
#527=LINE('',#5813,#1143);
#528=LINE('',#5815,#1144);
#529=LINE('',#5817,#1145);
#530=LINE('',#5819,#1146);
#531=LINE('',#5821,#1147);
#532=LINE('',#5823,#1148);
#533=LINE('',#5825,#1149);
#534=LINE('',#5827,#1150);
#535=LINE('',#5829,#1151);
#536=LINE('',#5831,#1152);
#537=LINE('',#5833,#1153);
#538=LINE('',#5835,#1154);
#539=LINE('',#5837,#1155);
#540=LINE('',#5839,#1156);
#541=LINE('',#5841,#1157);
#542=LINE('',#5843,#1158);
#543=LINE('',#5845,#1159);
#544=LINE('',#5847,#1160);
#545=LINE('',#5849,#1161);
#546=LINE('',#5851,#1162);
#547=LINE('',#5853,#1163);
#548=LINE('',#5855,#1164);
#549=LINE('',#5857,#1165);
#550=LINE('',#5859,#1166);
#551=LINE('',#5861,#1167);
#552=LINE('',#5863,#1168);
#553=LINE('',#5865,#1169);
#554=LINE('',#5867,#1170);
#555=LINE('',#5869,#1171);
#556=LINE('',#5871,#1172);
#557=LINE('',#5873,#1173);
#558=LINE('',#5875,#1174);
#559=LINE('',#5877,#1175);
#560=LINE('',#5879,#1176);
#561=LINE('',#5881,#1177);
#562=LINE('',#5883,#1178);
#563=LINE('',#5885,#1179);
#564=LINE('',#5887,#1180);
#565=LINE('',#5889,#1181);
#566=LINE('',#5891,#1182);
#567=LINE('',#5893,#1183);
#568=LINE('',#5895,#1184);
#569=LINE('',#5897,#1185);
#570=LINE('',#5899,#1186);
#571=LINE('',#5901,#1187);
#572=LINE('',#5903,#1188);
#573=LINE('',#5905,#1189);
#574=LINE('',#5906,#1190);
#575=LINE('',#5910,#1191);
#576=LINE('',#5912,#1192);
#577=LINE('',#5914,#1193);
#578=LINE('',#5915,#1194);
#579=LINE('',#5919,#1195);
#580=LINE('',#5921,#1196);
#581=LINE('',#5923,#1197);
#582=LINE('',#5924,#1198);
#583=LINE('',#5926,#1199);
#584=LINE('',#5927,#1200);
#585=LINE('',#5929,#1201);
#586=LINE('',#5932,#1202);
#587=LINE('',#5934,#1203);
#588=LINE('',#5936,#1204);
#589=LINE('',#5938,#1205);
#590=LINE('',#5940,#1206);
#591=LINE('',#5942,#1207);
#592=LINE('',#5944,#1208);
#593=LINE('',#5946,#1209);
#594=LINE('',#5948,#1210);
#595=LINE('',#5950,#1211);
#596=LINE('',#5952,#1212);
#597=LINE('',#5954,#1213);
#598=LINE('',#5956,#1214);
#599=LINE('',#5958,#1215);
#600=LINE('',#5960,#1216);
#601=LINE('',#5962,#1217);
#602=LINE('',#5964,#1218);
#603=LINE('',#5966,#1219);
#604=LINE('',#5968,#1220);
#605=LINE('',#5970,#1221);
#606=LINE('',#5972,#1222);
#607=LINE('',#5974,#1223);
#608=LINE('',#5976,#1224);
#609=LINE('',#5978,#1225);
#610=LINE('',#5980,#1226);
#611=LINE('',#5982,#1227);
#612=LINE('',#5984,#1228);
#613=LINE('',#5986,#1229);
#614=LINE('',#5988,#1230);
#615=LINE('',#5990,#1231);
#616=LINE('',#5992,#1232);
#617=LINE('',#5994,#1233);
#618=LINE('',#5996,#1234);
#619=LINE('',#5998,#1235);
#620=LINE('',#6000,#1236);
#621=LINE('',#6002,#1237);
#622=LINE('',#6004,#1238);
#623=LINE('',#6006,#1239);
#624=LINE('',#6008,#1240);
#625=LINE('',#6010,#1241);
#626=LINE('',#6012,#1242);
#627=LINE('',#6014,#1243);
#628=LINE('',#6016,#1244);
#629=LINE('',#6018,#1245);
#630=LINE('',#6020,#1246);
#631=LINE('',#6022,#1247);
#632=LINE('',#6024,#1248);
#633=LINE('',#6026,#1249);
#634=LINE('',#6028,#1250);
#635=LINE('',#6030,#1251);
#636=LINE('',#6032,#1252);
#637=LINE('',#6034,#1253);
#638=LINE('',#6036,#1254);
#639=LINE('',#6038,#1255);
#640=LINE('',#6040,#1256);
#641=LINE('',#6042,#1257);
#642=LINE('',#6044,#1258);
#643=LINE('',#6046,#1259);
#644=LINE('',#6048,#1260);
#645=LINE('',#6050,#1261);
#646=LINE('',#6052,#1262);
#647=LINE('',#6054,#1263);
#648=LINE('',#6056,#1264);
#649=LINE('',#6058,#1265);
#650=LINE('',#6060,#1266);
#651=LINE('',#6062,#1267);
#652=LINE('',#6064,#1268);
#653=LINE('',#6066,#1269);
#654=LINE('',#6068,#1270);
#655=LINE('',#6070,#1271);
#656=LINE('',#6072,#1272);
#657=LINE('',#6074,#1273);
#658=LINE('',#6076,#1274);
#659=LINE('',#6078,#1275);
#660=LINE('',#6080,#1276);
#661=LINE('',#6082,#1277);
#662=LINE('',#6084,#1278);
#663=LINE('',#6086,#1279);
#664=LINE('',#6088,#1280);
#665=LINE('',#6090,#1281);
#666=LINE('',#6092,#1282);
#667=LINE('',#6094,#1283);
#668=LINE('',#6096,#1284);
#669=LINE('',#6098,#1285);
#670=LINE('',#6100,#1286);
#671=LINE('',#6102,#1287);
#672=LINE('',#6104,#1288);
#673=LINE('',#6106,#1289);
#674=LINE('',#6108,#1290);
#675=LINE('',#6110,#1291);
#676=LINE('',#6112,#1292);
#677=LINE('',#6114,#1293);
#678=LINE('',#6116,#1294);
#679=LINE('',#6118,#1295);
#680=LINE('',#6120,#1296);
#681=LINE('',#6122,#1297);
#682=LINE('',#6123,#1298);
#683=LINE('',#6127,#1299);
#684=LINE('',#6129,#1300);
#685=LINE('',#6131,#1301);
#686=LINE('',#6132,#1302);
#687=LINE('',#6134,#1303);
#688=LINE('',#6135,#1304);
#689=LINE('',#6137,#1305);
#690=LINE('',#6139,#1306);
#691=LINE('',#6142,#1307);
#692=LINE('',#6144,#1308);
#693=LINE('',#6145,#1309);
#694=LINE('',#6148,#1310);
#695=LINE('',#6150,#1311);
#696=LINE('',#6151,#1312);
#697=LINE('',#6153,#1313);
#698=LINE('',#6155,#1314);
#699=LINE('',#6158,#1315);
#700=LINE('',#6160,#1316);
#701=LINE('',#6161,#1317);
#702=LINE('',#6164,#1318);
#703=LINE('',#6166,#1319);
#704=LINE('',#6167,#1320);
#705=LINE('',#6169,#1321);
#706=LINE('',#6171,#1322);
#707=LINE('',#6175,#1323);
#708=LINE('',#6177,#1324);
#709=LINE('',#6179,#1325);
#710=LINE('',#6180,#1326);
#711=LINE('',#6182,#1327);
#712=LINE('',#6183,#1328);
#713=LINE('',#6185,#1329);
#714=LINE('',#6187,#1330);
#715=LINE('',#6191,#1331);
#716=LINE('',#6193,#1332);
#717=LINE('',#6195,#1333);
#718=LINE('',#6196,#1334);
#719=LINE('',#6198,#1335);
#720=LINE('',#6199,#1336);
#721=LINE('',#6201,#1337);
#722=LINE('',#6203,#1338);
#723=LINE('',#6206,#1339);
#724=LINE('',#6208,#1340);
#725=LINE('',#6209,#1341);
#726=LINE('',#6212,#1342);
#727=LINE('',#6213,#1343);
#728=LINE('',#6216,#1344);
#729=LINE('',#6217,#1345);
#730=LINE('',#6219,#1346);
#731=LINE('',#6222,#1347);
#732=LINE('',#6224,#1348);
#733=LINE('',#6225,#1349);
#734=LINE('',#6228,#1350);
#735=LINE('',#6229,#1351);
#736=LINE('',#6232,#1352);
#737=LINE('',#6233,#1353);
#738=LINE('',#6235,#1354);
#739=LINE('',#6239,#1355);
#740=LINE('',#6241,#1356);
#741=LINE('',#6243,#1357);
#742=LINE('',#6244,#1358);
#743=LINE('',#6246,#1359);
#744=LINE('',#6247,#1360);
#745=LINE('',#6249,#1361);
#746=LINE('',#6251,#1362);
#747=LINE('',#6254,#1363);
#748=LINE('',#6256,#1364);
#749=LINE('',#6257,#1365);
#750=LINE('',#6260,#1366);
#751=LINE('',#6262,#1367);
#752=LINE('',#6263,#1368);
#753=LINE('',#6265,#1369);
#754=LINE('',#6266,#1370);
#755=LINE('',#6270,#1371);
#756=LINE('',#6272,#1372);
#757=LINE('',#6273,#1373);
#758=LINE('',#6276,#1374);
#759=LINE('',#6278,#1375);
#760=LINE('',#6279,#1376);
#761=LINE('',#6281,#1377);
#762=LINE('',#6283,#1378);
#763=LINE('',#6286,#1379);
#764=LINE('',#6288,#1380);
#765=LINE('',#6289,#1381);
#766=LINE('',#6292,#1382);
#767=LINE('',#6293,#1383);
#768=LINE('',#6296,#1384);
#769=LINE('',#6297,#1385);
#770=LINE('',#6299,#1386);
#771=LINE('',#6302,#1387);
#772=LINE('',#6304,#1388);
#773=LINE('',#6305,#1389);
#774=LINE('',#6308,#1390);
#775=LINE('',#6309,#1391);
#776=LINE('',#6312,#1392);
#777=LINE('',#6313,#1393);
#778=LINE('',#6315,#1394);
#779=LINE('',#6318,#1395);
#780=LINE('',#6320,#1396);
#781=LINE('',#6321,#1397);
#782=LINE('',#6324,#1398);
#783=LINE('',#6326,#1399);
#784=LINE('',#6327,#1400);
#785=LINE('',#6329,#1401);
#786=LINE('',#6331,#1402);
#787=LINE('',#6334,#1403);
#788=LINE('',#6336,#1404);
#789=LINE('',#6337,#1405);
#790=LINE('',#6340,#1406);
#791=LINE('',#6342,#1407);
#792=LINE('',#6343,#1408);
#793=LINE('',#6345,#1409);
#794=LINE('',#6347,#1410);
#795=LINE('',#6350,#1411);
#796=LINE('',#6352,#1412);
#797=LINE('',#6353,#1413);
#798=LINE('',#6356,#1414);
#799=LINE('',#6358,#1415);
#800=LINE('',#6359,#1416);
#801=LINE('',#6361,#1417);
#802=LINE('',#6363,#1418);
#803=LINE('',#6366,#1419);
#804=LINE('',#6368,#1420);
#805=LINE('',#6369,#1421);
#806=LINE('',#6372,#1422);
#807=LINE('',#6373,#1423);
#808=LINE('',#6376,#1424);
#809=LINE('',#6377,#1425);
#810=LINE('',#6379,#1426);
#811=LINE('',#6382,#1427);
#812=LINE('',#6384,#1428);
#813=LINE('',#6385,#1429);
#814=LINE('',#6388,#1430);
#815=LINE('',#6390,#1431);
#816=LINE('',#6391,#1432);
#817=LINE('',#6393,#1433);
#818=LINE('',#6395,#1434);
#819=LINE('',#6398,#1435);
#820=LINE('',#6400,#1436);
#821=LINE('',#6401,#1437);
#822=LINE('',#6404,#1438);
#823=LINE('',#6406,#1439);
#824=LINE('',#6407,#1440);
#825=LINE('',#6409,#1441);
#826=LINE('',#6411,#1442);
#827=LINE('',#6414,#1443);
#828=LINE('',#6416,#1444);
#829=LINE('',#6417,#1445);
#830=LINE('',#6420,#1446);
#831=LINE('',#6422,#1447);
#832=LINE('',#6423,#1448);
#833=LINE('',#6425,#1449);
#834=LINE('',#6427,#1450);
#835=LINE('',#6430,#1451);
#836=LINE('',#6432,#1452);
#837=LINE('',#6433,#1453);
#838=LINE('',#6436,#1454);
#839=LINE('',#6438,#1455);
#840=LINE('',#6439,#1456);
#841=LINE('',#6441,#1457);
#842=LINE('',#6443,#1458);
#843=LINE('',#6446,#1459);
#844=LINE('',#6448,#1460);
#845=LINE('',#6449,#1461);
#846=LINE('',#6452,#1462);
#847=LINE('',#6453,#1463);
#848=LINE('',#6456,#1464);
#849=LINE('',#6457,#1465);
#850=LINE('',#6459,#1466);
#851=LINE('',#6462,#1467);
#852=LINE('',#6464,#1468);
#853=LINE('',#6465,#1469);
#854=LINE('',#6468,#1470);
#855=LINE('',#6469,#1471);
#856=LINE('',#6472,#1472);
#857=LINE('',#6473,#1473);
#858=LINE('',#6475,#1474);
#859=LINE('',#6478,#1475);
#860=LINE('',#6480,#1476);
#861=LINE('',#6481,#1477);
#862=LINE('',#6484,#1478);
#863=LINE('',#6486,#1479);
#864=LINE('',#6487,#1480);
#865=LINE('',#6489,#1481);
#866=LINE('',#6491,#1482);
#867=LINE('',#6494,#1483);
#868=LINE('',#6496,#1484);
#869=LINE('',#6497,#1485);
#870=LINE('',#6500,#1486);
#871=LINE('',#6502,#1487);
#872=LINE('',#6503,#1488);
#873=LINE('',#6505,#1489);
#874=LINE('',#6507,#1490);
#875=LINE('',#6510,#1491);
#876=LINE('',#6512,#1492);
#877=LINE('',#6513,#1493);
#878=LINE('',#6516,#1494);
#879=LINE('',#6517,#1495);
#880=LINE('',#6520,#1496);
#881=LINE('',#6521,#1497);
#882=LINE('',#6523,#1498);
#883=LINE('',#6526,#1499);
#884=LINE('',#6528,#1500);
#885=LINE('',#6529,#1501);
#886=LINE('',#6532,#1502);
#887=LINE('',#6533,#1503);
#888=LINE('',#6536,#1504);
#889=LINE('',#6537,#1505);
#890=LINE('',#6539,#1506);
#891=LINE('',#6542,#1507);
#892=LINE('',#6544,#1508);
#893=LINE('',#6545,#1509);
#894=LINE('',#6548,#1510);
#895=LINE('',#6549,#1511);
#896=LINE('',#6552,#1512);
#897=LINE('',#6553,#1513);
#898=LINE('',#6555,#1514);
#899=LINE('',#6559,#1515);
#900=LINE('',#6561,#1516);
#901=LINE('',#6563,#1517);
#902=LINE('',#6564,#1518);
#903=LINE('',#6566,#1519);
#904=LINE('',#6567,#1520);
#905=LINE('',#6569,#1521);
#906=LINE('',#6571,#1522);
#907=LINE('',#6574,#1523);
#908=LINE('',#6576,#1524);
#909=LINE('',#6577,#1525);
#910=LINE('',#6580,#1526);
#911=LINE('',#6582,#1527);
#912=LINE('',#6583,#1528);
#913=LINE('',#6585,#1529);
#914=LINE('',#6587,#1530);
#915=LINE('',#6590,#1531);
#916=LINE('',#6592,#1532);
#917=LINE('',#6593,#1533);
#918=LINE('',#6596,#1534);
#919=LINE('',#6597,#1535);
#920=LINE('',#6600,#1536);
#921=LINE('',#6601,#1537);
#922=LINE('',#6603,#1538);
#923=LINE('',#6607,#1539);
#924=LINE('',#6609,#1540);
#925=LINE('',#6611,#1541);
#926=LINE('',#6612,#1542);
#927=LINE('',#6614,#1543);
#928=LINE('',#6615,#1544);
#929=LINE('',#6617,#1545);
#930=LINE('',#6619,#1546);
#931=LINE('',#6623,#1547);
#932=LINE('',#6625,#1548);
#933=LINE('',#6627,#1549);
#934=LINE('',#6628,#1550);
#935=LINE('',#6630,#1551);
#936=LINE('',#6631,#1552);
#937=LINE('',#6633,#1553);
#938=LINE('',#6635,#1554);
#939=LINE('',#6638,#1555);
#940=LINE('',#6640,#1556);
#941=LINE('',#6641,#1557);
#942=LINE('',#6644,#1558);
#943=LINE('',#6646,#1559);
#944=LINE('',#6647,#1560);
#945=LINE('',#6649,#1561);
#946=LINE('',#6651,#1562);
#947=LINE('',#6654,#1563);
#948=LINE('',#6656,#1564);
#949=LINE('',#6657,#1565);
#950=LINE('',#6660,#1566);
#951=LINE('',#6662,#1567);
#952=LINE('',#6663,#1568);
#953=LINE('',#6665,#1569);
#954=LINE('',#6667,#1570);
#955=LINE('',#6670,#1571);
#956=LINE('',#6672,#1572);
#957=LINE('',#6673,#1573);
#958=LINE('',#6676,#1574);
#959=LINE('',#6677,#1575);
#960=LINE('',#6680,#1576);
#961=LINE('',#6681,#1577);
#962=LINE('',#6683,#1578);
#963=LINE('',#6686,#1579);
#964=LINE('',#6688,#1580);
#965=LINE('',#6689,#1581);
#966=LINE('',#6692,#1582);
#967=LINE('',#6694,#1583);
#968=LINE('',#6695,#1584);
#969=LINE('',#6697,#1585);
#970=LINE('',#6699,#1586);
#971=LINE('',#6702,#1587);
#972=LINE('',#6704,#1588);
#973=LINE('',#6705,#1589);
#974=LINE('',#6708,#1590);
#975=LINE('',#6709,#1591);
#976=LINE('',#6712,#1592);
#977=LINE('',#6713,#1593);
#978=LINE('',#6715,#1594);
#979=LINE('',#6718,#1595);
#980=LINE('',#6720,#1596);
#981=LINE('',#6721,#1597);
#982=LINE('',#6723,#1598);
#983=LINE('',#6725,#1599);
#984=LINE('',#6726,#1600);
#985=LINE('',#6728,#1601);
#986=LINE('',#6730,#1602);
#987=LINE('',#6731,#1603);
#988=LINE('',#6732,#1604);
#989=LINE('',#6734,#1605);
#990=LINE('',#6736,#1606);
#991=LINE('',#6737,#1607);
#992=LINE('',#6739,#1608);
#993=LINE('',#6741,#1609);
#994=LINE('',#6742,#1610);
#995=LINE('',#6744,#1611);
#996=LINE('',#6746,#1612);
#997=LINE('',#6747,#1613);
#998=LINE('',#6749,#1614);
#999=LINE('',#6751,#1615);
#1000=LINE('',#6752,#1616);
#1001=LINE('',#6753,#1617);
#1002=LINE('',#6755,#1618);
#1003=LINE('',#6757,#1619);
#1004=LINE('',#6758,#1620);
#1005=LINE('',#6760,#1621);
#1006=LINE('',#6762,#1622);
#1007=LINE('',#6763,#1623);
#1008=LINE('',#6774,#1624);
#1009=LINE('',#6776,#1625);
#1010=LINE('',#6778,#1626);
#1011=LINE('',#6780,#1627);
#1012=LINE('',#6782,#1628);
#1013=LINE('',#6784,#1629);
#1014=LINE('',#6786,#1630);
#1015=LINE('',#6787,#1631);
#1016=LINE('',#6790,#1632);
#1017=LINE('',#6791,#1633);
#1018=LINE('',#6794,#1634);
#1019=LINE('',#6795,#1635);
#1020=LINE('',#6797,#1636);
#1021=LINE('',#6801,#1637);
#1022=LINE('',#6802,#1638);
#1023=LINE('',#6805,#1639);
#1024=LINE('',#6806,#1640);
#1025=LINE('',#6808,#1641);
#1026=LINE('',#6812,#1642);
#1027=LINE('',#6813,#1643);
#1028=LINE('',#6816,#1644);
#1029=LINE('',#6817,#1645);
#1030=LINE('',#6819,#1646);
#1031=LINE('',#6823,#1647);
#1032=LINE('',#6825,#1648);
#1033=LINE('',#6826,#1649);
#1034=LINE('',#6828,#1650);
#1035=LINE('',#6830,#1651);
#1036=LINE('',#6834,#1652);
#1037=LINE('',#6836,#1653);
#1038=LINE('',#6837,#1654);
#1039=LINE('',#6839,#1655);
#1040=LINE('',#6841,#1656);
#1041=LINE('',#6845,#1657);
#1042=LINE('',#6846,#1658);
#1043=LINE('',#6849,#1659);
#1044=LINE('',#6850,#1660);
#1045=LINE('',#6852,#1661);
#1046=LINE('',#6856,#1662);
#1047=LINE('',#6857,#1663);
#1048=LINE('',#6860,#1664);
#1049=LINE('',#6861,#1665);
#1050=LINE('',#6863,#1666);
#1051=LINE('',#6867,#1667);
#1052=LINE('',#6868,#1668);
#1053=LINE('',#6871,#1669);
#1054=LINE('',#6872,#1670);
#1055=LINE('',#6874,#1671);
#1056=LINE('',#6878,#1672);
#1057=LINE('',#6879,#1673);
#1058=LINE('',#6882,#1674);
#1059=LINE('',#6883,#1675);
#1060=LINE('',#6885,#1676);
#1061=LINE('',#6890,#1677);
#1062=LINE('',#6894,#1678);
#1063=LINE('',#6898,#1679);
#1064=LINE('',#6902,#1680);
#1065=LINE('',#6905,#1681);
#1066=LINE('',#6907,#1682);
#1067=LINE('',#6908,#1683);
#1068=LINE('',#6911,#1684);
#1069=LINE('',#6912,#1685);
#1070=LINE('',#6915,#1686);
#1071=LINE('',#6916,#1687);
#1072=LINE('',#6919,#1688);
#1073=LINE('',#6920,#1689);
#1074=LINE('',#6923,#1690);
#1075=LINE('',#6924,#1691);
#1076=LINE('',#6927,#1692);
#1077=LINE('',#6928,#1693);
#1078=LINE('',#6931,#1694);
#1079=LINE('',#6932,#1695);
#1080=LINE('',#6934,#1696);
#1081=LINE('',#6936,#1697);
#1082=LINE('',#6938,#1698);
#1083=VECTOR('',#4639,10.);
#1084=VECTOR('',#4640,10.);
#1085=VECTOR('',#4641,10.);
#1086=VECTOR('',#4642,10.);
#1087=VECTOR('',#4645,10.);
#1088=VECTOR('',#4646,10.);
#1089=VECTOR('',#4647,10.);
#1090=VECTOR('',#4650,10.);
#1091=VECTOR('',#4651,10.);
#1092=VECTOR('',#4652,10.);
#1093=VECTOR('',#4655,10.);
#1094=VECTOR('',#4658,10.);
#1095=VECTOR('',#4659,10.);
#1096=VECTOR('',#4660,10.);
#1097=VECTOR('',#4661,10.);
#1098=VECTOR('',#4662,10.);
#1099=VECTOR('',#4663,10.);
#1100=VECTOR('',#4664,10.);
#1101=VECTOR('',#4665,10.);
#1102=VECTOR('',#4666,10.);
#1103=VECTOR('',#4667,10.);
#1104=VECTOR('',#4668,10.);
#1105=VECTOR('',#4669,10.);
#1106=VECTOR('',#4670,10.);
#1107=VECTOR('',#4671,10.);
#1108=VECTOR('',#4672,10.);
#1109=VECTOR('',#4673,10.);
#1110=VECTOR('',#4674,10.);
#1111=VECTOR('',#4675,10.);
#1112=VECTOR('',#4676,10.);
#1113=VECTOR('',#4677,10.);
#1114=VECTOR('',#4678,10.);
#1115=VECTOR('',#4679,10.);
#1116=VECTOR('',#4680,10.);
#1117=VECTOR('',#4681,10.);
#1118=VECTOR('',#4682,10.);
#1119=VECTOR('',#4683,10.);
#1120=VECTOR('',#4684,10.);
#1121=VECTOR('',#4685,10.);
#1122=VECTOR('',#4686,10.);
#1123=VECTOR('',#4687,10.);
#1124=VECTOR('',#4688,10.);
#1125=VECTOR('',#4689,10.);
#1126=VECTOR('',#4690,10.);
#1127=VECTOR('',#4691,10.);
#1128=VECTOR('',#4692,10.);
#1129=VECTOR('',#4693,10.);
#1130=VECTOR('',#4694,10.);
#1131=VECTOR('',#4695,10.);
#1132=VECTOR('',#4696,10.);
#1133=VECTOR('',#4697,10.);
#1134=VECTOR('',#4698,10.);
#1135=VECTOR('',#4699,10.);
#1136=VECTOR('',#4700,10.);
#1137=VECTOR('',#4701,10.);
#1138=VECTOR('',#4702,10.);
#1139=VECTOR('',#4703,10.);
#1140=VECTOR('',#4704,10.);
#1141=VECTOR('',#4705,10.);
#1142=VECTOR('',#4706,10.);
#1143=VECTOR('',#4707,10.);
#1144=VECTOR('',#4708,10.);
#1145=VECTOR('',#4709,10.);
#1146=VECTOR('',#4710,10.);
#1147=VECTOR('',#4711,10.);
#1148=VECTOR('',#4712,10.);
#1149=VECTOR('',#4713,10.);
#1150=VECTOR('',#4714,10.);
#1151=VECTOR('',#4715,10.);
#1152=VECTOR('',#4716,10.);
#1153=VECTOR('',#4717,10.);
#1154=VECTOR('',#4718,10.);
#1155=VECTOR('',#4719,10.);
#1156=VECTOR('',#4720,10.);
#1157=VECTOR('',#4721,10.);
#1158=VECTOR('',#4722,10.);
#1159=VECTOR('',#4723,10.);
#1160=VECTOR('',#4724,10.);
#1161=VECTOR('',#4725,10.);
#1162=VECTOR('',#4726,10.);
#1163=VECTOR('',#4727,10.);
#1164=VECTOR('',#4728,10.);
#1165=VECTOR('',#4729,10.);
#1166=VECTOR('',#4730,10.);
#1167=VECTOR('',#4731,10.);
#1168=VECTOR('',#4732,10.);
#1169=VECTOR('',#4733,10.);
#1170=VECTOR('',#4734,10.);
#1171=VECTOR('',#4735,10.);
#1172=VECTOR('',#4736,10.);
#1173=VECTOR('',#4737,10.);
#1174=VECTOR('',#4738,10.);
#1175=VECTOR('',#4739,10.);
#1176=VECTOR('',#4740,10.);
#1177=VECTOR('',#4741,10.);
#1178=VECTOR('',#4742,10.);
#1179=VECTOR('',#4743,10.);
#1180=VECTOR('',#4744,10.);
#1181=VECTOR('',#4745,10.);
#1182=VECTOR('',#4746,10.);
#1183=VECTOR('',#4747,10.);
#1184=VECTOR('',#4748,10.);
#1185=VECTOR('',#4749,10.);
#1186=VECTOR('',#4750,10.);
#1187=VECTOR('',#4751,10.);
#1188=VECTOR('',#4752,10.);
#1189=VECTOR('',#4753,10.);
#1190=VECTOR('',#4754,10.);
#1191=VECTOR('',#4757,10.);
#1192=VECTOR('',#4758,10.);
#1193=VECTOR('',#4759,10.);
#1194=VECTOR('',#4760,10.);
#1195=VECTOR('',#4763,10.);
#1196=VECTOR('',#4764,10.);
#1197=VECTOR('',#4765,10.);
#1198=VECTOR('',#4766,10.);
#1199=VECTOR('',#4769,10.);
#1200=VECTOR('',#4770,10.);
#1201=VECTOR('',#4773,10.);
#1202=VECTOR('',#4776,10.);
#1203=VECTOR('',#4777,10.);
#1204=VECTOR('',#4778,10.);
#1205=VECTOR('',#4779,10.);
#1206=VECTOR('',#4780,10.);
#1207=VECTOR('',#4781,10.);
#1208=VECTOR('',#4782,10.);
#1209=VECTOR('',#4783,10.);
#1210=VECTOR('',#4784,10.);
#1211=VECTOR('',#4785,10.);
#1212=VECTOR('',#4786,10.);
#1213=VECTOR('',#4787,10.);
#1214=VECTOR('',#4788,10.);
#1215=VECTOR('',#4789,10.);
#1216=VECTOR('',#4790,10.);
#1217=VECTOR('',#4791,10.);
#1218=VECTOR('',#4792,10.);
#1219=VECTOR('',#4793,10.);
#1220=VECTOR('',#4794,10.);
#1221=VECTOR('',#4795,10.);
#1222=VECTOR('',#4796,10.);
#1223=VECTOR('',#4797,10.);
#1224=VECTOR('',#4798,10.);
#1225=VECTOR('',#4799,10.);
#1226=VECTOR('',#4800,10.);
#1227=VECTOR('',#4801,10.);
#1228=VECTOR('',#4802,10.);
#1229=VECTOR('',#4803,10.);
#1230=VECTOR('',#4804,10.);
#1231=VECTOR('',#4805,10.);
#1232=VECTOR('',#4806,10.);
#1233=VECTOR('',#4807,10.);
#1234=VECTOR('',#4808,10.);
#1235=VECTOR('',#4809,10.);
#1236=VECTOR('',#4810,10.);
#1237=VECTOR('',#4811,10.);
#1238=VECTOR('',#4812,10.);
#1239=VECTOR('',#4813,10.);
#1240=VECTOR('',#4814,10.);
#1241=VECTOR('',#4815,10.);
#1242=VECTOR('',#4816,10.);
#1243=VECTOR('',#4817,10.);
#1244=VECTOR('',#4818,10.);
#1245=VECTOR('',#4819,10.);
#1246=VECTOR('',#4820,10.);
#1247=VECTOR('',#4821,10.);
#1248=VECTOR('',#4822,10.);
#1249=VECTOR('',#4823,10.);
#1250=VECTOR('',#4824,10.);
#1251=VECTOR('',#4825,10.);
#1252=VECTOR('',#4826,10.);
#1253=VECTOR('',#4827,10.);
#1254=VECTOR('',#4828,10.);
#1255=VECTOR('',#4829,10.);
#1256=VECTOR('',#4830,10.);
#1257=VECTOR('',#4831,10.);
#1258=VECTOR('',#4832,10.);
#1259=VECTOR('',#4833,10.);
#1260=VECTOR('',#4834,10.);
#1261=VECTOR('',#4835,10.);
#1262=VECTOR('',#4836,10.);
#1263=VECTOR('',#4837,10.);
#1264=VECTOR('',#4838,10.);
#1265=VECTOR('',#4839,10.);
#1266=VECTOR('',#4840,10.);
#1267=VECTOR('',#4841,10.);
#1268=VECTOR('',#4842,10.);
#1269=VECTOR('',#4843,10.);
#1270=VECTOR('',#4844,10.);
#1271=VECTOR('',#4845,10.);
#1272=VECTOR('',#4846,10.);
#1273=VECTOR('',#4847,10.);
#1274=VECTOR('',#4848,10.);
#1275=VECTOR('',#4849,10.);
#1276=VECTOR('',#4850,10.);
#1277=VECTOR('',#4851,10.);
#1278=VECTOR('',#4852,10.);
#1279=VECTOR('',#4853,10.);
#1280=VECTOR('',#4854,10.);
#1281=VECTOR('',#4855,10.);
#1282=VECTOR('',#4856,10.);
#1283=VECTOR('',#4857,10.);
#1284=VECTOR('',#4858,10.);
#1285=VECTOR('',#4859,10.);
#1286=VECTOR('',#4860,10.);
#1287=VECTOR('',#4861,10.);
#1288=VECTOR('',#4862,10.);
#1289=VECTOR('',#4863,10.);
#1290=VECTOR('',#4864,10.);
#1291=VECTOR('',#4865,10.);
#1292=VECTOR('',#4866,10.);
#1293=VECTOR('',#4867,10.);
#1294=VECTOR('',#4868,10.);
#1295=VECTOR('',#4869,10.);
#1296=VECTOR('',#4870,10.);
#1297=VECTOR('',#4871,10.);
#1298=VECTOR('',#4872,10.);
#1299=VECTOR('',#4875,10.);
#1300=VECTOR('',#4876,10.);
#1301=VECTOR('',#4877,10.);
#1302=VECTOR('',#4878,10.);
#1303=VECTOR('',#4881,10.);
#1304=VECTOR('',#4882,10.);
#1305=VECTOR('',#4885,10.);
#1306=VECTOR('',#4888,10.);
#1307=VECTOR('',#4891,10.);
#1308=VECTOR('',#4892,10.);
#1309=VECTOR('',#4893,10.);
#1310=VECTOR('',#4896,10.);
#1311=VECTOR('',#4897,10.);
#1312=VECTOR('',#4898,10.);
#1313=VECTOR('',#4901,10.);
#1314=VECTOR('',#4904,10.);
#1315=VECTOR('',#4907,10.);
#1316=VECTOR('',#4908,10.);
#1317=VECTOR('',#4909,10.);
#1318=VECTOR('',#4912,10.);
#1319=VECTOR('',#4913,10.);
#1320=VECTOR('',#4914,10.);
#1321=VECTOR('',#4917,10.);
#1322=VECTOR('',#4920,10.);
#1323=VECTOR('',#4923,10.);
#1324=VECTOR('',#4924,10.);
#1325=VECTOR('',#4925,10.);
#1326=VECTOR('',#4926,10.);
#1327=VECTOR('',#4929,10.);
#1328=VECTOR('',#4930,10.);
#1329=VECTOR('',#4933,10.);
#1330=VECTOR('',#4936,10.);
#1331=VECTOR('',#4939,10.);
#1332=VECTOR('',#4940,10.);
#1333=VECTOR('',#4941,10.);
#1334=VECTOR('',#4942,10.);
#1335=VECTOR('',#4945,10.);
#1336=VECTOR('',#4946,10.);
#1337=VECTOR('',#4949,10.);
#1338=VECTOR('',#4952,10.);
#1339=VECTOR('',#4955,10.);
#1340=VECTOR('',#4956,10.);
#1341=VECTOR('',#4957,10.);
#1342=VECTOR('',#4960,10.);
#1343=VECTOR('',#4961,10.);
#1344=VECTOR('',#4964,10.);
#1345=VECTOR('',#4965,10.);
#1346=VECTOR('',#4968,10.);
#1347=VECTOR('',#4971,10.);
#1348=VECTOR('',#4972,10.);
#1349=VECTOR('',#4973,10.);
#1350=VECTOR('',#4976,10.);
#1351=VECTOR('',#4977,10.);
#1352=VECTOR('',#4980,10.);
#1353=VECTOR('',#4981,10.);
#1354=VECTOR('',#4984,10.);
#1355=VECTOR('',#4987,10.);
#1356=VECTOR('',#4988,10.);
#1357=VECTOR('',#4989,10.);
#1358=VECTOR('',#4990,10.);
#1359=VECTOR('',#4993,10.);
#1360=VECTOR('',#4994,10.);
#1361=VECTOR('',#4997,10.);
#1362=VECTOR('',#5000,10.);
#1363=VECTOR('',#5003,10.);
#1364=VECTOR('',#5004,10.);
#1365=VECTOR('',#5005,10.);
#1366=VECTOR('',#5008,10.);
#1367=VECTOR('',#5009,10.);
#1368=VECTOR('',#5010,10.);
#1369=VECTOR('',#5013,10.);
#1370=VECTOR('',#5014,10.);
#1371=VECTOR('',#5019,10.);
#1372=VECTOR('',#5020,10.);
#1373=VECTOR('',#5021,10.);
#1374=VECTOR('',#5024,10.);
#1375=VECTOR('',#5025,10.);
#1376=VECTOR('',#5026,10.);
#1377=VECTOR('',#5029,10.);
#1378=VECTOR('',#5032,10.);
#1379=VECTOR('',#5035,10.);
#1380=VECTOR('',#5036,10.);
#1381=VECTOR('',#5037,10.);
#1382=VECTOR('',#5040,10.);
#1383=VECTOR('',#5041,10.);
#1384=VECTOR('',#5044,10.);
#1385=VECTOR('',#5045,10.);
#1386=VECTOR('',#5048,10.);
#1387=VECTOR('',#5051,10.);
#1388=VECTOR('',#5052,10.);
#1389=VECTOR('',#5053,10.);
#1390=VECTOR('',#5056,10.);
#1391=VECTOR('',#5057,10.);
#1392=VECTOR('',#5060,10.);
#1393=VECTOR('',#5061,10.);
#1394=VECTOR('',#5064,10.);
#1395=VECTOR('',#5067,10.);
#1396=VECTOR('',#5068,10.);
#1397=VECTOR('',#5069,10.);
#1398=VECTOR('',#5072,10.);
#1399=VECTOR('',#5073,10.);
#1400=VECTOR('',#5074,10.);
#1401=VECTOR('',#5077,10.);
#1402=VECTOR('',#5080,10.);
#1403=VECTOR('',#5083,10.);
#1404=VECTOR('',#5084,10.);
#1405=VECTOR('',#5085,10.);
#1406=VECTOR('',#5088,10.);
#1407=VECTOR('',#5089,10.);
#1408=VECTOR('',#5090,10.);
#1409=VECTOR('',#5093,10.);
#1410=VECTOR('',#5096,10.);
#1411=VECTOR('',#5099,10.);
#1412=VECTOR('',#5100,10.);
#1413=VECTOR('',#5101,10.);
#1414=VECTOR('',#5104,10.);
#1415=VECTOR('',#5105,10.);
#1416=VECTOR('',#5106,10.);
#1417=VECTOR('',#5109,10.);
#1418=VECTOR('',#5112,10.);
#1419=VECTOR('',#5115,10.);
#1420=VECTOR('',#5116,10.);
#1421=VECTOR('',#5117,10.);
#1422=VECTOR('',#5120,10.);
#1423=VECTOR('',#5121,10.);
#1424=VECTOR('',#5124,10.);
#1425=VECTOR('',#5125,10.);
#1426=VECTOR('',#5128,10.);
#1427=VECTOR('',#5131,10.);
#1428=VECTOR('',#5132,10.);
#1429=VECTOR('',#5133,10.);
#1430=VECTOR('',#5136,10.);
#1431=VECTOR('',#5137,10.);
#1432=VECTOR('',#5138,10.);
#1433=VECTOR('',#5141,10.);
#1434=VECTOR('',#5144,10.);
#1435=VECTOR('',#5147,10.);
#1436=VECTOR('',#5148,10.);
#1437=VECTOR('',#5149,10.);
#1438=VECTOR('',#5152,10.);
#1439=VECTOR('',#5153,10.);
#1440=VECTOR('',#5154,10.);
#1441=VECTOR('',#5157,10.);
#1442=VECTOR('',#5160,10.);
#1443=VECTOR('',#5163,10.);
#1444=VECTOR('',#5164,10.);
#1445=VECTOR('',#5165,10.);
#1446=VECTOR('',#5168,10.);
#1447=VECTOR('',#5169,10.);
#1448=VECTOR('',#5170,10.);
#1449=VECTOR('',#5173,10.);
#1450=VECTOR('',#5176,10.);
#1451=VECTOR('',#5179,10.);
#1452=VECTOR('',#5180,10.);
#1453=VECTOR('',#5181,10.);
#1454=VECTOR('',#5184,10.);
#1455=VECTOR('',#5185,10.);
#1456=VECTOR('',#5186,10.);
#1457=VECTOR('',#5189,10.);
#1458=VECTOR('',#5192,10.);
#1459=VECTOR('',#5195,10.);
#1460=VECTOR('',#5196,10.);
#1461=VECTOR('',#5197,10.);
#1462=VECTOR('',#5200,10.);
#1463=VECTOR('',#5201,10.);
#1464=VECTOR('',#5204,10.);
#1465=VECTOR('',#5205,10.);
#1466=VECTOR('',#5208,10.);
#1467=VECTOR('',#5211,10.);
#1468=VECTOR('',#5212,10.);
#1469=VECTOR('',#5213,10.);
#1470=VECTOR('',#5216,10.);
#1471=VECTOR('',#5217,10.);
#1472=VECTOR('',#5220,10.);
#1473=VECTOR('',#5221,10.);
#1474=VECTOR('',#5224,10.);
#1475=VECTOR('',#5227,10.);
#1476=VECTOR('',#5228,10.);
#1477=VECTOR('',#5229,10.);
#1478=VECTOR('',#5232,10.);
#1479=VECTOR('',#5233,10.);
#1480=VECTOR('',#5234,10.);
#1481=VECTOR('',#5237,10.);
#1482=VECTOR('',#5240,10.);
#1483=VECTOR('',#5243,10.);
#1484=VECTOR('',#5244,10.);
#1485=VECTOR('',#5245,10.);
#1486=VECTOR('',#5248,10.);
#1487=VECTOR('',#5249,10.);
#1488=VECTOR('',#5250,10.);
#1489=VECTOR('',#5253,10.);
#1490=VECTOR('',#5256,10.);
#1491=VECTOR('',#5259,10.);
#1492=VECTOR('',#5260,10.);
#1493=VECTOR('',#5261,10.);
#1494=VECTOR('',#5264,10.);
#1495=VECTOR('',#5265,10.);
#1496=VECTOR('',#5268,10.);
#1497=VECTOR('',#5269,10.);
#1498=VECTOR('',#5272,10.);
#1499=VECTOR('',#5275,10.);
#1500=VECTOR('',#5276,10.);
#1501=VECTOR('',#5277,10.);
#1502=VECTOR('',#5280,10.);
#1503=VECTOR('',#5281,10.);
#1504=VECTOR('',#5284,10.);
#1505=VECTOR('',#5285,10.);
#1506=VECTOR('',#5288,10.);
#1507=VECTOR('',#5291,10.);
#1508=VECTOR('',#5292,10.);
#1509=VECTOR('',#5293,10.);
#1510=VECTOR('',#5296,10.);
#1511=VECTOR('',#5297,10.);
#1512=VECTOR('',#5300,10.);
#1513=VECTOR('',#5301,10.);
#1514=VECTOR('',#5304,10.);
#1515=VECTOR('',#5307,10.);
#1516=VECTOR('',#5308,10.);
#1517=VECTOR('',#5309,10.);
#1518=VECTOR('',#5310,10.);
#1519=VECTOR('',#5313,10.);
#1520=VECTOR('',#5314,10.);
#1521=VECTOR('',#5317,10.);
#1522=VECTOR('',#5320,10.);
#1523=VECTOR('',#5323,10.);
#1524=VECTOR('',#5324,10.);
#1525=VECTOR('',#5325,10.);
#1526=VECTOR('',#5328,10.);
#1527=VECTOR('',#5329,10.);
#1528=VECTOR('',#5330,10.);
#1529=VECTOR('',#5333,10.);
#1530=VECTOR('',#5336,10.);
#1531=VECTOR('',#5339,10.);
#1532=VECTOR('',#5340,10.);
#1533=VECTOR('',#5341,10.);
#1534=VECTOR('',#5344,10.);
#1535=VECTOR('',#5345,10.);
#1536=VECTOR('',#5348,10.);
#1537=VECTOR('',#5349,10.);
#1538=VECTOR('',#5352,10.);
#1539=VECTOR('',#5355,10.);
#1540=VECTOR('',#5356,10.);
#1541=VECTOR('',#5357,10.);
#1542=VECTOR('',#5358,10.);
#1543=VECTOR('',#5361,10.);
#1544=VECTOR('',#5362,10.);
#1545=VECTOR('',#5365,10.);
#1546=VECTOR('',#5368,10.);
#1547=VECTOR('',#5371,10.);
#1548=VECTOR('',#5372,10.);
#1549=VECTOR('',#5373,10.);
#1550=VECTOR('',#5374,10.);
#1551=VECTOR('',#5377,10.);
#1552=VECTOR('',#5378,10.);
#1553=VECTOR('',#5381,10.);
#1554=VECTOR('',#5384,10.);
#1555=VECTOR('',#5387,10.);
#1556=VECTOR('',#5388,10.);
#1557=VECTOR('',#5389,10.);
#1558=VECTOR('',#5392,10.);
#1559=VECTOR('',#5393,10.);
#1560=VECTOR('',#5394,10.);
#1561=VECTOR('',#5397,10.);
#1562=VECTOR('',#5400,10.);
#1563=VECTOR('',#5403,10.);
#1564=VECTOR('',#5404,10.);
#1565=VECTOR('',#5405,10.);
#1566=VECTOR('',#5408,10.);
#1567=VECTOR('',#5409,10.);
#1568=VECTOR('',#5410,10.);
#1569=VECTOR('',#5413,10.);
#1570=VECTOR('',#5416,10.);
#1571=VECTOR('',#5419,10.);
#1572=VECTOR('',#5420,10.);
#1573=VECTOR('',#5421,10.);
#1574=VECTOR('',#5424,10.);
#1575=VECTOR('',#5425,10.);
#1576=VECTOR('',#5428,10.);
#1577=VECTOR('',#5429,10.);
#1578=VECTOR('',#5432,10.);
#1579=VECTOR('',#5435,10.);
#1580=VECTOR('',#5436,10.);
#1581=VECTOR('',#5437,10.);
#1582=VECTOR('',#5440,10.);
#1583=VECTOR('',#5441,10.);
#1584=VECTOR('',#5442,10.);
#1585=VECTOR('',#5445,10.);
#1586=VECTOR('',#5448,10.);
#1587=VECTOR('',#5451,10.);
#1588=VECTOR('',#5452,10.);
#1589=VECTOR('',#5453,10.);
#1590=VECTOR('',#5456,10.);
#1591=VECTOR('',#5457,10.);
#1592=VECTOR('',#5460,10.);
#1593=VECTOR('',#5461,10.);
#1594=VECTOR('',#5464,10.);
#1595=VECTOR('',#5467,10.);
#1596=VECTOR('',#5468,10.);
#1597=VECTOR('',#5469,10.);
#1598=VECTOR('',#5470,10.);
#1599=VECTOR('',#5471,10.);
#1600=VECTOR('',#5472,10.);
#1601=VECTOR('',#5473,10.);
#1602=VECTOR('',#5474,10.);
#1603=VECTOR('',#5475,10.);
#1604=VECTOR('',#5476,10.);
#1605=VECTOR('',#5477,10.);
#1606=VECTOR('',#5478,10.);
#1607=VECTOR('',#5479,10.);
#1608=VECTOR('',#5480,10.);
#1609=VECTOR('',#5481,10.);
#1610=VECTOR('',#5482,10.);
#1611=VECTOR('',#5483,10.);
#1612=VECTOR('',#5484,10.);
#1613=VECTOR('',#5485,10.);
#1614=VECTOR('',#5486,10.);
#1615=VECTOR('',#5487,10.);
#1616=VECTOR('',#5488,10.);
#1617=VECTOR('',#5489,10.);
#1618=VECTOR('',#5490,10.);
#1619=VECTOR('',#5491,10.);
#1620=VECTOR('',#5492,10.);
#1621=VECTOR('',#5493,10.);
#1622=VECTOR('',#5494,10.);
#1623=VECTOR('',#5495,10.);
#1624=VECTOR('',#5504,10.);
#1625=VECTOR('',#5505,10.);
#1626=VECTOR('',#5506,10.);
#1627=VECTOR('',#5507,10.);
#1628=VECTOR('',#5508,10.);
#1629=VECTOR('',#5509,10.);
#1630=VECTOR('',#5510,10.);
#1631=VECTOR('',#5511,10.);
#1632=VECTOR('',#5514,10.);
#1633=VECTOR('',#5515,10.);
#1634=VECTOR('',#5518,10.);
#1635=VECTOR('',#5519,10.);
#1636=VECTOR('',#5522,10.);
#1637=VECTOR('',#5527,10.);
#1638=VECTOR('',#5528,10.);
#1639=VECTOR('',#5531,10.);
#1640=VECTOR('',#5532,10.);
#1641=VECTOR('',#5535,10.);
#1642=VECTOR('',#5540,10.);
#1643=VECTOR('',#5541,10.);
#1644=VECTOR('',#5544,10.);
#1645=VECTOR('',#5545,10.);
#1646=VECTOR('',#5548,10.);
#1647=VECTOR('',#5553,10.);
#1648=VECTOR('',#5554,10.);
#1649=VECTOR('',#5555,10.);
#1650=VECTOR('',#5558,10.);
#1651=VECTOR('',#5561,10.);
#1652=VECTOR('',#5566,10.);
#1653=VECTOR('',#5567,10.);
#1654=VECTOR('',#5568,10.);
#1655=VECTOR('',#5571,10.);
#1656=VECTOR('',#5574,10.);
#1657=VECTOR('',#5579,10.);
#1658=VECTOR('',#5580,10.);
#1659=VECTOR('',#5583,10.);
#1660=VECTOR('',#5584,10.);
#1661=VECTOR('',#5587,10.);
#1662=VECTOR('',#5592,10.);
#1663=VECTOR('',#5593,10.);
#1664=VECTOR('',#5596,10.);
#1665=VECTOR('',#5597,10.);
#1666=VECTOR('',#5600,10.);
#1667=VECTOR('',#5605,10.);
#1668=VECTOR('',#5606,10.);
#1669=VECTOR('',#5609,10.);
#1670=VECTOR('',#5610,10.);
#1671=VECTOR('',#5613,10.);
#1672=VECTOR('',#5618,10.);
#1673=VECTOR('',#5619,10.);
#1674=VECTOR('',#5622,10.);
#1675=VECTOR('',#5623,10.);
#1676=VECTOR('',#5626,10.);
#1677=VECTOR('',#5633,1.6);
#1678=VECTOR('',#5638,1.6);
#1679=VECTOR('',#5643,1.6);
#1680=VECTOR('',#5648,1.6);
#1681=VECTOR('',#5651,10.);
#1682=VECTOR('',#5652,10.);
#1683=VECTOR('',#5653,10.);
#1684=VECTOR('',#5656,10.);
#1685=VECTOR('',#5657,10.);
#1686=VECTOR('',#5660,10.);
#1687=VECTOR('',#5661,10.);
#1688=VECTOR('',#5664,10.);
#1689=VECTOR('',#5665,10.);
#1690=VECTOR('',#5668,10.);
#1691=VECTOR('',#5669,10.);
#1692=VECTOR('',#5672,10.);
#1693=VECTOR('',#5673,10.);
#1694=VECTOR('',#5676,10.);
#1695=VECTOR('',#5677,10.);
#1696=VECTOR('',#5680,10.);
#1697=VECTOR('',#5683,10.);
#1698=VECTOR('',#5686,10.);
#1699=VERTEX_POINT('',#5691);
#1700=VERTEX_POINT('',#5692);
#1701=VERTEX_POINT('',#5694);
#1702=VERTEX_POINT('',#5696);
#1703=VERTEX_POINT('',#5700);
#1704=VERTEX_POINT('',#5702);
#1705=VERTEX_POINT('',#5706);
#1706=VERTEX_POINT('',#5707);
#1707=VERTEX_POINT('',#5714);
#1708=VERTEX_POINT('',#5716);
#1709=VERTEX_POINT('',#5718);
#1710=VERTEX_POINT('',#5720);
#1711=VERTEX_POINT('',#5722);
#1712=VERTEX_POINT('',#5724);
#1713=VERTEX_POINT('',#5726);
#1714=VERTEX_POINT('',#5728);
#1715=VERTEX_POINT('',#5730);
#1716=VERTEX_POINT('',#5732);
#1717=VERTEX_POINT('',#5734);
#1718=VERTEX_POINT('',#5736);
#1719=VERTEX_POINT('',#5738);
#1720=VERTEX_POINT('',#5740);
#1721=VERTEX_POINT('',#5742);
#1722=VERTEX_POINT('',#5744);
#1723=VERTEX_POINT('',#5746);
#1724=VERTEX_POINT('',#5748);
#1725=VERTEX_POINT('',#5750);
#1726=VERTEX_POINT('',#5752);
#1727=VERTEX_POINT('',#5754);
#1728=VERTEX_POINT('',#5756);
#1729=VERTEX_POINT('',#5758);
#1730=VERTEX_POINT('',#5760);
#1731=VERTEX_POINT('',#5762);
#1732=VERTEX_POINT('',#5764);
#1733=VERTEX_POINT('',#5766);
#1734=VERTEX_POINT('',#5768);
#1735=VERTEX_POINT('',#5770);
#1736=VERTEX_POINT('',#5772);
#1737=VERTEX_POINT('',#5774);
#1738=VERTEX_POINT('',#5776);
#1739=VERTEX_POINT('',#5778);
#1740=VERTEX_POINT('',#5780);
#1741=VERTEX_POINT('',#5782);
#1742=VERTEX_POINT('',#5784);
#1743=VERTEX_POINT('',#5786);
#1744=VERTEX_POINT('',#5788);
#1745=VERTEX_POINT('',#5790);
#1746=VERTEX_POINT('',#5792);
#1747=VERTEX_POINT('',#5794);
#1748=VERTEX_POINT('',#5796);
#1749=VERTEX_POINT('',#5798);
#1750=VERTEX_POINT('',#5800);
#1751=VERTEX_POINT('',#5802);
#1752=VERTEX_POINT('',#5804);
#1753=VERTEX_POINT('',#5806);
#1754=VERTEX_POINT('',#5808);
#1755=VERTEX_POINT('',#5810);
#1756=VERTEX_POINT('',#5812);
#1757=VERTEX_POINT('',#5814);
#1758=VERTEX_POINT('',#5816);
#1759=VERTEX_POINT('',#5818);
#1760=VERTEX_POINT('',#5820);
#1761=VERTEX_POINT('',#5822);
#1762=VERTEX_POINT('',#5824);
#1763=VERTEX_POINT('',#5826);
#1764=VERTEX_POINT('',#5828);
#1765=VERTEX_POINT('',#5830);
#1766=VERTEX_POINT('',#5832);
#1767=VERTEX_POINT('',#5834);
#1768=VERTEX_POINT('',#5836);
#1769=VERTEX_POINT('',#5838);
#1770=VERTEX_POINT('',#5840);
#1771=VERTEX_POINT('',#5842);
#1772=VERTEX_POINT('',#5844);
#1773=VERTEX_POINT('',#5846);
#1774=VERTEX_POINT('',#5848);
#1775=VERTEX_POINT('',#5850);
#1776=VERTEX_POINT('',#5852);
#1777=VERTEX_POINT('',#5854);
#1778=VERTEX_POINT('',#5856);
#1779=VERTEX_POINT('',#5858);
#1780=VERTEX_POINT('',#5860);
#1781=VERTEX_POINT('',#5862);
#1782=VERTEX_POINT('',#5864);
#1783=VERTEX_POINT('',#5866);
#1784=VERTEX_POINT('',#5868);
#1785=VERTEX_POINT('',#5870);
#1786=VERTEX_POINT('',#5872);
#1787=VERTEX_POINT('',#5874);
#1788=VERTEX_POINT('',#5876);
#1789=VERTEX_POINT('',#5878);
#1790=VERTEX_POINT('',#5880);
#1791=VERTEX_POINT('',#5882);
#1792=VERTEX_POINT('',#5884);
#1793=VERTEX_POINT('',#5886);
#1794=VERTEX_POINT('',#5888);
#1795=VERTEX_POINT('',#5890);
#1796=VERTEX_POINT('',#5892);
#1797=VERTEX_POINT('',#5894);
#1798=VERTEX_POINT('',#5896);
#1799=VERTEX_POINT('',#5898);
#1800=VERTEX_POINT('',#5900);
#1801=VERTEX_POINT('',#5902);
#1802=VERTEX_POINT('',#5904);
#1803=VERTEX_POINT('',#5908);
#1804=VERTEX_POINT('',#5909);
#1805=VERTEX_POINT('',#5911);
#1806=VERTEX_POINT('',#5913);
#1807=VERTEX_POINT('',#5917);
#1808=VERTEX_POINT('',#5918);
#1809=VERTEX_POINT('',#5920);
#1810=VERTEX_POINT('',#5922);
#1811=VERTEX_POINT('',#5931);
#1812=VERTEX_POINT('',#5933);
#1813=VERTEX_POINT('',#5935);
#1814=VERTEX_POINT('',#5937);
#1815=VERTEX_POINT('',#5939);
#1816=VERTEX_POINT('',#5941);
#1817=VERTEX_POINT('',#5943);
#1818=VERTEX_POINT('',#5945);
#1819=VERTEX_POINT('',#5947);
#1820=VERTEX_POINT('',#5949);
#1821=VERTEX_POINT('',#5951);
#1822=VERTEX_POINT('',#5953);
#1823=VERTEX_POINT('',#5955);
#1824=VERTEX_POINT('',#5957);
#1825=VERTEX_POINT('',#5959);
#1826=VERTEX_POINT('',#5961);
#1827=VERTEX_POINT('',#5963);
#1828=VERTEX_POINT('',#5965);
#1829=VERTEX_POINT('',#5967);
#1830=VERTEX_POINT('',#5969);
#1831=VERTEX_POINT('',#5971);
#1832=VERTEX_POINT('',#5973);
#1833=VERTEX_POINT('',#5975);
#1834=VERTEX_POINT('',#5977);
#1835=VERTEX_POINT('',#5979);
#1836=VERTEX_POINT('',#5981);
#1837=VERTEX_POINT('',#5983);
#1838=VERTEX_POINT('',#5985);
#1839=VERTEX_POINT('',#5987);
#1840=VERTEX_POINT('',#5989);
#1841=VERTEX_POINT('',#5991);
#1842=VERTEX_POINT('',#5993);
#1843=VERTEX_POINT('',#5995);
#1844=VERTEX_POINT('',#5997);
#1845=VERTEX_POINT('',#5999);
#1846=VERTEX_POINT('',#6001);
#1847=VERTEX_POINT('',#6003);
#1848=VERTEX_POINT('',#6005);
#1849=VERTEX_POINT('',#6007);
#1850=VERTEX_POINT('',#6009);
#1851=VERTEX_POINT('',#6011);
#1852=VERTEX_POINT('',#6013);
#1853=VERTEX_POINT('',#6015);
#1854=VERTEX_POINT('',#6017);
#1855=VERTEX_POINT('',#6019);
#1856=VERTEX_POINT('',#6021);
#1857=VERTEX_POINT('',#6023);
#1858=VERTEX_POINT('',#6025);
#1859=VERTEX_POINT('',#6027);
#1860=VERTEX_POINT('',#6029);
#1861=VERTEX_POINT('',#6031);
#1862=VERTEX_POINT('',#6033);
#1863=VERTEX_POINT('',#6035);
#1864=VERTEX_POINT('',#6037);
#1865=VERTEX_POINT('',#6039);
#1866=VERTEX_POINT('',#6041);
#1867=VERTEX_POINT('',#6043);
#1868=VERTEX_POINT('',#6045);
#1869=VERTEX_POINT('',#6047);
#1870=VERTEX_POINT('',#6049);
#1871=VERTEX_POINT('',#6051);
#1872=VERTEX_POINT('',#6053);
#1873=VERTEX_POINT('',#6055);
#1874=VERTEX_POINT('',#6057);
#1875=VERTEX_POINT('',#6059);
#1876=VERTEX_POINT('',#6061);
#1877=VERTEX_POINT('',#6063);
#1878=VERTEX_POINT('',#6065);
#1879=VERTEX_POINT('',#6067);
#1880=VERTEX_POINT('',#6069);
#1881=VERTEX_POINT('',#6071);
#1882=VERTEX_POINT('',#6073);
#1883=VERTEX_POINT('',#6075);
#1884=VERTEX_POINT('',#6077);
#1885=VERTEX_POINT('',#6079);
#1886=VERTEX_POINT('',#6081);
#1887=VERTEX_POINT('',#6083);
#1888=VERTEX_POINT('',#6085);
#1889=VERTEX_POINT('',#6087);
#1890=VERTEX_POINT('',#6089);
#1891=VERTEX_POINT('',#6091);
#1892=VERTEX_POINT('',#6093);
#1893=VERTEX_POINT('',#6095);
#1894=VERTEX_POINT('',#6097);
#1895=VERTEX_POINT('',#6099);
#1896=VERTEX_POINT('',#6101);
#1897=VERTEX_POINT('',#6103);
#1898=VERTEX_POINT('',#6105);
#1899=VERTEX_POINT('',#6107);
#1900=VERTEX_POINT('',#6109);
#1901=VERTEX_POINT('',#6111);
#1902=VERTEX_POINT('',#6113);
#1903=VERTEX_POINT('',#6115);
#1904=VERTEX_POINT('',#6117);
#1905=VERTEX_POINT('',#6119);
#1906=VERTEX_POINT('',#6121);
#1907=VERTEX_POINT('',#6125);
#1908=VERTEX_POINT('',#6126);
#1909=VERTEX_POINT('',#6128);
#1910=VERTEX_POINT('',#6130);
#1911=VERTEX_POINT('',#6141);
#1912=VERTEX_POINT('',#6143);
#1913=VERTEX_POINT('',#6147);
#1914=VERTEX_POINT('',#6149);
#1915=VERTEX_POINT('',#6157);
#1916=VERTEX_POINT('',#6159);
#1917=VERTEX_POINT('',#6163);
#1918=VERTEX_POINT('',#6165);
#1919=VERTEX_POINT('',#6173);
#1920=VERTEX_POINT('',#6174);
#1921=VERTEX_POINT('',#6176);
#1922=VERTEX_POINT('',#6178);
#1923=VERTEX_POINT('',#6189);
#1924=VERTEX_POINT('',#6190);
#1925=VERTEX_POINT('',#6192);
#1926=VERTEX_POINT('',#6194);
#1927=VERTEX_POINT('',#6205);
#1928=VERTEX_POINT('',#6207);
#1929=VERTEX_POINT('',#6211);
#1930=VERTEX_POINT('',#6215);
#1931=VERTEX_POINT('',#6221);
#1932=VERTEX_POINT('',#6223);
#1933=VERTEX_POINT('',#6227);
#1934=VERTEX_POINT('',#6231);
#1935=VERTEX_POINT('',#6237);
#1936=VERTEX_POINT('',#6238);
#1937=VERTEX_POINT('',#6240);
#1938=VERTEX_POINT('',#6242);
#1939=VERTEX_POINT('',#6253);
#1940=VERTEX_POINT('',#6255);
#1941=VERTEX_POINT('',#6259);
#1942=VERTEX_POINT('',#6261);
#1943=VERTEX_POINT('',#6269);
#1944=VERTEX_POINT('',#6271);
#1945=VERTEX_POINT('',#6275);
#1946=VERTEX_POINT('',#6277);
#1947=VERTEX_POINT('',#6285);
#1948=VERTEX_POINT('',#6287);
#1949=VERTEX_POINT('',#6291);
#1950=VERTEX_POINT('',#6295);
#1951=VERTEX_POINT('',#6301);
#1952=VERTEX_POINT('',#6303);
#1953=VERTEX_POINT('',#6307);
#1954=VERTEX_POINT('',#6311);
#1955=VERTEX_POINT('',#6317);
#1956=VERTEX_POINT('',#6319);
#1957=VERTEX_POINT('',#6323);
#1958=VERTEX_POINT('',#6325);
#1959=VERTEX_POINT('',#6333);
#1960=VERTEX_POINT('',#6335);
#1961=VERTEX_POINT('',#6339);
#1962=VERTEX_POINT('',#6341);
#1963=VERTEX_POINT('',#6349);
#1964=VERTEX_POINT('',#6351);
#1965=VERTEX_POINT('',#6355);
#1966=VERTEX_POINT('',#6357);
#1967=VERTEX_POINT('',#6365);
#1968=VERTEX_POINT('',#6367);
#1969=VERTEX_POINT('',#6371);
#1970=VERTEX_POINT('',#6375);
#1971=VERTEX_POINT('',#6381);
#1972=VERTEX_POINT('',#6383);
#1973=VERTEX_POINT('',#6387);
#1974=VERTEX_POINT('',#6389);
#1975=VERTEX_POINT('',#6397);
#1976=VERTEX_POINT('',#6399);
#1977=VERTEX_POINT('',#6403);
#1978=VERTEX_POINT('',#6405);
#1979=VERTEX_POINT('',#6413);
#1980=VERTEX_POINT('',#6415);
#1981=VERTEX_POINT('',#6419);
#1982=VERTEX_POINT('',#6421);
#1983=VERTEX_POINT('',#6429);
#1984=VERTEX_POINT('',#6431);
#1985=VERTEX_POINT('',#6435);
#1986=VERTEX_POINT('',#6437);
#1987=VERTEX_POINT('',#6445);
#1988=VERTEX_POINT('',#6447);
#1989=VERTEX_POINT('',#6451);
#1990=VERTEX_POINT('',#6455);
#1991=VERTEX_POINT('',#6461);
#1992=VERTEX_POINT('',#6463);
#1993=VERTEX_POINT('',#6467);
#1994=VERTEX_POINT('',#6471);
#1995=VERTEX_POINT('',#6477);
#1996=VERTEX_POINT('',#6479);
#1997=VERTEX_POINT('',#6483);
#1998=VERTEX_POINT('',#6485);
#1999=VERTEX_POINT('',#6493);
#2000=VERTEX_POINT('',#6495);
#2001=VERTEX_POINT('',#6499);
#2002=VERTEX_POINT('',#6501);
#2003=VERTEX_POINT('',#6509);
#2004=VERTEX_POINT('',#6511);
#2005=VERTEX_POINT('',#6515);
#2006=VERTEX_POINT('',#6519);
#2007=VERTEX_POINT('',#6525);
#2008=VERTEX_POINT('',#6527);
#2009=VERTEX_POINT('',#6531);
#2010=VERTEX_POINT('',#6535);
#2011=VERTEX_POINT('',#6541);
#2012=VERTEX_POINT('',#6543);
#2013=VERTEX_POINT('',#6547);
#2014=VERTEX_POINT('',#6551);
#2015=VERTEX_POINT('',#6557);
#2016=VERTEX_POINT('',#6558);
#2017=VERTEX_POINT('',#6560);
#2018=VERTEX_POINT('',#6562);
#2019=VERTEX_POINT('',#6573);
#2020=VERTEX_POINT('',#6575);
#2021=VERTEX_POINT('',#6579);
#2022=VERTEX_POINT('',#6581);
#2023=VERTEX_POINT('',#6589);
#2024=VERTEX_POINT('',#6591);
#2025=VERTEX_POINT('',#6595);
#2026=VERTEX_POINT('',#6599);
#2027=VERTEX_POINT('',#6605);
#2028=VERTEX_POINT('',#6606);
#2029=VERTEX_POINT('',#6608);
#2030=VERTEX_POINT('',#6610);
#2031=VERTEX_POINT('',#6621);
#2032=VERTEX_POINT('',#6622);
#2033=VERTEX_POINT('',#6624);
#2034=VERTEX_POINT('',#6626);
#2035=VERTEX_POINT('',#6637);
#2036=VERTEX_POINT('',#6639);
#2037=VERTEX_POINT('',#6643);
#2038=VERTEX_POINT('',#6645);
#2039=VERTEX_POINT('',#6653);
#2040=VERTEX_POINT('',#6655);
#2041=VERTEX_POINT('',#6659);
#2042=VERTEX_POINT('',#6661);
#2043=VERTEX_POINT('',#6669);
#2044=VERTEX_POINT('',#6671);
#2045=VERTEX_POINT('',#6675);
#2046=VERTEX_POINT('',#6679);
#2047=VERTEX_POINT('',#6685);
#2048=VERTEX_POINT('',#6687);
#2049=VERTEX_POINT('',#6691);
#2050=VERTEX_POINT('',#6693);
#2051=VERTEX_POINT('',#6701);
#2052=VERTEX_POINT('',#6703);
#2053=VERTEX_POINT('',#6707);
#2054=VERTEX_POINT('',#6711);
#2055=VERTEX_POINT('',#6717);
#2056=VERTEX_POINT('',#6719);
#2057=VERTEX_POINT('',#6722);
#2058=VERTEX_POINT('',#6724);
#2059=VERTEX_POINT('',#6727);
#2060=VERTEX_POINT('',#6729);
#2061=VERTEX_POINT('',#6733);
#2062=VERTEX_POINT('',#6735);
#2063=VERTEX_POINT('',#6738);
#2064=VERTEX_POINT('',#6740);
#2065=VERTEX_POINT('',#6743);
#2066=VERTEX_POINT('',#6745);
#2067=VERTEX_POINT('',#6748);
#2068=VERTEX_POINT('',#6750);
#2069=VERTEX_POINT('',#6754);
#2070=VERTEX_POINT('',#6756);
#2071=VERTEX_POINT('',#6759);
#2072=VERTEX_POINT('',#6761);
#2073=VERTEX_POINT('',#6764);
#2074=VERTEX_POINT('',#6766);
#2075=VERTEX_POINT('',#6768);
#2076=VERTEX_POINT('',#6770);
#2077=VERTEX_POINT('',#6772);
#2078=VERTEX_POINT('',#6773);
#2079=VERTEX_POINT('',#6775);
#2080=VERTEX_POINT('',#6777);
#2081=VERTEX_POINT('',#6779);
#2082=VERTEX_POINT('',#6781);
#2083=VERTEX_POINT('',#6783);
#2084=VERTEX_POINT('',#6785);
#2085=VERTEX_POINT('',#6789);
#2086=VERTEX_POINT('',#6793);
#2087=VERTEX_POINT('',#6800);
#2088=VERTEX_POINT('',#6804);
#2089=VERTEX_POINT('',#6811);
#2090=VERTEX_POINT('',#6815);
#2091=VERTEX_POINT('',#6822);
#2092=VERTEX_POINT('',#6824);
#2093=VERTEX_POINT('',#6833);
#2094=VERTEX_POINT('',#6835);
#2095=VERTEX_POINT('',#6844);
#2096=VERTEX_POINT('',#6848);
#2097=VERTEX_POINT('',#6855);
#2098=VERTEX_POINT('',#6859);
#2099=VERTEX_POINT('',#6866);
#2100=VERTEX_POINT('',#6870);
#2101=VERTEX_POINT('',#6877);
#2102=VERTEX_POINT('',#6881);
#2103=VERTEX_POINT('',#6888);
#2104=VERTEX_POINT('',#6892);
#2105=VERTEX_POINT('',#6896);
#2106=VERTEX_POINT('',#6900);
#2107=VERTEX_POINT('',#6904);
#2108=VERTEX_POINT('',#6906);
#2109=VERTEX_POINT('',#6910);
#2110=VERTEX_POINT('',#6914);
#2111=VERTEX_POINT('',#6918);
#2112=VERTEX_POINT('',#6922);
#2113=VERTEX_POINT('',#6926);
#2114=VERTEX_POINT('',#6930);
#2115=EDGE_CURVE('',#1699,#1700,#467,.T.);
#2116=EDGE_CURVE('',#1701,#1700,#468,.T.);
#2117=EDGE_CURVE('',#1701,#1702,#469,.T.);
#2118=EDGE_CURVE('',#1699,#1702,#470,.T.);
#2119=EDGE_CURVE('',#1703,#1701,#471,.T.);
#2120=EDGE_CURVE('',#1703,#1704,#472,.T.);
#2121=EDGE_CURVE('',#1702,#1704,#473,.T.);
#2122=EDGE_CURVE('',#1705,#1706,#474,.T.);
#2123=EDGE_CURVE('',#1704,#1706,#475,.T.);
#2124=EDGE_CURVE('',#1705,#1703,#476,.T.);
#2125=EDGE_CURVE('',#1706,#1699,#477,.T.);
#2126=EDGE_CURVE('',#1707,#1700,#478,.T.);
#2127=EDGE_CURVE('',#1707,#1708,#479,.T.);
#2128=EDGE_CURVE('',#1708,#1709,#480,.T.);
#2129=EDGE_CURVE('',#1709,#1710,#481,.T.);
#2130=EDGE_CURVE('',#1711,#1710,#482,.T.);
#2131=EDGE_CURVE('',#1711,#1712,#483,.T.);
#2132=EDGE_CURVE('',#1712,#1713,#484,.T.);
#2133=EDGE_CURVE('',#1713,#1714,#485,.T.);
#2134=EDGE_CURVE('',#1715,#1714,#486,.T.);
#2135=EDGE_CURVE('',#1715,#1716,#487,.T.);
#2136=EDGE_CURVE('',#1716,#1717,#488,.T.);
#2137=EDGE_CURVE('',#1717,#1718,#489,.T.);
#2138=EDGE_CURVE('',#1719,#1718,#490,.T.);
#2139=EDGE_CURVE('',#1719,#1720,#491,.T.);
#2140=EDGE_CURVE('',#1720,#1721,#492,.T.);
#2141=EDGE_CURVE('',#1721,#1722,#493,.T.);
#2142=EDGE_CURVE('',#1723,#1722,#494,.T.);
#2143=EDGE_CURVE('',#1723,#1724,#495,.T.);
#2144=EDGE_CURVE('',#1724,#1725,#496,.T.);
#2145=EDGE_CURVE('',#1725,#1726,#497,.T.);
#2146=EDGE_CURVE('',#1727,#1726,#498,.T.);
#2147=EDGE_CURVE('',#1727,#1728,#499,.T.);
#2148=EDGE_CURVE('',#1728,#1729,#500,.T.);
#2149=EDGE_CURVE('',#1729,#1730,#501,.T.);
#2150=EDGE_CURVE('',#1731,#1730,#502,.T.);
#2151=EDGE_CURVE('',#1731,#1732,#503,.T.);
#2152=EDGE_CURVE('',#1732,#1733,#504,.T.);
#2153=EDGE_CURVE('',#1733,#1734,#505,.T.);
#2154=EDGE_CURVE('',#1735,#1734,#506,.T.);
#2155=EDGE_CURVE('',#1735,#1736,#507,.T.);
#2156=EDGE_CURVE('',#1736,#1737,#508,.T.);
#2157=EDGE_CURVE('',#1737,#1738,#509,.T.);
#2158=EDGE_CURVE('',#1739,#1738,#510,.T.);
#2159=EDGE_CURVE('',#1739,#1740,#511,.T.);
#2160=EDGE_CURVE('',#1740,#1741,#512,.T.);
#2161=EDGE_CURVE('',#1741,#1742,#513,.T.);
#2162=EDGE_CURVE('',#1743,#1742,#514,.T.);
#2163=EDGE_CURVE('',#1743,#1744,#515,.T.);
#2164=EDGE_CURVE('',#1744,#1745,#516,.T.);
#2165=EDGE_CURVE('',#1745,#1746,#517,.T.);
#2166=EDGE_CURVE('',#1747,#1746,#518,.T.);
#2167=EDGE_CURVE('',#1747,#1748,#519,.T.);
#2168=EDGE_CURVE('',#1749,#1748,#520,.T.);
#2169=EDGE_CURVE('',#1750,#1749,#521,.T.);
#2170=EDGE_CURVE('',#1751,#1750,#522,.T.);
#2171=EDGE_CURVE('',#1751,#1752,#523,.T.);
#2172=EDGE_CURVE('',#1752,#1753,#524,.T.);
#2173=EDGE_CURVE('',#1753,#1754,#525,.T.);
#2174=EDGE_CURVE('',#1755,#1754,#526,.T.);
#2175=EDGE_CURVE('',#1755,#1756,#527,.T.);
#2176=EDGE_CURVE('',#1756,#1757,#528,.T.);
#2177=EDGE_CURVE('',#1757,#1758,#529,.T.);
#2178=EDGE_CURVE('',#1759,#1758,#530,.T.);
#2179=EDGE_CURVE('',#1759,#1760,#531,.T.);
#2180=EDGE_CURVE('',#1760,#1761,#532,.T.);
#2181=EDGE_CURVE('',#1761,#1762,#533,.T.);
#2182=EDGE_CURVE('',#1763,#1762,#534,.T.);
#2183=EDGE_CURVE('',#1763,#1764,#535,.T.);
#2184=EDGE_CURVE('',#1764,#1765,#536,.T.);
#2185=EDGE_CURVE('',#1765,#1766,#537,.T.);
#2186=EDGE_CURVE('',#1767,#1766,#538,.T.);
#2187=EDGE_CURVE('',#1767,#1768,#539,.T.);
#2188=EDGE_CURVE('',#1768,#1769,#540,.T.);
#2189=EDGE_CURVE('',#1769,#1770,#541,.T.);
#2190=EDGE_CURVE('',#1771,#1770,#542,.T.);
#2191=EDGE_CURVE('',#1771,#1772,#543,.T.);
#2192=EDGE_CURVE('',#1772,#1773,#544,.T.);
#2193=EDGE_CURVE('',#1773,#1774,#545,.T.);
#2194=EDGE_CURVE('',#1775,#1774,#546,.T.);
#2195=EDGE_CURVE('',#1775,#1776,#547,.T.);
#2196=EDGE_CURVE('',#1776,#1777,#548,.T.);
#2197=EDGE_CURVE('',#1777,#1778,#549,.T.);
#2198=EDGE_CURVE('',#1779,#1778,#550,.T.);
#2199=EDGE_CURVE('',#1779,#1780,#551,.T.);
#2200=EDGE_CURVE('',#1780,#1781,#552,.T.);
#2201=EDGE_CURVE('',#1781,#1782,#553,.T.);
#2202=EDGE_CURVE('',#1783,#1782,#554,.T.);
#2203=EDGE_CURVE('',#1783,#1784,#555,.T.);
#2204=EDGE_CURVE('',#1784,#1785,#556,.T.);
#2205=EDGE_CURVE('',#1785,#1786,#557,.T.);
#2206=EDGE_CURVE('',#1787,#1786,#558,.T.);
#2207=EDGE_CURVE('',#1787,#1788,#559,.T.);
#2208=EDGE_CURVE('',#1788,#1789,#560,.T.);
#2209=EDGE_CURVE('',#1789,#1790,#561,.T.);
#2210=EDGE_CURVE('',#1791,#1790,#562,.T.);
#2211=EDGE_CURVE('',#1791,#1792,#563,.T.);
#2212=EDGE_CURVE('',#1792,#1793,#564,.T.);
#2213=EDGE_CURVE('',#1793,#1794,#565,.T.);
#2214=EDGE_CURVE('',#1795,#1794,#566,.T.);
#2215=EDGE_CURVE('',#1795,#1796,#567,.T.);
#2216=EDGE_CURVE('',#1796,#1797,#568,.T.);
#2217=EDGE_CURVE('',#1797,#1798,#569,.T.);
#2218=EDGE_CURVE('',#1799,#1798,#570,.T.);
#2219=EDGE_CURVE('',#1799,#1800,#571,.T.);
#2220=EDGE_CURVE('',#1800,#1801,#572,.T.);
#2221=EDGE_CURVE('',#1801,#1802,#573,.T.);
#2222=EDGE_CURVE('',#1705,#1802,#574,.T.);
#2223=EDGE_CURVE('',#1803,#1804,#575,.T.);
#2224=EDGE_CURVE('',#1803,#1805,#576,.T.);
#2225=EDGE_CURVE('',#1806,#1805,#577,.T.);
#2226=EDGE_CURVE('',#1806,#1804,#578,.T.);
#2227=EDGE_CURVE('',#1807,#1808,#579,.T.);
#2228=EDGE_CURVE('',#1809,#1807,#580,.T.);
#2229=EDGE_CURVE('',#1810,#1809,#581,.T.);
#2230=EDGE_CURVE('',#1808,#1810,#582,.T.);
#2231=EDGE_CURVE('',#1808,#1803,#583,.T.);
#2232=EDGE_CURVE('',#1805,#1810,#584,.T.);
#2233=EDGE_CURVE('',#1809,#1806,#585,.T.);
#2234=EDGE_CURVE('',#1811,#1804,#586,.T.);
#2235=EDGE_CURVE('',#1811,#1812,#587,.T.);
#2236=EDGE_CURVE('',#1812,#1813,#588,.T.);
#2237=EDGE_CURVE('',#1813,#1814,#589,.T.);
#2238=EDGE_CURVE('',#1815,#1814,#590,.T.);
#2239=EDGE_CURVE('',#1815,#1816,#591,.T.);
#2240=EDGE_CURVE('',#1816,#1817,#592,.T.);
#2241=EDGE_CURVE('',#1817,#1818,#593,.T.);
#2242=EDGE_CURVE('',#1819,#1818,#594,.T.);
#2243=EDGE_CURVE('',#1819,#1820,#595,.T.);
#2244=EDGE_CURVE('',#1820,#1821,#596,.T.);
#2245=EDGE_CURVE('',#1821,#1822,#597,.T.);
#2246=EDGE_CURVE('',#1823,#1822,#598,.T.);
#2247=EDGE_CURVE('',#1823,#1824,#599,.T.);
#2248=EDGE_CURVE('',#1824,#1825,#600,.T.);
#2249=EDGE_CURVE('',#1825,#1826,#601,.T.);
#2250=EDGE_CURVE('',#1827,#1826,#602,.T.);
#2251=EDGE_CURVE('',#1827,#1828,#603,.T.);
#2252=EDGE_CURVE('',#1828,#1829,#604,.T.);
#2253=EDGE_CURVE('',#1829,#1830,#605,.T.);
#2254=EDGE_CURVE('',#1831,#1830,#606,.T.);
#2255=EDGE_CURVE('',#1831,#1832,#607,.T.);
#2256=EDGE_CURVE('',#1832,#1833,#608,.T.);
#2257=EDGE_CURVE('',#1833,#1834,#609,.T.);
#2258=EDGE_CURVE('',#1835,#1834,#610,.T.);
#2259=EDGE_CURVE('',#1835,#1836,#611,.T.);
#2260=EDGE_CURVE('',#1837,#1836,#612,.T.);
#2261=EDGE_CURVE('',#1838,#1837,#613,.T.);
#2262=EDGE_CURVE('',#1839,#1838,#614,.T.);
#2263=EDGE_CURVE('',#1839,#1840,#615,.T.);
#2264=EDGE_CURVE('',#1840,#1841,#616,.T.);
#2265=EDGE_CURVE('',#1841,#1842,#617,.T.);
#2266=EDGE_CURVE('',#1843,#1842,#618,.T.);
#2267=EDGE_CURVE('',#1843,#1844,#619,.T.);
#2268=EDGE_CURVE('',#1844,#1845,#620,.T.);
#2269=EDGE_CURVE('',#1845,#1846,#621,.T.);
#2270=EDGE_CURVE('',#1847,#1846,#622,.T.);
#2271=EDGE_CURVE('',#1847,#1848,#623,.T.);
#2272=EDGE_CURVE('',#1848,#1849,#624,.T.);
#2273=EDGE_CURVE('',#1849,#1850,#625,.T.);
#2274=EDGE_CURVE('',#1851,#1850,#626,.T.);
#2275=EDGE_CURVE('',#1851,#1852,#627,.T.);
#2276=EDGE_CURVE('',#1852,#1853,#628,.T.);
#2277=EDGE_CURVE('',#1853,#1854,#629,.T.);
#2278=EDGE_CURVE('',#1855,#1854,#630,.T.);
#2279=EDGE_CURVE('',#1855,#1856,#631,.T.);
#2280=EDGE_CURVE('',#1856,#1857,#632,.T.);
#2281=EDGE_CURVE('',#1857,#1858,#633,.T.);
#2282=EDGE_CURVE('',#1859,#1858,#634,.T.);
#2283=EDGE_CURVE('',#1859,#1860,#635,.T.);
#2284=EDGE_CURVE('',#1860,#1861,#636,.T.);
#2285=EDGE_CURVE('',#1861,#1862,#637,.T.);
#2286=EDGE_CURVE('',#1863,#1862,#638,.T.);
#2287=EDGE_CURVE('',#1863,#1864,#639,.T.);
#2288=EDGE_CURVE('',#1864,#1865,#640,.T.);
#2289=EDGE_CURVE('',#1865,#1866,#641,.T.);
#2290=EDGE_CURVE('',#1867,#1866,#642,.T.);
#2291=EDGE_CURVE('',#1867,#1868,#643,.T.);
#2292=EDGE_CURVE('',#1868,#1869,#644,.T.);
#2293=EDGE_CURVE('',#1869,#1870,#645,.T.);
#2294=EDGE_CURVE('',#1871,#1870,#646,.T.);
#2295=EDGE_CURVE('',#1871,#1872,#647,.T.);
#2296=EDGE_CURVE('',#1872,#1873,#648,.T.);
#2297=EDGE_CURVE('',#1873,#1874,#649,.T.);
#2298=EDGE_CURVE('',#1875,#1874,#650,.T.);
#2299=EDGE_CURVE('',#1875,#1876,#651,.T.);
#2300=EDGE_CURVE('',#1876,#1877,#652,.T.);
#2301=EDGE_CURVE('',#1877,#1878,#653,.T.);
#2302=EDGE_CURVE('',#1879,#1878,#654,.T.);
#2303=EDGE_CURVE('',#1879,#1880,#655,.T.);
#2304=EDGE_CURVE('',#1880,#1881,#656,.T.);
#2305=EDGE_CURVE('',#1881,#1882,#657,.T.);
#2306=EDGE_CURVE('',#1883,#1882,#658,.T.);
#2307=EDGE_CURVE('',#1883,#1884,#659,.T.);
#2308=EDGE_CURVE('',#1884,#1885,#660,.T.);
#2309=EDGE_CURVE('',#1885,#1886,#661,.T.);
#2310=EDGE_CURVE('',#1887,#1886,#662,.T.);
#2311=EDGE_CURVE('',#1887,#1888,#663,.T.);
#2312=EDGE_CURVE('',#1888,#1889,#664,.T.);
#2313=EDGE_CURVE('',#1889,#1890,#665,.T.);
#2314=EDGE_CURVE('',#1891,#1890,#666,.T.);
#2315=EDGE_CURVE('',#1891,#1892,#667,.T.);
#2316=EDGE_CURVE('',#1892,#1893,#668,.T.);
#2317=EDGE_CURVE('',#1893,#1894,#669,.T.);
#2318=EDGE_CURVE('',#1895,#1894,#670,.T.);
#2319=EDGE_CURVE('',#1895,#1896,#671,.T.);
#2320=EDGE_CURVE('',#1896,#1897,#672,.T.);
#2321=EDGE_CURVE('',#1897,#1898,#673,.T.);
#2322=EDGE_CURVE('',#1899,#1898,#674,.T.);
#2323=EDGE_CURVE('',#1899,#1900,#675,.T.);
#2324=EDGE_CURVE('',#1900,#1901,#676,.T.);
#2325=EDGE_CURVE('',#1901,#1902,#677,.T.);
#2326=EDGE_CURVE('',#1903,#1902,#678,.T.);
#2327=EDGE_CURVE('',#1903,#1904,#679,.T.);
#2328=EDGE_CURVE('',#1904,#1905,#680,.T.);
#2329=EDGE_CURVE('',#1905,#1906,#681,.T.);
#2330=EDGE_CURVE('',#1807,#1906,#682,.T.);
#2331=EDGE_CURVE('',#1907,#1908,#683,.T.);
#2332=EDGE_CURVE('',#1908,#1909,#684,.T.);
#2333=EDGE_CURVE('',#1909,#1910,#685,.T.);
#2334=EDGE_CURVE('',#1910,#1907,#686,.T.);
#2335=EDGE_CURVE('',#1723,#1907,#687,.T.);
#2336=EDGE_CURVE('',#1724,#1910,#688,.T.);
#2337=EDGE_CURVE('',#1725,#1909,#689,.T.);
#2338=EDGE_CURVE('',#1908,#1726,#690,.T.);
#2339=EDGE_CURVE('',#1911,#1875,#691,.T.);
#2340=EDGE_CURVE('',#1912,#1911,#692,.T.);
#2341=EDGE_CURVE('',#1876,#1912,#693,.T.);
#2342=EDGE_CURVE('',#1911,#1913,#694,.T.);
#2343=EDGE_CURVE('',#1913,#1914,#695,.T.);
#2344=EDGE_CURVE('',#1914,#1912,#696,.T.);
#2345=EDGE_CURVE('',#1877,#1914,#697,.T.);
#2346=EDGE_CURVE('',#1913,#1878,#698,.T.);
#2347=EDGE_CURVE('',#1915,#1859,#699,.T.);
#2348=EDGE_CURVE('',#1916,#1915,#700,.T.);
#2349=EDGE_CURVE('',#1860,#1916,#701,.T.);
#2350=EDGE_CURVE('',#1915,#1917,#702,.T.);
#2351=EDGE_CURVE('',#1917,#1918,#703,.T.);
#2352=EDGE_CURVE('',#1918,#1916,#704,.T.);
#2353=EDGE_CURVE('',#1861,#1918,#705,.T.);
#2354=EDGE_CURVE('',#1917,#1862,#706,.T.);
#2355=EDGE_CURVE('',#1919,#1920,#707,.T.);
#2356=EDGE_CURVE('',#1920,#1921,#708,.T.);
#2357=EDGE_CURVE('',#1921,#1922,#709,.T.);
#2358=EDGE_CURVE('',#1922,#1919,#710,.T.);
#2359=EDGE_CURVE('',#1735,#1919,#711,.T.);
#2360=EDGE_CURVE('',#1736,#1922,#712,.T.);
#2361=EDGE_CURVE('',#1737,#1921,#713,.T.);
#2362=EDGE_CURVE('',#1920,#1738,#714,.T.);
#2363=EDGE_CURVE('',#1923,#1924,#715,.T.);
#2364=EDGE_CURVE('',#1924,#1925,#716,.T.);
#2365=EDGE_CURVE('',#1925,#1926,#717,.T.);
#2366=EDGE_CURVE('',#1926,#1923,#718,.T.);
#2367=EDGE_CURVE('',#1719,#1923,#719,.T.);
#2368=EDGE_CURVE('',#1720,#1926,#720,.T.);
#2369=EDGE_CURVE('',#1721,#1925,#721,.T.);
#2370=EDGE_CURVE('',#1924,#1722,#722,.T.);
#2371=EDGE_CURVE('',#1795,#1927,#723,.T.);
#2372=EDGE_CURVE('',#1928,#1927,#724,.T.);
#2373=EDGE_CURVE('',#1796,#1928,#725,.T.);
#2374=EDGE_CURVE('',#1929,#1928,#726,.T.);
#2375=EDGE_CURVE('',#1797,#1929,#727,.T.);
#2376=EDGE_CURVE('',#1930,#1798,#728,.T.);
#2377=EDGE_CURVE('',#1930,#1929,#729,.T.);
#2378=EDGE_CURVE('',#1927,#1930,#730,.T.);
#2379=EDGE_CURVE('',#1931,#1742,#731,.T.);
#2380=EDGE_CURVE('',#1741,#1932,#732,.T.);
#2381=EDGE_CURVE('',#1931,#1932,#733,.T.);
#2382=EDGE_CURVE('',#1740,#1933,#734,.T.);
#2383=EDGE_CURVE('',#1932,#1933,#735,.T.);
#2384=EDGE_CURVE('',#1739,#1934,#736,.T.);
#2385=EDGE_CURVE('',#1933,#1934,#737,.T.);
#2386=EDGE_CURVE('',#1934,#1931,#738,.T.);
#2387=EDGE_CURVE('',#1935,#1936,#739,.T.);
#2388=EDGE_CURVE('',#1936,#1937,#740,.T.);
#2389=EDGE_CURVE('',#1937,#1938,#741,.T.);
#2390=EDGE_CURVE('',#1938,#1935,#742,.T.);
#2391=EDGE_CURVE('',#1731,#1935,#743,.T.);
#2392=EDGE_CURVE('',#1732,#1938,#744,.T.);
#2393=EDGE_CURVE('',#1733,#1937,#745,.T.);
#2394=EDGE_CURVE('',#1936,#1734,#746,.T.);
#2395=EDGE_CURVE('',#1841,#1939,#747,.T.);
#2396=EDGE_CURVE('',#1940,#1939,#748,.T.);
#2397=EDGE_CURVE('',#1940,#1842,#749,.T.);
#2398=EDGE_CURVE('',#1941,#1940,#750,.T.);
#2399=EDGE_CURVE('',#1939,#1942,#751,.T.);
#2400=EDGE_CURVE('',#1942,#1941,#752,.T.);
#2401=EDGE_CURVE('',#1941,#1839,#753,.T.);
#2402=EDGE_CURVE('',#1840,#1942,#754,.T.);
#2403=EDGE_CURVE('',#1943,#1847,#755,.T.);
#2404=EDGE_CURVE('',#1944,#1943,#756,.T.);
#2405=EDGE_CURVE('',#1848,#1944,#757,.T.);
#2406=EDGE_CURVE('',#1943,#1945,#758,.T.);
#2407=EDGE_CURVE('',#1945,#1946,#759,.T.);
#2408=EDGE_CURVE('',#1946,#1944,#760,.T.);
#2409=EDGE_CURVE('',#1849,#1946,#761,.T.);
#2410=EDGE_CURVE('',#1945,#1850,#762,.T.);
#2411=EDGE_CURVE('',#1947,#1710,#763,.T.);
#2412=EDGE_CURVE('',#1709,#1948,#764,.T.);
#2413=EDGE_CURVE('',#1947,#1948,#765,.T.);
#2414=EDGE_CURVE('',#1708,#1949,#766,.T.);
#2415=EDGE_CURVE('',#1948,#1949,#767,.T.);
#2416=EDGE_CURVE('',#1707,#1950,#768,.T.);
#2417=EDGE_CURVE('',#1949,#1950,#769,.T.);
#2418=EDGE_CURVE('',#1950,#1947,#770,.T.);
#2419=EDGE_CURVE('',#1951,#1790,#771,.T.);
#2420=EDGE_CURVE('',#1789,#1952,#772,.T.);
#2421=EDGE_CURVE('',#1951,#1952,#773,.T.);
#2422=EDGE_CURVE('',#1788,#1953,#774,.T.);
#2423=EDGE_CURVE('',#1952,#1953,#775,.T.);
#2424=EDGE_CURVE('',#1787,#1954,#776,.T.);
#2425=EDGE_CURVE('',#1953,#1954,#777,.T.);
#2426=EDGE_CURVE('',#1954,#1951,#778,.T.);
#2427=EDGE_CURVE('',#1825,#1955,#779,.T.);
#2428=EDGE_CURVE('',#1956,#1955,#780,.T.);
#2429=EDGE_CURVE('',#1956,#1826,#781,.T.);
#2430=EDGE_CURVE('',#1957,#1823,#782,.T.);
#2431=EDGE_CURVE('',#1958,#1957,#783,.T.);
#2432=EDGE_CURVE('',#1824,#1958,#784,.T.);
#2433=EDGE_CURVE('',#1955,#1958,#785,.T.);
#2434=EDGE_CURVE('',#1957,#1956,#786,.T.);
#2435=EDGE_CURVE('',#1857,#1959,#787,.T.);
#2436=EDGE_CURVE('',#1960,#1959,#788,.T.);
#2437=EDGE_CURVE('',#1960,#1858,#789,.T.);
#2438=EDGE_CURVE('',#1961,#1855,#790,.T.);
#2439=EDGE_CURVE('',#1962,#1961,#791,.T.);
#2440=EDGE_CURVE('',#1856,#1962,#792,.T.);
#2441=EDGE_CURVE('',#1959,#1962,#793,.T.);
#2442=EDGE_CURVE('',#1961,#1960,#794,.T.);
#2443=EDGE_CURVE('',#1897,#1963,#795,.T.);
#2444=EDGE_CURVE('',#1964,#1963,#796,.T.);
#2445=EDGE_CURVE('',#1964,#1898,#797,.T.);
#2446=EDGE_CURVE('',#1965,#1895,#798,.T.);
#2447=EDGE_CURVE('',#1966,#1965,#799,.T.);
#2448=EDGE_CURVE('',#1896,#1966,#800,.T.);
#2449=EDGE_CURVE('',#1963,#1966,#801,.T.);
#2450=EDGE_CURVE('',#1965,#1964,#802,.T.);
#2451=EDGE_CURVE('',#1799,#1967,#803,.T.);
#2452=EDGE_CURVE('',#1968,#1967,#804,.T.);
#2453=EDGE_CURVE('',#1800,#1968,#805,.T.);
#2454=EDGE_CURVE('',#1969,#1968,#806,.T.);
#2455=EDGE_CURVE('',#1801,#1969,#807,.T.);
#2456=EDGE_CURVE('',#1970,#1802,#808,.T.);
#2457=EDGE_CURVE('',#1970,#1969,#809,.T.);
#2458=EDGE_CURVE('',#1967,#1970,#810,.T.);
#2459=EDGE_CURVE('',#1971,#1851,#811,.T.);
#2460=EDGE_CURVE('',#1972,#1971,#812,.T.);
#2461=EDGE_CURVE('',#1852,#1972,#813,.T.);
#2462=EDGE_CURVE('',#1971,#1973,#814,.T.);
#2463=EDGE_CURVE('',#1973,#1974,#815,.T.);
#2464=EDGE_CURVE('',#1974,#1972,#816,.T.);
#2465=EDGE_CURVE('',#1853,#1974,#817,.T.);
#2466=EDGE_CURVE('',#1973,#1854,#818,.T.);
#2467=EDGE_CURVE('',#1893,#1975,#819,.T.);
#2468=EDGE_CURVE('',#1976,#1975,#820,.T.);
#2469=EDGE_CURVE('',#1976,#1894,#821,.T.);
#2470=EDGE_CURVE('',#1977,#1891,#822,.T.);
#2471=EDGE_CURVE('',#1978,#1977,#823,.T.);
#2472=EDGE_CURVE('',#1892,#1978,#824,.T.);
#2473=EDGE_CURVE('',#1975,#1978,#825,.T.);
#2474=EDGE_CURVE('',#1977,#1976,#826,.T.);
#2475=EDGE_CURVE('',#1901,#1979,#827,.T.);
#2476=EDGE_CURVE('',#1980,#1979,#828,.T.);
#2477=EDGE_CURVE('',#1980,#1902,#829,.T.);
#2478=EDGE_CURVE('',#1981,#1899,#830,.T.);
#2479=EDGE_CURVE('',#1982,#1981,#831,.T.);
#2480=EDGE_CURVE('',#1900,#1982,#832,.T.);
#2481=EDGE_CURVE('',#1979,#1982,#833,.T.);
#2482=EDGE_CURVE('',#1981,#1980,#834,.T.);
#2483=EDGE_CURVE('',#1983,#1843,#835,.T.);
#2484=EDGE_CURVE('',#1984,#1983,#836,.T.);
#2485=EDGE_CURVE('',#1844,#1984,#837,.T.);
#2486=EDGE_CURVE('',#1983,#1985,#838,.T.);
#2487=EDGE_CURVE('',#1985,#1986,#839,.T.);
#2488=EDGE_CURVE('',#1986,#1984,#840,.T.);
#2489=EDGE_CURVE('',#1845,#1986,#841,.T.);
#2490=EDGE_CURVE('',#1985,#1846,#842,.T.);
#2491=EDGE_CURVE('',#1987,#1758,#843,.T.);
#2492=EDGE_CURVE('',#1757,#1988,#844,.T.);
#2493=EDGE_CURVE('',#1987,#1988,#845,.T.);
#2494=EDGE_CURVE('',#1756,#1989,#846,.T.);
#2495=EDGE_CURVE('',#1988,#1989,#847,.T.);
#2496=EDGE_CURVE('',#1755,#1990,#848,.T.);
#2497=EDGE_CURVE('',#1989,#1990,#849,.T.);
#2498=EDGE_CURVE('',#1990,#1987,#850,.T.);
#2499=EDGE_CURVE('',#1791,#1991,#851,.T.);
#2500=EDGE_CURVE('',#1992,#1991,#852,.T.);
#2501=EDGE_CURVE('',#1792,#1992,#853,.T.);
#2502=EDGE_CURVE('',#1993,#1992,#854,.T.);
#2503=EDGE_CURVE('',#1793,#1993,#855,.T.);
#2504=EDGE_CURVE('',#1994,#1794,#856,.T.);
#2505=EDGE_CURVE('',#1994,#1993,#857,.T.);
#2506=EDGE_CURVE('',#1991,#1994,#858,.T.);
#2507=EDGE_CURVE('',#1995,#1883,#859,.T.);
#2508=EDGE_CURVE('',#1996,#1995,#860,.T.);
#2509=EDGE_CURVE('',#1884,#1996,#861,.T.);
#2510=EDGE_CURVE('',#1995,#1997,#862,.T.);
#2511=EDGE_CURVE('',#1997,#1998,#863,.T.);
#2512=EDGE_CURVE('',#1998,#1996,#864,.T.);
#2513=EDGE_CURVE('',#1885,#1998,#865,.T.);
#2514=EDGE_CURVE('',#1997,#1886,#866,.T.);
#2515=EDGE_CURVE('',#1999,#1827,#867,.T.);
#2516=EDGE_CURVE('',#2000,#1999,#868,.T.);
#2517=EDGE_CURVE('',#1828,#2000,#869,.T.);
#2518=EDGE_CURVE('',#1999,#2001,#870,.T.);
#2519=EDGE_CURVE('',#2001,#2002,#871,.T.);
#2520=EDGE_CURVE('',#2002,#2000,#872,.T.);
#2521=EDGE_CURVE('',#1829,#2002,#873,.T.);
#2522=EDGE_CURVE('',#2001,#1830,#874,.T.);
#2523=EDGE_CURVE('',#2003,#1714,#875,.T.);
#2524=EDGE_CURVE('',#1713,#2004,#876,.T.);
#2525=EDGE_CURVE('',#2003,#2004,#877,.T.);
#2526=EDGE_CURVE('',#1712,#2005,#878,.T.);
#2527=EDGE_CURVE('',#2004,#2005,#879,.T.);
#2528=EDGE_CURVE('',#1711,#2006,#880,.T.);
#2529=EDGE_CURVE('',#2005,#2006,#881,.T.);
#2530=EDGE_CURVE('',#2006,#2003,#882,.T.);
#2531=EDGE_CURVE('',#2007,#1762,#883,.T.);
#2532=EDGE_CURVE('',#1761,#2008,#884,.T.);
#2533=EDGE_CURVE('',#2007,#2008,#885,.T.);
#2534=EDGE_CURVE('',#1760,#2009,#886,.T.);
#2535=EDGE_CURVE('',#2008,#2009,#887,.T.);
#2536=EDGE_CURVE('',#1759,#2010,#888,.T.);
#2537=EDGE_CURVE('',#2009,#2010,#889,.T.);
#2538=EDGE_CURVE('',#2010,#2007,#890,.T.);
#2539=EDGE_CURVE('',#2011,#1754,#891,.T.);
#2540=EDGE_CURVE('',#1753,#2012,#892,.T.);
#2541=EDGE_CURVE('',#2011,#2012,#893,.T.);
#2542=EDGE_CURVE('',#1752,#2013,#894,.T.);
#2543=EDGE_CURVE('',#2012,#2013,#895,.T.);
#2544=EDGE_CURVE('',#1751,#2014,#896,.T.);
#2545=EDGE_CURVE('',#2013,#2014,#897,.T.);
#2546=EDGE_CURVE('',#2014,#2011,#898,.T.);
#2547=EDGE_CURVE('',#2015,#2016,#899,.T.);
#2548=EDGE_CURVE('',#2016,#2017,#900,.T.);
#2549=EDGE_CURVE('',#2017,#2018,#901,.T.);
#2550=EDGE_CURVE('',#2018,#2015,#902,.T.);
#2551=EDGE_CURVE('',#1771,#2015,#903,.T.);
#2552=EDGE_CURVE('',#1772,#2018,#904,.T.);
#2553=EDGE_CURVE('',#1773,#2017,#905,.T.);
#2554=EDGE_CURVE('',#2016,#1774,#906,.T.);
#2555=EDGE_CURVE('',#2019,#1867,#907,.T.);
#2556=EDGE_CURVE('',#2020,#2019,#908,.T.);
#2557=EDGE_CURVE('',#1868,#2020,#909,.T.);
#2558=EDGE_CURVE('',#2019,#2021,#910,.T.);
#2559=EDGE_CURVE('',#2021,#2022,#911,.T.);
#2560=EDGE_CURVE('',#2022,#2020,#912,.T.);
#2561=EDGE_CURVE('',#1869,#2022,#913,.T.);
#2562=EDGE_CURVE('',#2021,#1870,#914,.T.);
#2563=EDGE_CURVE('',#2023,#1778,#915,.T.);
#2564=EDGE_CURVE('',#1777,#2024,#916,.T.);
#2565=EDGE_CURVE('',#2023,#2024,#917,.T.);
#2566=EDGE_CURVE('',#1776,#2025,#918,.T.);
#2567=EDGE_CURVE('',#2024,#2025,#919,.T.);
#2568=EDGE_CURVE('',#1775,#2026,#920,.T.);
#2569=EDGE_CURVE('',#2025,#2026,#921,.T.);
#2570=EDGE_CURVE('',#2026,#2023,#922,.T.);
#2571=EDGE_CURVE('',#2027,#2028,#923,.T.);
#2572=EDGE_CURVE('',#2028,#2029,#924,.T.);
#2573=EDGE_CURVE('',#2029,#2030,#925,.T.);
#2574=EDGE_CURVE('',#2030,#2027,#926,.T.);
#2575=EDGE_CURVE('',#1715,#2027,#927,.T.);
#2576=EDGE_CURVE('',#1716,#2030,#928,.T.);
#2577=EDGE_CURVE('',#1717,#2029,#929,.T.);
#2578=EDGE_CURVE('',#2028,#1718,#930,.T.);
#2579=EDGE_CURVE('',#2031,#2032,#931,.T.);
#2580=EDGE_CURVE('',#2032,#2033,#932,.T.);
#2581=EDGE_CURVE('',#2033,#2034,#933,.T.);
#2582=EDGE_CURVE('',#2034,#2031,#934,.T.);
#2583=EDGE_CURVE('',#1743,#2031,#935,.T.);
#2584=EDGE_CURVE('',#1744,#2034,#936,.T.);
#2585=EDGE_CURVE('',#1745,#2033,#937,.T.);
#2586=EDGE_CURVE('',#2032,#1746,#938,.T.);
#2587=EDGE_CURVE('',#1813,#2035,#939,.T.);
#2588=EDGE_CURVE('',#2036,#2035,#940,.T.);
#2589=EDGE_CURVE('',#2036,#1814,#941,.T.);
#2590=EDGE_CURVE('',#1811,#2037,#942,.T.);
#2591=EDGE_CURVE('',#2038,#2037,#943,.T.);
#2592=EDGE_CURVE('',#1812,#2038,#944,.T.);
#2593=EDGE_CURVE('',#2035,#2038,#945,.T.);
#2594=EDGE_CURVE('',#2037,#2036,#946,.T.);
#2595=EDGE_CURVE('',#1821,#2039,#947,.T.);
#2596=EDGE_CURVE('',#2040,#2039,#948,.T.);
#2597=EDGE_CURVE('',#2040,#1822,#949,.T.);
#2598=EDGE_CURVE('',#2041,#1819,#950,.T.);
#2599=EDGE_CURVE('',#2042,#2041,#951,.T.);
#2600=EDGE_CURVE('',#1820,#2042,#952,.T.);
#2601=EDGE_CURVE('',#2039,#2042,#953,.T.);
#2602=EDGE_CURVE('',#2041,#2040,#954,.T.);
#2603=EDGE_CURVE('',#2043,#1782,#955,.T.);
#2604=EDGE_CURVE('',#1781,#2044,#956,.T.);
#2605=EDGE_CURVE('',#2043,#2044,#957,.T.);
#2606=EDGE_CURVE('',#1780,#2045,#958,.T.);
#2607=EDGE_CURVE('',#2044,#2045,#959,.T.);
#2608=EDGE_CURVE('',#1779,#2046,#960,.T.);
#2609=EDGE_CURVE('',#2045,#2046,#961,.T.);
#2610=EDGE_CURVE('',#2046,#2043,#962,.T.);
#2611=EDGE_CURVE('',#2047,#1879,#963,.T.);
#2612=EDGE_CURVE('',#2048,#2047,#964,.T.);
#2613=EDGE_CURVE('',#1880,#2048,#965,.T.);
#2614=EDGE_CURVE('',#1881,#2049,#966,.T.);
#2615=EDGE_CURVE('',#2050,#2049,#967,.T.);
#2616=EDGE_CURVE('',#2050,#1882,#968,.T.);
#2617=EDGE_CURVE('',#2049,#2048,#969,.T.);
#2618=EDGE_CURVE('',#2047,#2050,#970,.T.);
#2619=EDGE_CURVE('',#1872,#2051,#971,.T.);
#2620=EDGE_CURVE('',#2052,#2051,#972,.T.);
#2621=EDGE_CURVE('',#1873,#2052,#973,.T.);
#2622=EDGE_CURVE('',#2053,#1871,#974,.T.);
#2623=EDGE_CURVE('',#2051,#2053,#975,.T.);
#2624=EDGE_CURVE('',#2053,#2054,#976,.T.);
#2625=EDGE_CURVE('',#2054,#2052,#977,.T.);
#2626=EDGE_CURVE('',#1874,#2054,#978,.T.);
#2627=EDGE_CURVE('',#1906,#2055,#979,.T.);
#2628=EDGE_CURVE('',#2056,#2055,#980,.T.);
#2629=EDGE_CURVE('',#2056,#1903,#981,.T.);
#2630=EDGE_CURVE('',#1890,#2057,#982,.T.);
#2631=EDGE_CURVE('',#2058,#2057,#983,.T.);
#2632=EDGE_CURVE('',#2058,#1887,#984,.T.);
#2633=EDGE_CURVE('',#2059,#1866,#985,.T.);
#2634=EDGE_CURVE('',#2060,#2059,#986,.T.);
#2635=EDGE_CURVE('',#2060,#1863,#987,.T.);
#2636=EDGE_CURVE('',#1747,#1838,#988,.T.);
#2637=EDGE_CURVE('',#2061,#1730,#989,.T.);
#2638=EDGE_CURVE('',#2062,#2061,#990,.T.);
#2639=EDGE_CURVE('',#1727,#2062,#991,.T.);
#2640=EDGE_CURVE('',#2063,#1786,#992,.T.);
#2641=EDGE_CURVE('',#2064,#2063,#993,.T.);
#2642=EDGE_CURVE('',#1783,#2064,#994,.T.);
#2643=EDGE_CURVE('',#2065,#1770,#995,.T.);
#2644=EDGE_CURVE('',#2066,#2065,#996,.T.);
#2645=EDGE_CURVE('',#1767,#2066,#997,.T.);
#2646=EDGE_CURVE('',#2067,#1766,#998,.T.);
#2647=EDGE_CURVE('',#2068,#2067,#999,.T.);
#2648=EDGE_CURVE('',#1763,#2068,#1000,.T.);
#2649=EDGE_CURVE('',#1835,#1750,#1001,.T.);
#2650=EDGE_CURVE('',#2069,#1834,#1002,.T.);
#2651=EDGE_CURVE('',#2070,#2069,#1003,.T.);
#2652=EDGE_CURVE('',#2070,#1831,#1004,.T.);
#2653=EDGE_CURVE('',#2071,#1818,#1005,.T.);
#2654=EDGE_CURVE('',#2072,#2071,#1006,.T.);
#2655=EDGE_CURVE('',#2072,#1815,#1007,.T.);
#2656=EDGE_CURVE('',#2073,#2073,#29,.T.);
#2657=EDGE_CURVE('',#2074,#2074,#30,.T.);
#2658=EDGE_CURVE('',#2075,#2075,#31,.T.);
#2659=EDGE_CURVE('',#2076,#2076,#32,.T.);
#2660=EDGE_CURVE('',#2077,#2078,#1008,.T.);
#2661=EDGE_CURVE('',#2079,#2077,#1009,.T.);
#2662=EDGE_CURVE('',#2080,#2079,#1010,.T.);
#2663=EDGE_CURVE('',#2081,#2080,#1011,.T.);
#2664=EDGE_CURVE('',#2082,#2081,#1012,.T.);
#2665=EDGE_CURVE('',#2083,#2082,#1013,.T.);
#2666=EDGE_CURVE('',#2084,#2083,#1014,.T.);
#2667=EDGE_CURVE('',#2078,#2084,#1015,.T.);
#2668=EDGE_CURVE('',#1765,#2085,#1016,.T.);
#2669=EDGE_CURVE('',#2067,#2085,#1017,.T.);
#2670=EDGE_CURVE('',#1764,#2086,#1018,.T.);
#2671=EDGE_CURVE('',#2085,#2086,#1019,.T.);
#2672=EDGE_CURVE('',#2086,#2068,#1020,.T.);
#2673=EDGE_CURVE('',#1905,#2087,#1021,.T.);
#2674=EDGE_CURVE('',#2055,#2087,#1022,.T.);
#2675=EDGE_CURVE('',#1904,#2088,#1023,.T.);
#2676=EDGE_CURVE('',#2087,#2088,#1024,.T.);
#2677=EDGE_CURVE('',#2088,#2056,#1025,.T.);
#2678=EDGE_CURVE('',#2089,#2060,#1026,.T.);
#2679=EDGE_CURVE('',#1864,#2089,#1027,.T.);
#2680=EDGE_CURVE('',#1865,#2090,#1028,.T.);
#2681=EDGE_CURVE('',#2059,#2090,#1029,.T.);
#2682=EDGE_CURVE('',#2090,#2089,#1030,.T.);
#2683=EDGE_CURVE('',#2061,#2091,#1031,.T.);
#2684=EDGE_CURVE('',#2091,#2092,#1032,.T.);
#2685=EDGE_CURVE('',#2092,#2062,#1033,.T.);
#2686=EDGE_CURVE('',#1728,#2092,#1034,.T.);
#2687=EDGE_CURVE('',#1729,#2091,#1035,.T.);
#2688=EDGE_CURVE('',#2065,#2093,#1036,.T.);
#2689=EDGE_CURVE('',#2093,#2094,#1037,.T.);
#2690=EDGE_CURVE('',#2094,#2066,#1038,.T.);
#2691=EDGE_CURVE('',#1768,#2094,#1039,.T.);
#2692=EDGE_CURVE('',#1769,#2093,#1040,.T.);
#2693=EDGE_CURVE('',#1785,#2095,#1041,.T.);
#2694=EDGE_CURVE('',#2063,#2095,#1042,.T.);
#2695=EDGE_CURVE('',#1784,#2096,#1043,.T.);
#2696=EDGE_CURVE('',#2095,#2096,#1044,.T.);
#2697=EDGE_CURVE('',#2096,#2064,#1045,.T.);
#2698=EDGE_CURVE('',#1889,#2097,#1046,.T.);
#2699=EDGE_CURVE('',#2057,#2097,#1047,.T.);
#2700=EDGE_CURVE('',#1888,#2098,#1048,.T.);
#2701=EDGE_CURVE('',#2097,#2098,#1049,.T.);
#2702=EDGE_CURVE('',#2098,#2058,#1050,.T.);
#2703=EDGE_CURVE('',#1817,#2099,#1051,.T.);
#2704=EDGE_CURVE('',#2071,#2099,#1052,.T.);
#2705=EDGE_CURVE('',#2099,#2100,#1053,.T.);
#2706=EDGE_CURVE('',#2100,#2072,#1054,.T.);
#2707=EDGE_CURVE('',#1816,#2100,#1055,.T.);
#2708=EDGE_CURVE('',#2101,#2070,#1056,.T.);
#2709=EDGE_CURVE('',#1832,#2101,#1057,.T.);
#2710=EDGE_CURVE('',#2069,#2102,#1058,.T.);
#2711=EDGE_CURVE('',#2102,#2101,#1059,.T.);
#2712=EDGE_CURVE('',#1833,#2102,#1060,.T.);
#2713=EDGE_CURVE('',#2103,#2103,#33,.T.);
#2714=EDGE_CURVE('',#2103,#2073,#1061,.T.);
#2715=EDGE_CURVE('',#2104,#2104,#34,.T.);
#2716=EDGE_CURVE('',#2104,#2074,#1062,.T.);
#2717=EDGE_CURVE('',#2105,#2105,#35,.T.);
#2718=EDGE_CURVE('',#2105,#2075,#1063,.T.);
#2719=EDGE_CURVE('',#2106,#2106,#36,.T.);
#2720=EDGE_CURVE('',#2106,#2076,#1064,.T.);
#2721=EDGE_CURVE('',#2077,#2107,#1065,.T.);
#2722=EDGE_CURVE('',#2108,#2107,#1066,.T.);
#2723=EDGE_CURVE('',#2079,#2108,#1067,.T.);
#2724=EDGE_CURVE('',#2109,#2108,#1068,.T.);
#2725=EDGE_CURVE('',#2080,#2109,#1069,.T.);
#2726=EDGE_CURVE('',#2110,#2109,#1070,.T.);
#2727=EDGE_CURVE('',#2081,#2110,#1071,.T.);
#2728=EDGE_CURVE('',#2111,#2110,#1072,.T.);
#2729=EDGE_CURVE('',#2082,#2111,#1073,.T.);
#2730=EDGE_CURVE('',#2112,#2111,#1074,.T.);
#2731=EDGE_CURVE('',#2083,#2112,#1075,.T.);
#2732=EDGE_CURVE('',#2113,#2112,#1076,.T.);
#2733=EDGE_CURVE('',#2084,#2113,#1077,.T.);
#2734=EDGE_CURVE('',#2114,#2113,#1078,.T.);
#2735=EDGE_CURVE('',#2078,#2114,#1079,.T.);
#2736=EDGE_CURVE('',#2107,#2114,#1080,.T.);
#2737=EDGE_CURVE('',#1748,#1837,#1081,.T.);
#2738=EDGE_CURVE('',#1836,#1749,#1082,.T.);
#2739=ORIENTED_EDGE('',*,*,#2115,.T.);
#2740=ORIENTED_EDGE('',*,*,#2116,.F.);
#2741=ORIENTED_EDGE('',*,*,#2117,.T.);
#2742=ORIENTED_EDGE('',*,*,#2118,.F.);
#2743=ORIENTED_EDGE('',*,*,#2119,.F.);
#2744=ORIENTED_EDGE('',*,*,#2120,.T.);
#2745=ORIENTED_EDGE('',*,*,#2121,.F.);
#2746=ORIENTED_EDGE('',*,*,#2117,.F.);
#2747=ORIENTED_EDGE('',*,*,#2122,.T.);
#2748=ORIENTED_EDGE('',*,*,#2123,.F.);
#2749=ORIENTED_EDGE('',*,*,#2120,.F.);
#2750=ORIENTED_EDGE('',*,*,#2124,.F.);
#2751=ORIENTED_EDGE('',*,*,#2125,.T.);
#2752=ORIENTED_EDGE('',*,*,#2118,.T.);
#2753=ORIENTED_EDGE('',*,*,#2121,.T.);
#2754=ORIENTED_EDGE('',*,*,#2123,.T.);
#2755=ORIENTED_EDGE('',*,*,#2124,.T.);
#2756=ORIENTED_EDGE('',*,*,#2119,.T.);
#2757=ORIENTED_EDGE('',*,*,#2116,.T.);
#2758=ORIENTED_EDGE('',*,*,#2126,.F.);
#2759=ORIENTED_EDGE('',*,*,#2127,.T.);
#2760=ORIENTED_EDGE('',*,*,#2128,.T.);
#2761=ORIENTED_EDGE('',*,*,#2129,.T.);
#2762=ORIENTED_EDGE('',*,*,#2130,.F.);
#2763=ORIENTED_EDGE('',*,*,#2131,.T.);
#2764=ORIENTED_EDGE('',*,*,#2132,.T.);
#2765=ORIENTED_EDGE('',*,*,#2133,.T.);
#2766=ORIENTED_EDGE('',*,*,#2134,.F.);
#2767=ORIENTED_EDGE('',*,*,#2135,.T.);
#2768=ORIENTED_EDGE('',*,*,#2136,.T.);
#2769=ORIENTED_EDGE('',*,*,#2137,.T.);
#2770=ORIENTED_EDGE('',*,*,#2138,.F.);
#2771=ORIENTED_EDGE('',*,*,#2139,.T.);
#2772=ORIENTED_EDGE('',*,*,#2140,.T.);
#2773=ORIENTED_EDGE('',*,*,#2141,.T.);
#2774=ORIENTED_EDGE('',*,*,#2142,.F.);
#2775=ORIENTED_EDGE('',*,*,#2143,.T.);
#2776=ORIENTED_EDGE('',*,*,#2144,.T.);
#2777=ORIENTED_EDGE('',*,*,#2145,.T.);
#2778=ORIENTED_EDGE('',*,*,#2146,.F.);
#2779=ORIENTED_EDGE('',*,*,#2147,.T.);
#2780=ORIENTED_EDGE('',*,*,#2148,.T.);
#2781=ORIENTED_EDGE('',*,*,#2149,.T.);
#2782=ORIENTED_EDGE('',*,*,#2150,.F.);
#2783=ORIENTED_EDGE('',*,*,#2151,.T.);
#2784=ORIENTED_EDGE('',*,*,#2152,.T.);
#2785=ORIENTED_EDGE('',*,*,#2153,.T.);
#2786=ORIENTED_EDGE('',*,*,#2154,.F.);
#2787=ORIENTED_EDGE('',*,*,#2155,.T.);
#2788=ORIENTED_EDGE('',*,*,#2156,.T.);
#2789=ORIENTED_EDGE('',*,*,#2157,.T.);
#2790=ORIENTED_EDGE('',*,*,#2158,.F.);
#2791=ORIENTED_EDGE('',*,*,#2159,.T.);
#2792=ORIENTED_EDGE('',*,*,#2160,.T.);
#2793=ORIENTED_EDGE('',*,*,#2161,.T.);
#2794=ORIENTED_EDGE('',*,*,#2162,.F.);
#2795=ORIENTED_EDGE('',*,*,#2163,.T.);
#2796=ORIENTED_EDGE('',*,*,#2164,.T.);
#2797=ORIENTED_EDGE('',*,*,#2165,.T.);
#2798=ORIENTED_EDGE('',*,*,#2166,.F.);
#2799=ORIENTED_EDGE('',*,*,#2167,.T.);
#2800=ORIENTED_EDGE('',*,*,#2168,.F.);
#2801=ORIENTED_EDGE('',*,*,#2169,.F.);
#2802=ORIENTED_EDGE('',*,*,#2170,.F.);
#2803=ORIENTED_EDGE('',*,*,#2171,.T.);
#2804=ORIENTED_EDGE('',*,*,#2172,.T.);
#2805=ORIENTED_EDGE('',*,*,#2173,.T.);
#2806=ORIENTED_EDGE('',*,*,#2174,.F.);
#2807=ORIENTED_EDGE('',*,*,#2175,.T.);
#2808=ORIENTED_EDGE('',*,*,#2176,.T.);
#2809=ORIENTED_EDGE('',*,*,#2177,.T.);
#2810=ORIENTED_EDGE('',*,*,#2178,.F.);
#2811=ORIENTED_EDGE('',*,*,#2179,.T.);
#2812=ORIENTED_EDGE('',*,*,#2180,.T.);
#2813=ORIENTED_EDGE('',*,*,#2181,.T.);
#2814=ORIENTED_EDGE('',*,*,#2182,.F.);
#2815=ORIENTED_EDGE('',*,*,#2183,.T.);
#2816=ORIENTED_EDGE('',*,*,#2184,.T.);
#2817=ORIENTED_EDGE('',*,*,#2185,.T.);
#2818=ORIENTED_EDGE('',*,*,#2186,.F.);
#2819=ORIENTED_EDGE('',*,*,#2187,.T.);
#2820=ORIENTED_EDGE('',*,*,#2188,.T.);
#2821=ORIENTED_EDGE('',*,*,#2189,.T.);
#2822=ORIENTED_EDGE('',*,*,#2190,.F.);
#2823=ORIENTED_EDGE('',*,*,#2191,.T.);
#2824=ORIENTED_EDGE('',*,*,#2192,.T.);
#2825=ORIENTED_EDGE('',*,*,#2193,.T.);
#2826=ORIENTED_EDGE('',*,*,#2194,.F.);
#2827=ORIENTED_EDGE('',*,*,#2195,.T.);
#2828=ORIENTED_EDGE('',*,*,#2196,.T.);
#2829=ORIENTED_EDGE('',*,*,#2197,.T.);
#2830=ORIENTED_EDGE('',*,*,#2198,.F.);
#2831=ORIENTED_EDGE('',*,*,#2199,.T.);
#2832=ORIENTED_EDGE('',*,*,#2200,.T.);
#2833=ORIENTED_EDGE('',*,*,#2201,.T.);
#2834=ORIENTED_EDGE('',*,*,#2202,.F.);
#2835=ORIENTED_EDGE('',*,*,#2203,.T.);
#2836=ORIENTED_EDGE('',*,*,#2204,.T.);
#2837=ORIENTED_EDGE('',*,*,#2205,.T.);
#2838=ORIENTED_EDGE('',*,*,#2206,.F.);
#2839=ORIENTED_EDGE('',*,*,#2207,.T.);
#2840=ORIENTED_EDGE('',*,*,#2208,.T.);
#2841=ORIENTED_EDGE('',*,*,#2209,.T.);
#2842=ORIENTED_EDGE('',*,*,#2210,.F.);
#2843=ORIENTED_EDGE('',*,*,#2211,.T.);
#2844=ORIENTED_EDGE('',*,*,#2212,.T.);
#2845=ORIENTED_EDGE('',*,*,#2213,.T.);
#2846=ORIENTED_EDGE('',*,*,#2214,.F.);
#2847=ORIENTED_EDGE('',*,*,#2215,.T.);
#2848=ORIENTED_EDGE('',*,*,#2216,.T.);
#2849=ORIENTED_EDGE('',*,*,#2217,.T.);
#2850=ORIENTED_EDGE('',*,*,#2218,.F.);
#2851=ORIENTED_EDGE('',*,*,#2219,.T.);
#2852=ORIENTED_EDGE('',*,*,#2220,.T.);
#2853=ORIENTED_EDGE('',*,*,#2221,.T.);
#2854=ORIENTED_EDGE('',*,*,#2222,.F.);
#2855=ORIENTED_EDGE('',*,*,#2223,.F.);
#2856=ORIENTED_EDGE('',*,*,#2224,.T.);
#2857=ORIENTED_EDGE('',*,*,#2225,.F.);
#2858=ORIENTED_EDGE('',*,*,#2226,.T.);
#2859=ORIENTED_EDGE('',*,*,#2227,.F.);
#2860=ORIENTED_EDGE('',*,*,#2228,.F.);
#2861=ORIENTED_EDGE('',*,*,#2229,.F.);
#2862=ORIENTED_EDGE('',*,*,#2230,.F.);
#2863=ORIENTED_EDGE('',*,*,#2231,.F.);
#2864=ORIENTED_EDGE('',*,*,#2230,.T.);
#2865=ORIENTED_EDGE('',*,*,#2232,.F.);
#2866=ORIENTED_EDGE('',*,*,#2224,.F.);
#2867=ORIENTED_EDGE('',*,*,#2233,.T.);
#2868=ORIENTED_EDGE('',*,*,#2225,.T.);
#2869=ORIENTED_EDGE('',*,*,#2232,.T.);
#2870=ORIENTED_EDGE('',*,*,#2229,.T.);
#2871=ORIENTED_EDGE('',*,*,#2227,.T.);
#2872=ORIENTED_EDGE('',*,*,#2231,.T.);
#2873=ORIENTED_EDGE('',*,*,#2223,.T.);
#2874=ORIENTED_EDGE('',*,*,#2234,.F.);
#2875=ORIENTED_EDGE('',*,*,#2235,.T.);
#2876=ORIENTED_EDGE('',*,*,#2236,.T.);
#2877=ORIENTED_EDGE('',*,*,#2237,.T.);
#2878=ORIENTED_EDGE('',*,*,#2238,.F.);
#2879=ORIENTED_EDGE('',*,*,#2239,.T.);
#2880=ORIENTED_EDGE('',*,*,#2240,.T.);
#2881=ORIENTED_EDGE('',*,*,#2241,.T.);
#2882=ORIENTED_EDGE('',*,*,#2242,.F.);
#2883=ORIENTED_EDGE('',*,*,#2243,.T.);
#2884=ORIENTED_EDGE('',*,*,#2244,.T.);
#2885=ORIENTED_EDGE('',*,*,#2245,.T.);
#2886=ORIENTED_EDGE('',*,*,#2246,.F.);
#2887=ORIENTED_EDGE('',*,*,#2247,.T.);
#2888=ORIENTED_EDGE('',*,*,#2248,.T.);
#2889=ORIENTED_EDGE('',*,*,#2249,.T.);
#2890=ORIENTED_EDGE('',*,*,#2250,.F.);
#2891=ORIENTED_EDGE('',*,*,#2251,.T.);
#2892=ORIENTED_EDGE('',*,*,#2252,.T.);
#2893=ORIENTED_EDGE('',*,*,#2253,.T.);
#2894=ORIENTED_EDGE('',*,*,#2254,.F.);
#2895=ORIENTED_EDGE('',*,*,#2255,.T.);
#2896=ORIENTED_EDGE('',*,*,#2256,.T.);
#2897=ORIENTED_EDGE('',*,*,#2257,.T.);
#2898=ORIENTED_EDGE('',*,*,#2258,.F.);
#2899=ORIENTED_EDGE('',*,*,#2259,.T.);
#2900=ORIENTED_EDGE('',*,*,#2260,.F.);
#2901=ORIENTED_EDGE('',*,*,#2261,.F.);
#2902=ORIENTED_EDGE('',*,*,#2262,.F.);
#2903=ORIENTED_EDGE('',*,*,#2263,.T.);
#2904=ORIENTED_EDGE('',*,*,#2264,.T.);
#2905=ORIENTED_EDGE('',*,*,#2265,.T.);
#2906=ORIENTED_EDGE('',*,*,#2266,.F.);
#2907=ORIENTED_EDGE('',*,*,#2267,.T.);
#2908=ORIENTED_EDGE('',*,*,#2268,.T.);
#2909=ORIENTED_EDGE('',*,*,#2269,.T.);
#2910=ORIENTED_EDGE('',*,*,#2270,.F.);
#2911=ORIENTED_EDGE('',*,*,#2271,.T.);
#2912=ORIENTED_EDGE('',*,*,#2272,.T.);
#2913=ORIENTED_EDGE('',*,*,#2273,.T.);
#2914=ORIENTED_EDGE('',*,*,#2274,.F.);
#2915=ORIENTED_EDGE('',*,*,#2275,.T.);
#2916=ORIENTED_EDGE('',*,*,#2276,.T.);
#2917=ORIENTED_EDGE('',*,*,#2277,.T.);
#2918=ORIENTED_EDGE('',*,*,#2278,.F.);
#2919=ORIENTED_EDGE('',*,*,#2279,.T.);
#2920=ORIENTED_EDGE('',*,*,#2280,.T.);
#2921=ORIENTED_EDGE('',*,*,#2281,.T.);
#2922=ORIENTED_EDGE('',*,*,#2282,.F.);
#2923=ORIENTED_EDGE('',*,*,#2283,.T.);
#2924=ORIENTED_EDGE('',*,*,#2284,.T.);
#2925=ORIENTED_EDGE('',*,*,#2285,.T.);
#2926=ORIENTED_EDGE('',*,*,#2286,.F.);
#2927=ORIENTED_EDGE('',*,*,#2287,.T.);
#2928=ORIENTED_EDGE('',*,*,#2288,.T.);
#2929=ORIENTED_EDGE('',*,*,#2289,.T.);
#2930=ORIENTED_EDGE('',*,*,#2290,.F.);
#2931=ORIENTED_EDGE('',*,*,#2291,.T.);
#2932=ORIENTED_EDGE('',*,*,#2292,.T.);
#2933=ORIENTED_EDGE('',*,*,#2293,.T.);
#2934=ORIENTED_EDGE('',*,*,#2294,.F.);
#2935=ORIENTED_EDGE('',*,*,#2295,.T.);
#2936=ORIENTED_EDGE('',*,*,#2296,.T.);
#2937=ORIENTED_EDGE('',*,*,#2297,.T.);
#2938=ORIENTED_EDGE('',*,*,#2298,.F.);
#2939=ORIENTED_EDGE('',*,*,#2299,.T.);
#2940=ORIENTED_EDGE('',*,*,#2300,.T.);
#2941=ORIENTED_EDGE('',*,*,#2301,.T.);
#2942=ORIENTED_EDGE('',*,*,#2302,.F.);
#2943=ORIENTED_EDGE('',*,*,#2303,.T.);
#2944=ORIENTED_EDGE('',*,*,#2304,.T.);
#2945=ORIENTED_EDGE('',*,*,#2305,.T.);
#2946=ORIENTED_EDGE('',*,*,#2306,.F.);
#2947=ORIENTED_EDGE('',*,*,#2307,.T.);
#2948=ORIENTED_EDGE('',*,*,#2308,.T.);
#2949=ORIENTED_EDGE('',*,*,#2309,.T.);
#2950=ORIENTED_EDGE('',*,*,#2310,.F.);
#2951=ORIENTED_EDGE('',*,*,#2311,.T.);
#2952=ORIENTED_EDGE('',*,*,#2312,.T.);
#2953=ORIENTED_EDGE('',*,*,#2313,.T.);
#2954=ORIENTED_EDGE('',*,*,#2314,.F.);
#2955=ORIENTED_EDGE('',*,*,#2315,.T.);
#2956=ORIENTED_EDGE('',*,*,#2316,.T.);
#2957=ORIENTED_EDGE('',*,*,#2317,.T.);
#2958=ORIENTED_EDGE('',*,*,#2318,.F.);
#2959=ORIENTED_EDGE('',*,*,#2319,.T.);
#2960=ORIENTED_EDGE('',*,*,#2320,.T.);
#2961=ORIENTED_EDGE('',*,*,#2321,.T.);
#2962=ORIENTED_EDGE('',*,*,#2322,.F.);
#2963=ORIENTED_EDGE('',*,*,#2323,.T.);
#2964=ORIENTED_EDGE('',*,*,#2324,.T.);
#2965=ORIENTED_EDGE('',*,*,#2325,.T.);
#2966=ORIENTED_EDGE('',*,*,#2326,.F.);
#2967=ORIENTED_EDGE('',*,*,#2327,.T.);
#2968=ORIENTED_EDGE('',*,*,#2328,.T.);
#2969=ORIENTED_EDGE('',*,*,#2329,.T.);
#2970=ORIENTED_EDGE('',*,*,#2330,.F.);
#2971=ORIENTED_EDGE('',*,*,#2331,.T.);
#2972=ORIENTED_EDGE('',*,*,#2332,.T.);
#2973=ORIENTED_EDGE('',*,*,#2333,.T.);
#2974=ORIENTED_EDGE('',*,*,#2334,.T.);
#2975=ORIENTED_EDGE('',*,*,#2335,.T.);
#2976=ORIENTED_EDGE('',*,*,#2334,.F.);
#2977=ORIENTED_EDGE('',*,*,#2336,.F.);
#2978=ORIENTED_EDGE('',*,*,#2143,.F.);
#2979=ORIENTED_EDGE('',*,*,#2144,.F.);
#2980=ORIENTED_EDGE('',*,*,#2336,.T.);
#2981=ORIENTED_EDGE('',*,*,#2333,.F.);
#2982=ORIENTED_EDGE('',*,*,#2337,.F.);
#2983=ORIENTED_EDGE('',*,*,#2338,.T.);
#2984=ORIENTED_EDGE('',*,*,#2145,.F.);
#2985=ORIENTED_EDGE('',*,*,#2337,.T.);
#2986=ORIENTED_EDGE('',*,*,#2332,.F.);
#2987=ORIENTED_EDGE('',*,*,#2299,.F.);
#2988=ORIENTED_EDGE('',*,*,#2339,.F.);
#2989=ORIENTED_EDGE('',*,*,#2340,.F.);
#2990=ORIENTED_EDGE('',*,*,#2341,.F.);
#2991=ORIENTED_EDGE('',*,*,#2342,.T.);
#2992=ORIENTED_EDGE('',*,*,#2343,.T.);
#2993=ORIENTED_EDGE('',*,*,#2344,.T.);
#2994=ORIENTED_EDGE('',*,*,#2340,.T.);
#2995=ORIENTED_EDGE('',*,*,#2300,.F.);
#2996=ORIENTED_EDGE('',*,*,#2341,.T.);
#2997=ORIENTED_EDGE('',*,*,#2344,.F.);
#2998=ORIENTED_EDGE('',*,*,#2345,.F.);
#2999=ORIENTED_EDGE('',*,*,#2301,.F.);
#3000=ORIENTED_EDGE('',*,*,#2345,.T.);
#3001=ORIENTED_EDGE('',*,*,#2343,.F.);
#3002=ORIENTED_EDGE('',*,*,#2346,.T.);
#3003=ORIENTED_EDGE('',*,*,#2283,.F.);
#3004=ORIENTED_EDGE('',*,*,#2347,.F.);
#3005=ORIENTED_EDGE('',*,*,#2348,.F.);
#3006=ORIENTED_EDGE('',*,*,#2349,.F.);
#3007=ORIENTED_EDGE('',*,*,#2350,.T.);
#3008=ORIENTED_EDGE('',*,*,#2351,.T.);
#3009=ORIENTED_EDGE('',*,*,#2352,.T.);
#3010=ORIENTED_EDGE('',*,*,#2348,.T.);
#3011=ORIENTED_EDGE('',*,*,#2284,.F.);
#3012=ORIENTED_EDGE('',*,*,#2349,.T.);
#3013=ORIENTED_EDGE('',*,*,#2352,.F.);
#3014=ORIENTED_EDGE('',*,*,#2353,.F.);
#3015=ORIENTED_EDGE('',*,*,#2285,.F.);
#3016=ORIENTED_EDGE('',*,*,#2353,.T.);
#3017=ORIENTED_EDGE('',*,*,#2351,.F.);
#3018=ORIENTED_EDGE('',*,*,#2354,.T.);
#3019=ORIENTED_EDGE('',*,*,#2355,.T.);
#3020=ORIENTED_EDGE('',*,*,#2356,.T.);
#3021=ORIENTED_EDGE('',*,*,#2357,.T.);
#3022=ORIENTED_EDGE('',*,*,#2358,.T.);
#3023=ORIENTED_EDGE('',*,*,#2359,.T.);
#3024=ORIENTED_EDGE('',*,*,#2358,.F.);
#3025=ORIENTED_EDGE('',*,*,#2360,.F.);
#3026=ORIENTED_EDGE('',*,*,#2155,.F.);
#3027=ORIENTED_EDGE('',*,*,#2156,.F.);
#3028=ORIENTED_EDGE('',*,*,#2360,.T.);
#3029=ORIENTED_EDGE('',*,*,#2357,.F.);
#3030=ORIENTED_EDGE('',*,*,#2361,.F.);
#3031=ORIENTED_EDGE('',*,*,#2362,.T.);
#3032=ORIENTED_EDGE('',*,*,#2157,.F.);
#3033=ORIENTED_EDGE('',*,*,#2361,.T.);
#3034=ORIENTED_EDGE('',*,*,#2356,.F.);
#3035=ORIENTED_EDGE('',*,*,#2363,.T.);
#3036=ORIENTED_EDGE('',*,*,#2364,.T.);
#3037=ORIENTED_EDGE('',*,*,#2365,.T.);
#3038=ORIENTED_EDGE('',*,*,#2366,.T.);
#3039=ORIENTED_EDGE('',*,*,#2367,.T.);
#3040=ORIENTED_EDGE('',*,*,#2366,.F.);
#3041=ORIENTED_EDGE('',*,*,#2368,.F.);
#3042=ORIENTED_EDGE('',*,*,#2139,.F.);
#3043=ORIENTED_EDGE('',*,*,#2140,.F.);
#3044=ORIENTED_EDGE('',*,*,#2368,.T.);
#3045=ORIENTED_EDGE('',*,*,#2365,.F.);
#3046=ORIENTED_EDGE('',*,*,#2369,.F.);
#3047=ORIENTED_EDGE('',*,*,#2370,.T.);
#3048=ORIENTED_EDGE('',*,*,#2141,.F.);
#3049=ORIENTED_EDGE('',*,*,#2369,.T.);
#3050=ORIENTED_EDGE('',*,*,#2364,.F.);
#3051=ORIENTED_EDGE('',*,*,#2371,.T.);
#3052=ORIENTED_EDGE('',*,*,#2372,.F.);
#3053=ORIENTED_EDGE('',*,*,#2373,.F.);
#3054=ORIENTED_EDGE('',*,*,#2215,.F.);
#3055=ORIENTED_EDGE('',*,*,#2216,.F.);
#3056=ORIENTED_EDGE('',*,*,#2373,.T.);
#3057=ORIENTED_EDGE('',*,*,#2374,.F.);
#3058=ORIENTED_EDGE('',*,*,#2375,.F.);
#3059=ORIENTED_EDGE('',*,*,#2376,.T.);
#3060=ORIENTED_EDGE('',*,*,#2217,.F.);
#3061=ORIENTED_EDGE('',*,*,#2375,.T.);
#3062=ORIENTED_EDGE('',*,*,#2377,.F.);
#3063=ORIENTED_EDGE('',*,*,#2378,.T.);
#3064=ORIENTED_EDGE('',*,*,#2377,.T.);
#3065=ORIENTED_EDGE('',*,*,#2374,.T.);
#3066=ORIENTED_EDGE('',*,*,#2372,.T.);
#3067=ORIENTED_EDGE('',*,*,#2379,.T.);
#3068=ORIENTED_EDGE('',*,*,#2161,.F.);
#3069=ORIENTED_EDGE('',*,*,#2380,.T.);
#3070=ORIENTED_EDGE('',*,*,#2381,.F.);
#3071=ORIENTED_EDGE('',*,*,#2160,.F.);
#3072=ORIENTED_EDGE('',*,*,#2382,.T.);
#3073=ORIENTED_EDGE('',*,*,#2383,.F.);
#3074=ORIENTED_EDGE('',*,*,#2380,.F.);
#3075=ORIENTED_EDGE('',*,*,#2384,.T.);
#3076=ORIENTED_EDGE('',*,*,#2385,.F.);
#3077=ORIENTED_EDGE('',*,*,#2382,.F.);
#3078=ORIENTED_EDGE('',*,*,#2159,.F.);
#3079=ORIENTED_EDGE('',*,*,#2386,.T.);
#3080=ORIENTED_EDGE('',*,*,#2381,.T.);
#3081=ORIENTED_EDGE('',*,*,#2383,.T.);
#3082=ORIENTED_EDGE('',*,*,#2385,.T.);
#3083=ORIENTED_EDGE('',*,*,#2387,.T.);
#3084=ORIENTED_EDGE('',*,*,#2388,.T.);
#3085=ORIENTED_EDGE('',*,*,#2389,.T.);
#3086=ORIENTED_EDGE('',*,*,#2390,.T.);
#3087=ORIENTED_EDGE('',*,*,#2391,.T.);
#3088=ORIENTED_EDGE('',*,*,#2390,.F.);
#3089=ORIENTED_EDGE('',*,*,#2392,.F.);
#3090=ORIENTED_EDGE('',*,*,#2151,.F.);
#3091=ORIENTED_EDGE('',*,*,#2152,.F.);
#3092=ORIENTED_EDGE('',*,*,#2392,.T.);
#3093=ORIENTED_EDGE('',*,*,#2389,.F.);
#3094=ORIENTED_EDGE('',*,*,#2393,.F.);
#3095=ORIENTED_EDGE('',*,*,#2394,.T.);
#3096=ORIENTED_EDGE('',*,*,#2153,.F.);
#3097=ORIENTED_EDGE('',*,*,#2393,.T.);
#3098=ORIENTED_EDGE('',*,*,#2388,.F.);
#3099=ORIENTED_EDGE('',*,*,#2265,.F.);
#3100=ORIENTED_EDGE('',*,*,#2395,.T.);
#3101=ORIENTED_EDGE('',*,*,#2396,.F.);
#3102=ORIENTED_EDGE('',*,*,#2397,.T.);
#3103=ORIENTED_EDGE('',*,*,#2398,.T.);
#3104=ORIENTED_EDGE('',*,*,#2396,.T.);
#3105=ORIENTED_EDGE('',*,*,#2399,.T.);
#3106=ORIENTED_EDGE('',*,*,#2400,.T.);
#3107=ORIENTED_EDGE('',*,*,#2263,.F.);
#3108=ORIENTED_EDGE('',*,*,#2401,.F.);
#3109=ORIENTED_EDGE('',*,*,#2400,.F.);
#3110=ORIENTED_EDGE('',*,*,#2402,.F.);
#3111=ORIENTED_EDGE('',*,*,#2264,.F.);
#3112=ORIENTED_EDGE('',*,*,#2402,.T.);
#3113=ORIENTED_EDGE('',*,*,#2399,.F.);
#3114=ORIENTED_EDGE('',*,*,#2395,.F.);
#3115=ORIENTED_EDGE('',*,*,#2271,.F.);
#3116=ORIENTED_EDGE('',*,*,#2403,.F.);
#3117=ORIENTED_EDGE('',*,*,#2404,.F.);
#3118=ORIENTED_EDGE('',*,*,#2405,.F.);
#3119=ORIENTED_EDGE('',*,*,#2406,.T.);
#3120=ORIENTED_EDGE('',*,*,#2407,.T.);
#3121=ORIENTED_EDGE('',*,*,#2408,.T.);
#3122=ORIENTED_EDGE('',*,*,#2404,.T.);
#3123=ORIENTED_EDGE('',*,*,#2272,.F.);
#3124=ORIENTED_EDGE('',*,*,#2405,.T.);
#3125=ORIENTED_EDGE('',*,*,#2408,.F.);
#3126=ORIENTED_EDGE('',*,*,#2409,.F.);
#3127=ORIENTED_EDGE('',*,*,#2273,.F.);
#3128=ORIENTED_EDGE('',*,*,#2409,.T.);
#3129=ORIENTED_EDGE('',*,*,#2407,.F.);
#3130=ORIENTED_EDGE('',*,*,#2410,.T.);
#3131=ORIENTED_EDGE('',*,*,#2411,.T.);
#3132=ORIENTED_EDGE('',*,*,#2129,.F.);
#3133=ORIENTED_EDGE('',*,*,#2412,.T.);
#3134=ORIENTED_EDGE('',*,*,#2413,.F.);
#3135=ORIENTED_EDGE('',*,*,#2128,.F.);
#3136=ORIENTED_EDGE('',*,*,#2414,.T.);
#3137=ORIENTED_EDGE('',*,*,#2415,.F.);
#3138=ORIENTED_EDGE('',*,*,#2412,.F.);
#3139=ORIENTED_EDGE('',*,*,#2416,.T.);
#3140=ORIENTED_EDGE('',*,*,#2417,.F.);
#3141=ORIENTED_EDGE('',*,*,#2414,.F.);
#3142=ORIENTED_EDGE('',*,*,#2127,.F.);
#3143=ORIENTED_EDGE('',*,*,#2418,.T.);
#3144=ORIENTED_EDGE('',*,*,#2413,.T.);
#3145=ORIENTED_EDGE('',*,*,#2415,.T.);
#3146=ORIENTED_EDGE('',*,*,#2417,.T.);
#3147=ORIENTED_EDGE('',*,*,#2419,.T.);
#3148=ORIENTED_EDGE('',*,*,#2209,.F.);
#3149=ORIENTED_EDGE('',*,*,#2420,.T.);
#3150=ORIENTED_EDGE('',*,*,#2421,.F.);
#3151=ORIENTED_EDGE('',*,*,#2208,.F.);
#3152=ORIENTED_EDGE('',*,*,#2422,.T.);
#3153=ORIENTED_EDGE('',*,*,#2423,.F.);
#3154=ORIENTED_EDGE('',*,*,#2420,.F.);
#3155=ORIENTED_EDGE('',*,*,#2424,.T.);
#3156=ORIENTED_EDGE('',*,*,#2425,.F.);
#3157=ORIENTED_EDGE('',*,*,#2422,.F.);
#3158=ORIENTED_EDGE('',*,*,#2207,.F.);
#3159=ORIENTED_EDGE('',*,*,#2426,.T.);
#3160=ORIENTED_EDGE('',*,*,#2421,.T.);
#3161=ORIENTED_EDGE('',*,*,#2423,.T.);
#3162=ORIENTED_EDGE('',*,*,#2425,.T.);
#3163=ORIENTED_EDGE('',*,*,#2249,.F.);
#3164=ORIENTED_EDGE('',*,*,#2427,.T.);
#3165=ORIENTED_EDGE('',*,*,#2428,.F.);
#3166=ORIENTED_EDGE('',*,*,#2429,.T.);
#3167=ORIENTED_EDGE('',*,*,#2247,.F.);
#3168=ORIENTED_EDGE('',*,*,#2430,.F.);
#3169=ORIENTED_EDGE('',*,*,#2431,.F.);
#3170=ORIENTED_EDGE('',*,*,#2432,.F.);
#3171=ORIENTED_EDGE('',*,*,#2248,.F.);
#3172=ORIENTED_EDGE('',*,*,#2432,.T.);
#3173=ORIENTED_EDGE('',*,*,#2433,.F.);
#3174=ORIENTED_EDGE('',*,*,#2427,.F.);
#3175=ORIENTED_EDGE('',*,*,#2434,.T.);
#3176=ORIENTED_EDGE('',*,*,#2428,.T.);
#3177=ORIENTED_EDGE('',*,*,#2433,.T.);
#3178=ORIENTED_EDGE('',*,*,#2431,.T.);
#3179=ORIENTED_EDGE('',*,*,#2281,.F.);
#3180=ORIENTED_EDGE('',*,*,#2435,.T.);
#3181=ORIENTED_EDGE('',*,*,#2436,.F.);
#3182=ORIENTED_EDGE('',*,*,#2437,.T.);
#3183=ORIENTED_EDGE('',*,*,#2279,.F.);
#3184=ORIENTED_EDGE('',*,*,#2438,.F.);
#3185=ORIENTED_EDGE('',*,*,#2439,.F.);
#3186=ORIENTED_EDGE('',*,*,#2440,.F.);
#3187=ORIENTED_EDGE('',*,*,#2280,.F.);
#3188=ORIENTED_EDGE('',*,*,#2440,.T.);
#3189=ORIENTED_EDGE('',*,*,#2441,.F.);
#3190=ORIENTED_EDGE('',*,*,#2435,.F.);
#3191=ORIENTED_EDGE('',*,*,#2442,.T.);
#3192=ORIENTED_EDGE('',*,*,#2436,.T.);
#3193=ORIENTED_EDGE('',*,*,#2441,.T.);
#3194=ORIENTED_EDGE('',*,*,#2439,.T.);
#3195=ORIENTED_EDGE('',*,*,#2321,.F.);
#3196=ORIENTED_EDGE('',*,*,#2443,.T.);
#3197=ORIENTED_EDGE('',*,*,#2444,.F.);
#3198=ORIENTED_EDGE('',*,*,#2445,.T.);
#3199=ORIENTED_EDGE('',*,*,#2319,.F.);
#3200=ORIENTED_EDGE('',*,*,#2446,.F.);
#3201=ORIENTED_EDGE('',*,*,#2447,.F.);
#3202=ORIENTED_EDGE('',*,*,#2448,.F.);
#3203=ORIENTED_EDGE('',*,*,#2320,.F.);
#3204=ORIENTED_EDGE('',*,*,#2448,.T.);
#3205=ORIENTED_EDGE('',*,*,#2449,.F.);
#3206=ORIENTED_EDGE('',*,*,#2443,.F.);
#3207=ORIENTED_EDGE('',*,*,#2450,.T.);
#3208=ORIENTED_EDGE('',*,*,#2444,.T.);
#3209=ORIENTED_EDGE('',*,*,#2449,.T.);
#3210=ORIENTED_EDGE('',*,*,#2447,.T.);
#3211=ORIENTED_EDGE('',*,*,#2451,.T.);
#3212=ORIENTED_EDGE('',*,*,#2452,.F.);
#3213=ORIENTED_EDGE('',*,*,#2453,.F.);
#3214=ORIENTED_EDGE('',*,*,#2219,.F.);
#3215=ORIENTED_EDGE('',*,*,#2220,.F.);
#3216=ORIENTED_EDGE('',*,*,#2453,.T.);
#3217=ORIENTED_EDGE('',*,*,#2454,.F.);
#3218=ORIENTED_EDGE('',*,*,#2455,.F.);
#3219=ORIENTED_EDGE('',*,*,#2456,.T.);
#3220=ORIENTED_EDGE('',*,*,#2221,.F.);
#3221=ORIENTED_EDGE('',*,*,#2455,.T.);
#3222=ORIENTED_EDGE('',*,*,#2457,.F.);
#3223=ORIENTED_EDGE('',*,*,#2458,.T.);
#3224=ORIENTED_EDGE('',*,*,#2457,.T.);
#3225=ORIENTED_EDGE('',*,*,#2454,.T.);
#3226=ORIENTED_EDGE('',*,*,#2452,.T.);
#3227=ORIENTED_EDGE('',*,*,#2275,.F.);
#3228=ORIENTED_EDGE('',*,*,#2459,.F.);
#3229=ORIENTED_EDGE('',*,*,#2460,.F.);
#3230=ORIENTED_EDGE('',*,*,#2461,.F.);
#3231=ORIENTED_EDGE('',*,*,#2462,.T.);
#3232=ORIENTED_EDGE('',*,*,#2463,.T.);
#3233=ORIENTED_EDGE('',*,*,#2464,.T.);
#3234=ORIENTED_EDGE('',*,*,#2460,.T.);
#3235=ORIENTED_EDGE('',*,*,#2276,.F.);
#3236=ORIENTED_EDGE('',*,*,#2461,.T.);
#3237=ORIENTED_EDGE('',*,*,#2464,.F.);
#3238=ORIENTED_EDGE('',*,*,#2465,.F.);
#3239=ORIENTED_EDGE('',*,*,#2277,.F.);
#3240=ORIENTED_EDGE('',*,*,#2465,.T.);
#3241=ORIENTED_EDGE('',*,*,#2463,.F.);
#3242=ORIENTED_EDGE('',*,*,#2466,.T.);
#3243=ORIENTED_EDGE('',*,*,#2317,.F.);
#3244=ORIENTED_EDGE('',*,*,#2467,.T.);
#3245=ORIENTED_EDGE('',*,*,#2468,.F.);
#3246=ORIENTED_EDGE('',*,*,#2469,.T.);
#3247=ORIENTED_EDGE('',*,*,#2315,.F.);
#3248=ORIENTED_EDGE('',*,*,#2470,.F.);
#3249=ORIENTED_EDGE('',*,*,#2471,.F.);
#3250=ORIENTED_EDGE('',*,*,#2472,.F.);
#3251=ORIENTED_EDGE('',*,*,#2316,.F.);
#3252=ORIENTED_EDGE('',*,*,#2472,.T.);
#3253=ORIENTED_EDGE('',*,*,#2473,.F.);
#3254=ORIENTED_EDGE('',*,*,#2467,.F.);
#3255=ORIENTED_EDGE('',*,*,#2474,.T.);
#3256=ORIENTED_EDGE('',*,*,#2468,.T.);
#3257=ORIENTED_EDGE('',*,*,#2473,.T.);
#3258=ORIENTED_EDGE('',*,*,#2471,.T.);
#3259=ORIENTED_EDGE('',*,*,#2325,.F.);
#3260=ORIENTED_EDGE('',*,*,#2475,.T.);
#3261=ORIENTED_EDGE('',*,*,#2476,.F.);
#3262=ORIENTED_EDGE('',*,*,#2477,.T.);
#3263=ORIENTED_EDGE('',*,*,#2323,.F.);
#3264=ORIENTED_EDGE('',*,*,#2478,.F.);
#3265=ORIENTED_EDGE('',*,*,#2479,.F.);
#3266=ORIENTED_EDGE('',*,*,#2480,.F.);
#3267=ORIENTED_EDGE('',*,*,#2324,.F.);
#3268=ORIENTED_EDGE('',*,*,#2480,.T.);
#3269=ORIENTED_EDGE('',*,*,#2481,.F.);
#3270=ORIENTED_EDGE('',*,*,#2475,.F.);
#3271=ORIENTED_EDGE('',*,*,#2482,.T.);
#3272=ORIENTED_EDGE('',*,*,#2476,.T.);
#3273=ORIENTED_EDGE('',*,*,#2481,.T.);
#3274=ORIENTED_EDGE('',*,*,#2479,.T.);
#3275=ORIENTED_EDGE('',*,*,#2267,.F.);
#3276=ORIENTED_EDGE('',*,*,#2483,.F.);
#3277=ORIENTED_EDGE('',*,*,#2484,.F.);
#3278=ORIENTED_EDGE('',*,*,#2485,.F.);
#3279=ORIENTED_EDGE('',*,*,#2486,.T.);
#3280=ORIENTED_EDGE('',*,*,#2487,.T.);
#3281=ORIENTED_EDGE('',*,*,#2488,.T.);
#3282=ORIENTED_EDGE('',*,*,#2484,.T.);
#3283=ORIENTED_EDGE('',*,*,#2268,.F.);
#3284=ORIENTED_EDGE('',*,*,#2485,.T.);
#3285=ORIENTED_EDGE('',*,*,#2488,.F.);
#3286=ORIENTED_EDGE('',*,*,#2489,.F.);
#3287=ORIENTED_EDGE('',*,*,#2269,.F.);
#3288=ORIENTED_EDGE('',*,*,#2489,.T.);
#3289=ORIENTED_EDGE('',*,*,#2487,.F.);
#3290=ORIENTED_EDGE('',*,*,#2490,.T.);
#3291=ORIENTED_EDGE('',*,*,#2491,.T.);
#3292=ORIENTED_EDGE('',*,*,#2177,.F.);
#3293=ORIENTED_EDGE('',*,*,#2492,.T.);
#3294=ORIENTED_EDGE('',*,*,#2493,.F.);
#3295=ORIENTED_EDGE('',*,*,#2176,.F.);
#3296=ORIENTED_EDGE('',*,*,#2494,.T.);
#3297=ORIENTED_EDGE('',*,*,#2495,.F.);
#3298=ORIENTED_EDGE('',*,*,#2492,.F.);
#3299=ORIENTED_EDGE('',*,*,#2496,.T.);
#3300=ORIENTED_EDGE('',*,*,#2497,.F.);
#3301=ORIENTED_EDGE('',*,*,#2494,.F.);
#3302=ORIENTED_EDGE('',*,*,#2175,.F.);
#3303=ORIENTED_EDGE('',*,*,#2498,.T.);
#3304=ORIENTED_EDGE('',*,*,#2493,.T.);
#3305=ORIENTED_EDGE('',*,*,#2495,.T.);
#3306=ORIENTED_EDGE('',*,*,#2497,.T.);
#3307=ORIENTED_EDGE('',*,*,#2499,.T.);
#3308=ORIENTED_EDGE('',*,*,#2500,.F.);
#3309=ORIENTED_EDGE('',*,*,#2501,.F.);
#3310=ORIENTED_EDGE('',*,*,#2211,.F.);
#3311=ORIENTED_EDGE('',*,*,#2212,.F.);
#3312=ORIENTED_EDGE('',*,*,#2501,.T.);
#3313=ORIENTED_EDGE('',*,*,#2502,.F.);
#3314=ORIENTED_EDGE('',*,*,#2503,.F.);
#3315=ORIENTED_EDGE('',*,*,#2504,.T.);
#3316=ORIENTED_EDGE('',*,*,#2213,.F.);
#3317=ORIENTED_EDGE('',*,*,#2503,.T.);
#3318=ORIENTED_EDGE('',*,*,#2505,.F.);
#3319=ORIENTED_EDGE('',*,*,#2506,.T.);
#3320=ORIENTED_EDGE('',*,*,#2505,.T.);
#3321=ORIENTED_EDGE('',*,*,#2502,.T.);
#3322=ORIENTED_EDGE('',*,*,#2500,.T.);
#3323=ORIENTED_EDGE('',*,*,#2307,.F.);
#3324=ORIENTED_EDGE('',*,*,#2507,.F.);
#3325=ORIENTED_EDGE('',*,*,#2508,.F.);
#3326=ORIENTED_EDGE('',*,*,#2509,.F.);
#3327=ORIENTED_EDGE('',*,*,#2510,.T.);
#3328=ORIENTED_EDGE('',*,*,#2511,.T.);
#3329=ORIENTED_EDGE('',*,*,#2512,.T.);
#3330=ORIENTED_EDGE('',*,*,#2508,.T.);
#3331=ORIENTED_EDGE('',*,*,#2308,.F.);
#3332=ORIENTED_EDGE('',*,*,#2509,.T.);
#3333=ORIENTED_EDGE('',*,*,#2512,.F.);
#3334=ORIENTED_EDGE('',*,*,#2513,.F.);
#3335=ORIENTED_EDGE('',*,*,#2309,.F.);
#3336=ORIENTED_EDGE('',*,*,#2513,.T.);
#3337=ORIENTED_EDGE('',*,*,#2511,.F.);
#3338=ORIENTED_EDGE('',*,*,#2514,.T.);
#3339=ORIENTED_EDGE('',*,*,#2251,.F.);
#3340=ORIENTED_EDGE('',*,*,#2515,.F.);
#3341=ORIENTED_EDGE('',*,*,#2516,.F.);
#3342=ORIENTED_EDGE('',*,*,#2517,.F.);
#3343=ORIENTED_EDGE('',*,*,#2518,.T.);
#3344=ORIENTED_EDGE('',*,*,#2519,.T.);
#3345=ORIENTED_EDGE('',*,*,#2520,.T.);
#3346=ORIENTED_EDGE('',*,*,#2516,.T.);
#3347=ORIENTED_EDGE('',*,*,#2252,.F.);
#3348=ORIENTED_EDGE('',*,*,#2517,.T.);
#3349=ORIENTED_EDGE('',*,*,#2520,.F.);
#3350=ORIENTED_EDGE('',*,*,#2521,.F.);
#3351=ORIENTED_EDGE('',*,*,#2253,.F.);
#3352=ORIENTED_EDGE('',*,*,#2521,.T.);
#3353=ORIENTED_EDGE('',*,*,#2519,.F.);
#3354=ORIENTED_EDGE('',*,*,#2522,.T.);
#3355=ORIENTED_EDGE('',*,*,#2523,.T.);
#3356=ORIENTED_EDGE('',*,*,#2133,.F.);
#3357=ORIENTED_EDGE('',*,*,#2524,.T.);
#3358=ORIENTED_EDGE('',*,*,#2525,.F.);
#3359=ORIENTED_EDGE('',*,*,#2132,.F.);
#3360=ORIENTED_EDGE('',*,*,#2526,.T.);
#3361=ORIENTED_EDGE('',*,*,#2527,.F.);
#3362=ORIENTED_EDGE('',*,*,#2524,.F.);
#3363=ORIENTED_EDGE('',*,*,#2528,.T.);
#3364=ORIENTED_EDGE('',*,*,#2529,.F.);
#3365=ORIENTED_EDGE('',*,*,#2526,.F.);
#3366=ORIENTED_EDGE('',*,*,#2131,.F.);
#3367=ORIENTED_EDGE('',*,*,#2530,.T.);
#3368=ORIENTED_EDGE('',*,*,#2525,.T.);
#3369=ORIENTED_EDGE('',*,*,#2527,.T.);
#3370=ORIENTED_EDGE('',*,*,#2529,.T.);
#3371=ORIENTED_EDGE('',*,*,#2531,.T.);
#3372=ORIENTED_EDGE('',*,*,#2181,.F.);
#3373=ORIENTED_EDGE('',*,*,#2532,.T.);
#3374=ORIENTED_EDGE('',*,*,#2533,.F.);
#3375=ORIENTED_EDGE('',*,*,#2180,.F.);
#3376=ORIENTED_EDGE('',*,*,#2534,.T.);
#3377=ORIENTED_EDGE('',*,*,#2535,.F.);
#3378=ORIENTED_EDGE('',*,*,#2532,.F.);
#3379=ORIENTED_EDGE('',*,*,#2536,.T.);
#3380=ORIENTED_EDGE('',*,*,#2537,.F.);
#3381=ORIENTED_EDGE('',*,*,#2534,.F.);
#3382=ORIENTED_EDGE('',*,*,#2179,.F.);
#3383=ORIENTED_EDGE('',*,*,#2538,.T.);
#3384=ORIENTED_EDGE('',*,*,#2533,.T.);
#3385=ORIENTED_EDGE('',*,*,#2535,.T.);
#3386=ORIENTED_EDGE('',*,*,#2537,.T.);
#3387=ORIENTED_EDGE('',*,*,#2539,.T.);
#3388=ORIENTED_EDGE('',*,*,#2173,.F.);
#3389=ORIENTED_EDGE('',*,*,#2540,.T.);
#3390=ORIENTED_EDGE('',*,*,#2541,.F.);
#3391=ORIENTED_EDGE('',*,*,#2172,.F.);
#3392=ORIENTED_EDGE('',*,*,#2542,.T.);
#3393=ORIENTED_EDGE('',*,*,#2543,.F.);
#3394=ORIENTED_EDGE('',*,*,#2540,.F.);
#3395=ORIENTED_EDGE('',*,*,#2544,.T.);
#3396=ORIENTED_EDGE('',*,*,#2545,.F.);
#3397=ORIENTED_EDGE('',*,*,#2542,.F.);
#3398=ORIENTED_EDGE('',*,*,#2171,.F.);
#3399=ORIENTED_EDGE('',*,*,#2546,.T.);
#3400=ORIENTED_EDGE('',*,*,#2541,.T.);
#3401=ORIENTED_EDGE('',*,*,#2543,.T.);
#3402=ORIENTED_EDGE('',*,*,#2545,.T.);
#3403=ORIENTED_EDGE('',*,*,#2547,.T.);
#3404=ORIENTED_EDGE('',*,*,#2548,.T.);
#3405=ORIENTED_EDGE('',*,*,#2549,.T.);
#3406=ORIENTED_EDGE('',*,*,#2550,.T.);
#3407=ORIENTED_EDGE('',*,*,#2551,.T.);
#3408=ORIENTED_EDGE('',*,*,#2550,.F.);
#3409=ORIENTED_EDGE('',*,*,#2552,.F.);
#3410=ORIENTED_EDGE('',*,*,#2191,.F.);
#3411=ORIENTED_EDGE('',*,*,#2192,.F.);
#3412=ORIENTED_EDGE('',*,*,#2552,.T.);
#3413=ORIENTED_EDGE('',*,*,#2549,.F.);
#3414=ORIENTED_EDGE('',*,*,#2553,.F.);
#3415=ORIENTED_EDGE('',*,*,#2554,.T.);
#3416=ORIENTED_EDGE('',*,*,#2193,.F.);
#3417=ORIENTED_EDGE('',*,*,#2553,.T.);
#3418=ORIENTED_EDGE('',*,*,#2548,.F.);
#3419=ORIENTED_EDGE('',*,*,#2291,.F.);
#3420=ORIENTED_EDGE('',*,*,#2555,.F.);
#3421=ORIENTED_EDGE('',*,*,#2556,.F.);
#3422=ORIENTED_EDGE('',*,*,#2557,.F.);
#3423=ORIENTED_EDGE('',*,*,#2558,.T.);
#3424=ORIENTED_EDGE('',*,*,#2559,.T.);
#3425=ORIENTED_EDGE('',*,*,#2560,.T.);
#3426=ORIENTED_EDGE('',*,*,#2556,.T.);
#3427=ORIENTED_EDGE('',*,*,#2292,.F.);
#3428=ORIENTED_EDGE('',*,*,#2557,.T.);
#3429=ORIENTED_EDGE('',*,*,#2560,.F.);
#3430=ORIENTED_EDGE('',*,*,#2561,.F.);
#3431=ORIENTED_EDGE('',*,*,#2293,.F.);
#3432=ORIENTED_EDGE('',*,*,#2561,.T.);
#3433=ORIENTED_EDGE('',*,*,#2559,.F.);
#3434=ORIENTED_EDGE('',*,*,#2562,.T.);
#3435=ORIENTED_EDGE('',*,*,#2563,.T.);
#3436=ORIENTED_EDGE('',*,*,#2197,.F.);
#3437=ORIENTED_EDGE('',*,*,#2564,.T.);
#3438=ORIENTED_EDGE('',*,*,#2565,.F.);
#3439=ORIENTED_EDGE('',*,*,#2196,.F.);
#3440=ORIENTED_EDGE('',*,*,#2566,.T.);
#3441=ORIENTED_EDGE('',*,*,#2567,.F.);
#3442=ORIENTED_EDGE('',*,*,#2564,.F.);
#3443=ORIENTED_EDGE('',*,*,#2568,.T.);
#3444=ORIENTED_EDGE('',*,*,#2569,.F.);
#3445=ORIENTED_EDGE('',*,*,#2566,.F.);
#3446=ORIENTED_EDGE('',*,*,#2195,.F.);
#3447=ORIENTED_EDGE('',*,*,#2570,.T.);
#3448=ORIENTED_EDGE('',*,*,#2565,.T.);
#3449=ORIENTED_EDGE('',*,*,#2567,.T.);
#3450=ORIENTED_EDGE('',*,*,#2569,.T.);
#3451=ORIENTED_EDGE('',*,*,#2571,.T.);
#3452=ORIENTED_EDGE('',*,*,#2572,.T.);
#3453=ORIENTED_EDGE('',*,*,#2573,.T.);
#3454=ORIENTED_EDGE('',*,*,#2574,.T.);
#3455=ORIENTED_EDGE('',*,*,#2575,.T.);
#3456=ORIENTED_EDGE('',*,*,#2574,.F.);
#3457=ORIENTED_EDGE('',*,*,#2576,.F.);
#3458=ORIENTED_EDGE('',*,*,#2135,.F.);
#3459=ORIENTED_EDGE('',*,*,#2136,.F.);
#3460=ORIENTED_EDGE('',*,*,#2576,.T.);
#3461=ORIENTED_EDGE('',*,*,#2573,.F.);
#3462=ORIENTED_EDGE('',*,*,#2577,.F.);
#3463=ORIENTED_EDGE('',*,*,#2578,.T.);
#3464=ORIENTED_EDGE('',*,*,#2137,.F.);
#3465=ORIENTED_EDGE('',*,*,#2577,.T.);
#3466=ORIENTED_EDGE('',*,*,#2572,.F.);
#3467=ORIENTED_EDGE('',*,*,#2579,.T.);
#3468=ORIENTED_EDGE('',*,*,#2580,.T.);
#3469=ORIENTED_EDGE('',*,*,#2581,.T.);
#3470=ORIENTED_EDGE('',*,*,#2582,.T.);
#3471=ORIENTED_EDGE('',*,*,#2583,.T.);
#3472=ORIENTED_EDGE('',*,*,#2582,.F.);
#3473=ORIENTED_EDGE('',*,*,#2584,.F.);
#3474=ORIENTED_EDGE('',*,*,#2163,.F.);
#3475=ORIENTED_EDGE('',*,*,#2164,.F.);
#3476=ORIENTED_EDGE('',*,*,#2584,.T.);
#3477=ORIENTED_EDGE('',*,*,#2581,.F.);
#3478=ORIENTED_EDGE('',*,*,#2585,.F.);
#3479=ORIENTED_EDGE('',*,*,#2586,.T.);
#3480=ORIENTED_EDGE('',*,*,#2165,.F.);
#3481=ORIENTED_EDGE('',*,*,#2585,.T.);
#3482=ORIENTED_EDGE('',*,*,#2580,.F.);
#3483=ORIENTED_EDGE('',*,*,#2237,.F.);
#3484=ORIENTED_EDGE('',*,*,#2587,.T.);
#3485=ORIENTED_EDGE('',*,*,#2588,.F.);
#3486=ORIENTED_EDGE('',*,*,#2589,.T.);
#3487=ORIENTED_EDGE('',*,*,#2235,.F.);
#3488=ORIENTED_EDGE('',*,*,#2590,.T.);
#3489=ORIENTED_EDGE('',*,*,#2591,.F.);
#3490=ORIENTED_EDGE('',*,*,#2592,.F.);
#3491=ORIENTED_EDGE('',*,*,#2236,.F.);
#3492=ORIENTED_EDGE('',*,*,#2592,.T.);
#3493=ORIENTED_EDGE('',*,*,#2593,.F.);
#3494=ORIENTED_EDGE('',*,*,#2587,.F.);
#3495=ORIENTED_EDGE('',*,*,#2594,.T.);
#3496=ORIENTED_EDGE('',*,*,#2588,.T.);
#3497=ORIENTED_EDGE('',*,*,#2593,.T.);
#3498=ORIENTED_EDGE('',*,*,#2591,.T.);
#3499=ORIENTED_EDGE('',*,*,#2245,.F.);
#3500=ORIENTED_EDGE('',*,*,#2595,.T.);
#3501=ORIENTED_EDGE('',*,*,#2596,.F.);
#3502=ORIENTED_EDGE('',*,*,#2597,.T.);
#3503=ORIENTED_EDGE('',*,*,#2243,.F.);
#3504=ORIENTED_EDGE('',*,*,#2598,.F.);
#3505=ORIENTED_EDGE('',*,*,#2599,.F.);
#3506=ORIENTED_EDGE('',*,*,#2600,.F.);
#3507=ORIENTED_EDGE('',*,*,#2244,.F.);
#3508=ORIENTED_EDGE('',*,*,#2600,.T.);
#3509=ORIENTED_EDGE('',*,*,#2601,.F.);
#3510=ORIENTED_EDGE('',*,*,#2595,.F.);
#3511=ORIENTED_EDGE('',*,*,#2602,.T.);
#3512=ORIENTED_EDGE('',*,*,#2596,.T.);
#3513=ORIENTED_EDGE('',*,*,#2601,.T.);
#3514=ORIENTED_EDGE('',*,*,#2599,.T.);
#3515=ORIENTED_EDGE('',*,*,#2603,.T.);
#3516=ORIENTED_EDGE('',*,*,#2201,.F.);
#3517=ORIENTED_EDGE('',*,*,#2604,.T.);
#3518=ORIENTED_EDGE('',*,*,#2605,.F.);
#3519=ORIENTED_EDGE('',*,*,#2200,.F.);
#3520=ORIENTED_EDGE('',*,*,#2606,.T.);
#3521=ORIENTED_EDGE('',*,*,#2607,.F.);
#3522=ORIENTED_EDGE('',*,*,#2604,.F.);
#3523=ORIENTED_EDGE('',*,*,#2608,.T.);
#3524=ORIENTED_EDGE('',*,*,#2609,.F.);
#3525=ORIENTED_EDGE('',*,*,#2606,.F.);
#3526=ORIENTED_EDGE('',*,*,#2199,.F.);
#3527=ORIENTED_EDGE('',*,*,#2610,.T.);
#3528=ORIENTED_EDGE('',*,*,#2605,.T.);
#3529=ORIENTED_EDGE('',*,*,#2607,.T.);
#3530=ORIENTED_EDGE('',*,*,#2609,.T.);
#3531=ORIENTED_EDGE('',*,*,#2303,.F.);
#3532=ORIENTED_EDGE('',*,*,#2611,.F.);
#3533=ORIENTED_EDGE('',*,*,#2612,.F.);
#3534=ORIENTED_EDGE('',*,*,#2613,.F.);
#3535=ORIENTED_EDGE('',*,*,#2305,.F.);
#3536=ORIENTED_EDGE('',*,*,#2614,.T.);
#3537=ORIENTED_EDGE('',*,*,#2615,.F.);
#3538=ORIENTED_EDGE('',*,*,#2616,.T.);
#3539=ORIENTED_EDGE('',*,*,#2304,.F.);
#3540=ORIENTED_EDGE('',*,*,#2613,.T.);
#3541=ORIENTED_EDGE('',*,*,#2617,.F.);
#3542=ORIENTED_EDGE('',*,*,#2614,.F.);
#3543=ORIENTED_EDGE('',*,*,#2618,.T.);
#3544=ORIENTED_EDGE('',*,*,#2615,.T.);
#3545=ORIENTED_EDGE('',*,*,#2617,.T.);
#3546=ORIENTED_EDGE('',*,*,#2612,.T.);
#3547=ORIENTED_EDGE('',*,*,#2296,.F.);
#3548=ORIENTED_EDGE('',*,*,#2619,.T.);
#3549=ORIENTED_EDGE('',*,*,#2620,.F.);
#3550=ORIENTED_EDGE('',*,*,#2621,.F.);
#3551=ORIENTED_EDGE('',*,*,#2295,.F.);
#3552=ORIENTED_EDGE('',*,*,#2622,.F.);
#3553=ORIENTED_EDGE('',*,*,#2623,.F.);
#3554=ORIENTED_EDGE('',*,*,#2619,.F.);
#3555=ORIENTED_EDGE('',*,*,#2624,.T.);
#3556=ORIENTED_EDGE('',*,*,#2625,.T.);
#3557=ORIENTED_EDGE('',*,*,#2620,.T.);
#3558=ORIENTED_EDGE('',*,*,#2623,.T.);
#3559=ORIENTED_EDGE('',*,*,#2297,.F.);
#3560=ORIENTED_EDGE('',*,*,#2621,.T.);
#3561=ORIENTED_EDGE('',*,*,#2625,.F.);
#3562=ORIENTED_EDGE('',*,*,#2626,.F.);
#3563=ORIENTED_EDGE('',*,*,#2330,.T.);
#3564=ORIENTED_EDGE('',*,*,#2627,.T.);
#3565=ORIENTED_EDGE('',*,*,#2628,.F.);
#3566=ORIENTED_EDGE('',*,*,#2629,.T.);
#3567=ORIENTED_EDGE('',*,*,#2326,.T.);
#3568=ORIENTED_EDGE('',*,*,#2477,.F.);
#3569=ORIENTED_EDGE('',*,*,#2482,.F.);
#3570=ORIENTED_EDGE('',*,*,#2478,.T.);
#3571=ORIENTED_EDGE('',*,*,#2322,.T.);
#3572=ORIENTED_EDGE('',*,*,#2445,.F.);
#3573=ORIENTED_EDGE('',*,*,#2450,.F.);
#3574=ORIENTED_EDGE('',*,*,#2446,.T.);
#3575=ORIENTED_EDGE('',*,*,#2318,.T.);
#3576=ORIENTED_EDGE('',*,*,#2469,.F.);
#3577=ORIENTED_EDGE('',*,*,#2474,.F.);
#3578=ORIENTED_EDGE('',*,*,#2470,.T.);
#3579=ORIENTED_EDGE('',*,*,#2314,.T.);
#3580=ORIENTED_EDGE('',*,*,#2630,.T.);
#3581=ORIENTED_EDGE('',*,*,#2631,.F.);
#3582=ORIENTED_EDGE('',*,*,#2632,.T.);
#3583=ORIENTED_EDGE('',*,*,#2310,.T.);
#3584=ORIENTED_EDGE('',*,*,#2514,.F.);
#3585=ORIENTED_EDGE('',*,*,#2510,.F.);
#3586=ORIENTED_EDGE('',*,*,#2507,.T.);
#3587=ORIENTED_EDGE('',*,*,#2306,.T.);
#3588=ORIENTED_EDGE('',*,*,#2616,.F.);
#3589=ORIENTED_EDGE('',*,*,#2618,.F.);
#3590=ORIENTED_EDGE('',*,*,#2611,.T.);
#3591=ORIENTED_EDGE('',*,*,#2302,.T.);
#3592=ORIENTED_EDGE('',*,*,#2346,.F.);
#3593=ORIENTED_EDGE('',*,*,#2342,.F.);
#3594=ORIENTED_EDGE('',*,*,#2339,.T.);
#3595=ORIENTED_EDGE('',*,*,#2298,.T.);
#3596=ORIENTED_EDGE('',*,*,#2626,.T.);
#3597=ORIENTED_EDGE('',*,*,#2624,.F.);
#3598=ORIENTED_EDGE('',*,*,#2622,.T.);
#3599=ORIENTED_EDGE('',*,*,#2294,.T.);
#3600=ORIENTED_EDGE('',*,*,#2562,.F.);
#3601=ORIENTED_EDGE('',*,*,#2558,.F.);
#3602=ORIENTED_EDGE('',*,*,#2555,.T.);
#3603=ORIENTED_EDGE('',*,*,#2290,.T.);
#3604=ORIENTED_EDGE('',*,*,#2633,.F.);
#3605=ORIENTED_EDGE('',*,*,#2634,.F.);
#3606=ORIENTED_EDGE('',*,*,#2635,.T.);
#3607=ORIENTED_EDGE('',*,*,#2286,.T.);
#3608=ORIENTED_EDGE('',*,*,#2354,.F.);
#3609=ORIENTED_EDGE('',*,*,#2350,.F.);
#3610=ORIENTED_EDGE('',*,*,#2347,.T.);
#3611=ORIENTED_EDGE('',*,*,#2282,.T.);
#3612=ORIENTED_EDGE('',*,*,#2437,.F.);
#3613=ORIENTED_EDGE('',*,*,#2442,.F.);
#3614=ORIENTED_EDGE('',*,*,#2438,.T.);
#3615=ORIENTED_EDGE('',*,*,#2278,.T.);
#3616=ORIENTED_EDGE('',*,*,#2466,.F.);
#3617=ORIENTED_EDGE('',*,*,#2462,.F.);
#3618=ORIENTED_EDGE('',*,*,#2459,.T.);
#3619=ORIENTED_EDGE('',*,*,#2274,.T.);
#3620=ORIENTED_EDGE('',*,*,#2410,.F.);
#3621=ORIENTED_EDGE('',*,*,#2406,.F.);
#3622=ORIENTED_EDGE('',*,*,#2403,.T.);
#3623=ORIENTED_EDGE('',*,*,#2270,.T.);
#3624=ORIENTED_EDGE('',*,*,#2490,.F.);
#3625=ORIENTED_EDGE('',*,*,#2486,.F.);
#3626=ORIENTED_EDGE('',*,*,#2483,.T.);
#3627=ORIENTED_EDGE('',*,*,#2266,.T.);
#3628=ORIENTED_EDGE('',*,*,#2397,.F.);
#3629=ORIENTED_EDGE('',*,*,#2398,.F.);
#3630=ORIENTED_EDGE('',*,*,#2401,.T.);
#3631=ORIENTED_EDGE('',*,*,#2262,.T.);
#3632=ORIENTED_EDGE('',*,*,#2636,.F.);
#3633=ORIENTED_EDGE('',*,*,#2166,.T.);
#3634=ORIENTED_EDGE('',*,*,#2586,.F.);
#3635=ORIENTED_EDGE('',*,*,#2579,.F.);
#3636=ORIENTED_EDGE('',*,*,#2583,.F.);
#3637=ORIENTED_EDGE('',*,*,#2162,.T.);
#3638=ORIENTED_EDGE('',*,*,#2379,.F.);
#3639=ORIENTED_EDGE('',*,*,#2386,.F.);
#3640=ORIENTED_EDGE('',*,*,#2384,.F.);
#3641=ORIENTED_EDGE('',*,*,#2158,.T.);
#3642=ORIENTED_EDGE('',*,*,#2362,.F.);
#3643=ORIENTED_EDGE('',*,*,#2355,.F.);
#3644=ORIENTED_EDGE('',*,*,#2359,.F.);
#3645=ORIENTED_EDGE('',*,*,#2154,.T.);
#3646=ORIENTED_EDGE('',*,*,#2394,.F.);
#3647=ORIENTED_EDGE('',*,*,#2387,.F.);
#3648=ORIENTED_EDGE('',*,*,#2391,.F.);
#3649=ORIENTED_EDGE('',*,*,#2150,.T.);
#3650=ORIENTED_EDGE('',*,*,#2637,.F.);
#3651=ORIENTED_EDGE('',*,*,#2638,.F.);
#3652=ORIENTED_EDGE('',*,*,#2639,.F.);
#3653=ORIENTED_EDGE('',*,*,#2146,.T.);
#3654=ORIENTED_EDGE('',*,*,#2338,.F.);
#3655=ORIENTED_EDGE('',*,*,#2331,.F.);
#3656=ORIENTED_EDGE('',*,*,#2335,.F.);
#3657=ORIENTED_EDGE('',*,*,#2142,.T.);
#3658=ORIENTED_EDGE('',*,*,#2370,.F.);
#3659=ORIENTED_EDGE('',*,*,#2363,.F.);
#3660=ORIENTED_EDGE('',*,*,#2367,.F.);
#3661=ORIENTED_EDGE('',*,*,#2138,.T.);
#3662=ORIENTED_EDGE('',*,*,#2578,.F.);
#3663=ORIENTED_EDGE('',*,*,#2571,.F.);
#3664=ORIENTED_EDGE('',*,*,#2575,.F.);
#3665=ORIENTED_EDGE('',*,*,#2134,.T.);
#3666=ORIENTED_EDGE('',*,*,#2523,.F.);
#3667=ORIENTED_EDGE('',*,*,#2530,.F.);
#3668=ORIENTED_EDGE('',*,*,#2528,.F.);
#3669=ORIENTED_EDGE('',*,*,#2130,.T.);
#3670=ORIENTED_EDGE('',*,*,#2411,.F.);
#3671=ORIENTED_EDGE('',*,*,#2418,.F.);
#3672=ORIENTED_EDGE('',*,*,#2416,.F.);
#3673=ORIENTED_EDGE('',*,*,#2126,.T.);
#3674=ORIENTED_EDGE('',*,*,#2115,.F.);
#3675=ORIENTED_EDGE('',*,*,#2125,.F.);
#3676=ORIENTED_EDGE('',*,*,#2122,.F.);
#3677=ORIENTED_EDGE('',*,*,#2222,.T.);
#3678=ORIENTED_EDGE('',*,*,#2456,.F.);
#3679=ORIENTED_EDGE('',*,*,#2458,.F.);
#3680=ORIENTED_EDGE('',*,*,#2451,.F.);
#3681=ORIENTED_EDGE('',*,*,#2218,.T.);
#3682=ORIENTED_EDGE('',*,*,#2376,.F.);
#3683=ORIENTED_EDGE('',*,*,#2378,.F.);
#3684=ORIENTED_EDGE('',*,*,#2371,.F.);
#3685=ORIENTED_EDGE('',*,*,#2214,.T.);
#3686=ORIENTED_EDGE('',*,*,#2504,.F.);
#3687=ORIENTED_EDGE('',*,*,#2506,.F.);
#3688=ORIENTED_EDGE('',*,*,#2499,.F.);
#3689=ORIENTED_EDGE('',*,*,#2210,.T.);
#3690=ORIENTED_EDGE('',*,*,#2419,.F.);
#3691=ORIENTED_EDGE('',*,*,#2426,.F.);
#3692=ORIENTED_EDGE('',*,*,#2424,.F.);
#3693=ORIENTED_EDGE('',*,*,#2206,.T.);
#3694=ORIENTED_EDGE('',*,*,#2640,.F.);
#3695=ORIENTED_EDGE('',*,*,#2641,.F.);
#3696=ORIENTED_EDGE('',*,*,#2642,.F.);
#3697=ORIENTED_EDGE('',*,*,#2202,.T.);
#3698=ORIENTED_EDGE('',*,*,#2603,.F.);
#3699=ORIENTED_EDGE('',*,*,#2610,.F.);
#3700=ORIENTED_EDGE('',*,*,#2608,.F.);
#3701=ORIENTED_EDGE('',*,*,#2198,.T.);
#3702=ORIENTED_EDGE('',*,*,#2563,.F.);
#3703=ORIENTED_EDGE('',*,*,#2570,.F.);
#3704=ORIENTED_EDGE('',*,*,#2568,.F.);
#3705=ORIENTED_EDGE('',*,*,#2194,.T.);
#3706=ORIENTED_EDGE('',*,*,#2554,.F.);
#3707=ORIENTED_EDGE('',*,*,#2547,.F.);
#3708=ORIENTED_EDGE('',*,*,#2551,.F.);
#3709=ORIENTED_EDGE('',*,*,#2190,.T.);
#3710=ORIENTED_EDGE('',*,*,#2643,.F.);
#3711=ORIENTED_EDGE('',*,*,#2644,.F.);
#3712=ORIENTED_EDGE('',*,*,#2645,.F.);
#3713=ORIENTED_EDGE('',*,*,#2186,.T.);
#3714=ORIENTED_EDGE('',*,*,#2646,.F.);
#3715=ORIENTED_EDGE('',*,*,#2647,.F.);
#3716=ORIENTED_EDGE('',*,*,#2648,.F.);
#3717=ORIENTED_EDGE('',*,*,#2182,.T.);
#3718=ORIENTED_EDGE('',*,*,#2531,.F.);
#3719=ORIENTED_EDGE('',*,*,#2538,.F.);
#3720=ORIENTED_EDGE('',*,*,#2536,.F.);
#3721=ORIENTED_EDGE('',*,*,#2178,.T.);
#3722=ORIENTED_EDGE('',*,*,#2491,.F.);
#3723=ORIENTED_EDGE('',*,*,#2498,.F.);
#3724=ORIENTED_EDGE('',*,*,#2496,.F.);
#3725=ORIENTED_EDGE('',*,*,#2174,.T.);
#3726=ORIENTED_EDGE('',*,*,#2539,.F.);
#3727=ORIENTED_EDGE('',*,*,#2546,.F.);
#3728=ORIENTED_EDGE('',*,*,#2544,.F.);
#3729=ORIENTED_EDGE('',*,*,#2170,.T.);
#3730=ORIENTED_EDGE('',*,*,#2649,.F.);
#3731=ORIENTED_EDGE('',*,*,#2258,.T.);
#3732=ORIENTED_EDGE('',*,*,#2650,.F.);
#3733=ORIENTED_EDGE('',*,*,#2651,.F.);
#3734=ORIENTED_EDGE('',*,*,#2652,.T.);
#3735=ORIENTED_EDGE('',*,*,#2254,.T.);
#3736=ORIENTED_EDGE('',*,*,#2522,.F.);
#3737=ORIENTED_EDGE('',*,*,#2518,.F.);
#3738=ORIENTED_EDGE('',*,*,#2515,.T.);
#3739=ORIENTED_EDGE('',*,*,#2250,.T.);
#3740=ORIENTED_EDGE('',*,*,#2429,.F.);
#3741=ORIENTED_EDGE('',*,*,#2434,.F.);
#3742=ORIENTED_EDGE('',*,*,#2430,.T.);
#3743=ORIENTED_EDGE('',*,*,#2246,.T.);
#3744=ORIENTED_EDGE('',*,*,#2597,.F.);
#3745=ORIENTED_EDGE('',*,*,#2602,.F.);
#3746=ORIENTED_EDGE('',*,*,#2598,.T.);
#3747=ORIENTED_EDGE('',*,*,#2242,.T.);
#3748=ORIENTED_EDGE('',*,*,#2653,.F.);
#3749=ORIENTED_EDGE('',*,*,#2654,.F.);
#3750=ORIENTED_EDGE('',*,*,#2655,.T.);
#3751=ORIENTED_EDGE('',*,*,#2238,.T.);
#3752=ORIENTED_EDGE('',*,*,#2589,.F.);
#3753=ORIENTED_EDGE('',*,*,#2594,.F.);
#3754=ORIENTED_EDGE('',*,*,#2590,.F.);
#3755=ORIENTED_EDGE('',*,*,#2234,.T.);
#3756=ORIENTED_EDGE('',*,*,#2226,.F.);
#3757=ORIENTED_EDGE('',*,*,#2233,.F.);
#3758=ORIENTED_EDGE('',*,*,#2228,.T.);
#3759=ORIENTED_EDGE('',*,*,#2656,.F.);
#3760=ORIENTED_EDGE('',*,*,#2657,.F.);
#3761=ORIENTED_EDGE('',*,*,#2658,.F.);
#3762=ORIENTED_EDGE('',*,*,#2659,.F.);
#3763=ORIENTED_EDGE('',*,*,#2660,.F.);
#3764=ORIENTED_EDGE('',*,*,#2661,.F.);
#3765=ORIENTED_EDGE('',*,*,#2662,.F.);
#3766=ORIENTED_EDGE('',*,*,#2663,.F.);
#3767=ORIENTED_EDGE('',*,*,#2664,.F.);
#3768=ORIENTED_EDGE('',*,*,#2665,.F.);
#3769=ORIENTED_EDGE('',*,*,#2666,.F.);
#3770=ORIENTED_EDGE('',*,*,#2667,.F.);
#3771=ORIENTED_EDGE('',*,*,#2646,.T.);
#3772=ORIENTED_EDGE('',*,*,#2185,.F.);
#3773=ORIENTED_EDGE('',*,*,#2668,.T.);
#3774=ORIENTED_EDGE('',*,*,#2669,.F.);
#3775=ORIENTED_EDGE('',*,*,#2184,.F.);
#3776=ORIENTED_EDGE('',*,*,#2670,.T.);
#3777=ORIENTED_EDGE('',*,*,#2671,.F.);
#3778=ORIENTED_EDGE('',*,*,#2668,.F.);
#3779=ORIENTED_EDGE('',*,*,#2648,.T.);
#3780=ORIENTED_EDGE('',*,*,#2672,.F.);
#3781=ORIENTED_EDGE('',*,*,#2670,.F.);
#3782=ORIENTED_EDGE('',*,*,#2183,.F.);
#3783=ORIENTED_EDGE('',*,*,#2647,.T.);
#3784=ORIENTED_EDGE('',*,*,#2669,.T.);
#3785=ORIENTED_EDGE('',*,*,#2671,.T.);
#3786=ORIENTED_EDGE('',*,*,#2672,.T.);
#3787=ORIENTED_EDGE('',*,*,#2329,.F.);
#3788=ORIENTED_EDGE('',*,*,#2673,.T.);
#3789=ORIENTED_EDGE('',*,*,#2674,.F.);
#3790=ORIENTED_EDGE('',*,*,#2627,.F.);
#3791=ORIENTED_EDGE('',*,*,#2328,.F.);
#3792=ORIENTED_EDGE('',*,*,#2675,.T.);
#3793=ORIENTED_EDGE('',*,*,#2676,.F.);
#3794=ORIENTED_EDGE('',*,*,#2673,.F.);
#3795=ORIENTED_EDGE('',*,*,#2628,.T.);
#3796=ORIENTED_EDGE('',*,*,#2674,.T.);
#3797=ORIENTED_EDGE('',*,*,#2676,.T.);
#3798=ORIENTED_EDGE('',*,*,#2677,.T.);
#3799=ORIENTED_EDGE('',*,*,#2327,.F.);
#3800=ORIENTED_EDGE('',*,*,#2629,.F.);
#3801=ORIENTED_EDGE('',*,*,#2677,.F.);
#3802=ORIENTED_EDGE('',*,*,#2675,.F.);
#3803=ORIENTED_EDGE('',*,*,#2287,.F.);
#3804=ORIENTED_EDGE('',*,*,#2635,.F.);
#3805=ORIENTED_EDGE('',*,*,#2678,.F.);
#3806=ORIENTED_EDGE('',*,*,#2679,.F.);
#3807=ORIENTED_EDGE('',*,*,#2289,.F.);
#3808=ORIENTED_EDGE('',*,*,#2680,.T.);
#3809=ORIENTED_EDGE('',*,*,#2681,.F.);
#3810=ORIENTED_EDGE('',*,*,#2633,.T.);
#3811=ORIENTED_EDGE('',*,*,#2288,.F.);
#3812=ORIENTED_EDGE('',*,*,#2679,.T.);
#3813=ORIENTED_EDGE('',*,*,#2682,.F.);
#3814=ORIENTED_EDGE('',*,*,#2680,.F.);
#3815=ORIENTED_EDGE('',*,*,#2634,.T.);
#3816=ORIENTED_EDGE('',*,*,#2681,.T.);
#3817=ORIENTED_EDGE('',*,*,#2682,.T.);
#3818=ORIENTED_EDGE('',*,*,#2678,.T.);
#3819=ORIENTED_EDGE('',*,*,#2638,.T.);
#3820=ORIENTED_EDGE('',*,*,#2683,.T.);
#3821=ORIENTED_EDGE('',*,*,#2684,.T.);
#3822=ORIENTED_EDGE('',*,*,#2685,.T.);
#3823=ORIENTED_EDGE('',*,*,#2639,.T.);
#3824=ORIENTED_EDGE('',*,*,#2685,.F.);
#3825=ORIENTED_EDGE('',*,*,#2686,.F.);
#3826=ORIENTED_EDGE('',*,*,#2147,.F.);
#3827=ORIENTED_EDGE('',*,*,#2148,.F.);
#3828=ORIENTED_EDGE('',*,*,#2686,.T.);
#3829=ORIENTED_EDGE('',*,*,#2684,.F.);
#3830=ORIENTED_EDGE('',*,*,#2687,.F.);
#3831=ORIENTED_EDGE('',*,*,#2637,.T.);
#3832=ORIENTED_EDGE('',*,*,#2149,.F.);
#3833=ORIENTED_EDGE('',*,*,#2687,.T.);
#3834=ORIENTED_EDGE('',*,*,#2683,.F.);
#3835=ORIENTED_EDGE('',*,*,#2644,.T.);
#3836=ORIENTED_EDGE('',*,*,#2688,.T.);
#3837=ORIENTED_EDGE('',*,*,#2689,.T.);
#3838=ORIENTED_EDGE('',*,*,#2690,.T.);
#3839=ORIENTED_EDGE('',*,*,#2645,.T.);
#3840=ORIENTED_EDGE('',*,*,#2690,.F.);
#3841=ORIENTED_EDGE('',*,*,#2691,.F.);
#3842=ORIENTED_EDGE('',*,*,#2187,.F.);
#3843=ORIENTED_EDGE('',*,*,#2188,.F.);
#3844=ORIENTED_EDGE('',*,*,#2691,.T.);
#3845=ORIENTED_EDGE('',*,*,#2689,.F.);
#3846=ORIENTED_EDGE('',*,*,#2692,.F.);
#3847=ORIENTED_EDGE('',*,*,#2643,.T.);
#3848=ORIENTED_EDGE('',*,*,#2189,.F.);
#3849=ORIENTED_EDGE('',*,*,#2692,.T.);
#3850=ORIENTED_EDGE('',*,*,#2688,.F.);
#3851=ORIENTED_EDGE('',*,*,#2640,.T.);
#3852=ORIENTED_EDGE('',*,*,#2205,.F.);
#3853=ORIENTED_EDGE('',*,*,#2693,.T.);
#3854=ORIENTED_EDGE('',*,*,#2694,.F.);
#3855=ORIENTED_EDGE('',*,*,#2204,.F.);
#3856=ORIENTED_EDGE('',*,*,#2695,.T.);
#3857=ORIENTED_EDGE('',*,*,#2696,.F.);
#3858=ORIENTED_EDGE('',*,*,#2693,.F.);
#3859=ORIENTED_EDGE('',*,*,#2642,.T.);
#3860=ORIENTED_EDGE('',*,*,#2697,.F.);
#3861=ORIENTED_EDGE('',*,*,#2695,.F.);
#3862=ORIENTED_EDGE('',*,*,#2203,.F.);
#3863=ORIENTED_EDGE('',*,*,#2641,.T.);
#3864=ORIENTED_EDGE('',*,*,#2694,.T.);
#3865=ORIENTED_EDGE('',*,*,#2696,.T.);
#3866=ORIENTED_EDGE('',*,*,#2697,.T.);
#3867=ORIENTED_EDGE('',*,*,#2313,.F.);
#3868=ORIENTED_EDGE('',*,*,#2698,.T.);
#3869=ORIENTED_EDGE('',*,*,#2699,.F.);
#3870=ORIENTED_EDGE('',*,*,#2630,.F.);
#3871=ORIENTED_EDGE('',*,*,#2312,.F.);
#3872=ORIENTED_EDGE('',*,*,#2700,.T.);
#3873=ORIENTED_EDGE('',*,*,#2701,.F.);
#3874=ORIENTED_EDGE('',*,*,#2698,.F.);
#3875=ORIENTED_EDGE('',*,*,#2631,.T.);
#3876=ORIENTED_EDGE('',*,*,#2699,.T.);
#3877=ORIENTED_EDGE('',*,*,#2701,.T.);
#3878=ORIENTED_EDGE('',*,*,#2702,.T.);
#3879=ORIENTED_EDGE('',*,*,#2311,.F.);
#3880=ORIENTED_EDGE('',*,*,#2632,.F.);
#3881=ORIENTED_EDGE('',*,*,#2702,.F.);
#3882=ORIENTED_EDGE('',*,*,#2700,.F.);
#3883=ORIENTED_EDGE('',*,*,#2241,.F.);
#3884=ORIENTED_EDGE('',*,*,#2703,.T.);
#3885=ORIENTED_EDGE('',*,*,#2704,.F.);
#3886=ORIENTED_EDGE('',*,*,#2653,.T.);
#3887=ORIENTED_EDGE('',*,*,#2654,.T.);
#3888=ORIENTED_EDGE('',*,*,#2704,.T.);
#3889=ORIENTED_EDGE('',*,*,#2705,.T.);
#3890=ORIENTED_EDGE('',*,*,#2706,.T.);
#3891=ORIENTED_EDGE('',*,*,#2239,.F.);
#3892=ORIENTED_EDGE('',*,*,#2655,.F.);
#3893=ORIENTED_EDGE('',*,*,#2706,.F.);
#3894=ORIENTED_EDGE('',*,*,#2707,.F.);
#3895=ORIENTED_EDGE('',*,*,#2240,.F.);
#3896=ORIENTED_EDGE('',*,*,#2707,.T.);
#3897=ORIENTED_EDGE('',*,*,#2705,.F.);
#3898=ORIENTED_EDGE('',*,*,#2703,.F.);
#3899=ORIENTED_EDGE('',*,*,#2255,.F.);
#3900=ORIENTED_EDGE('',*,*,#2652,.F.);
#3901=ORIENTED_EDGE('',*,*,#2708,.F.);
#3902=ORIENTED_EDGE('',*,*,#2709,.F.);
#3903=ORIENTED_EDGE('',*,*,#2651,.T.);
#3904=ORIENTED_EDGE('',*,*,#2710,.T.);
#3905=ORIENTED_EDGE('',*,*,#2711,.T.);
#3906=ORIENTED_EDGE('',*,*,#2708,.T.);
#3907=ORIENTED_EDGE('',*,*,#2256,.F.);
#3908=ORIENTED_EDGE('',*,*,#2709,.T.);
#3909=ORIENTED_EDGE('',*,*,#2711,.F.);
#3910=ORIENTED_EDGE('',*,*,#2712,.F.);
#3911=ORIENTED_EDGE('',*,*,#2257,.F.);
#3912=ORIENTED_EDGE('',*,*,#2712,.T.);
#3913=ORIENTED_EDGE('',*,*,#2710,.F.);
#3914=ORIENTED_EDGE('',*,*,#2650,.T.);
#3915=ORIENTED_EDGE('',*,*,#2713,.F.);
#3916=ORIENTED_EDGE('',*,*,#2714,.T.);
#3917=ORIENTED_EDGE('',*,*,#2656,.T.);
#3918=ORIENTED_EDGE('',*,*,#2714,.F.);
#3919=ORIENTED_EDGE('',*,*,#2715,.F.);
#3920=ORIENTED_EDGE('',*,*,#2716,.T.);
#3921=ORIENTED_EDGE('',*,*,#2657,.T.);
#3922=ORIENTED_EDGE('',*,*,#2716,.F.);
#3923=ORIENTED_EDGE('',*,*,#2717,.F.);
#3924=ORIENTED_EDGE('',*,*,#2718,.T.);
#3925=ORIENTED_EDGE('',*,*,#2658,.T.);
#3926=ORIENTED_EDGE('',*,*,#2718,.F.);
#3927=ORIENTED_EDGE('',*,*,#2719,.F.);
#3928=ORIENTED_EDGE('',*,*,#2720,.T.);
#3929=ORIENTED_EDGE('',*,*,#2659,.T.);
#3930=ORIENTED_EDGE('',*,*,#2720,.F.);
#3931=ORIENTED_EDGE('',*,*,#2661,.T.);
#3932=ORIENTED_EDGE('',*,*,#2721,.T.);
#3933=ORIENTED_EDGE('',*,*,#2722,.F.);
#3934=ORIENTED_EDGE('',*,*,#2723,.F.);
#3935=ORIENTED_EDGE('',*,*,#2662,.T.);
#3936=ORIENTED_EDGE('',*,*,#2723,.T.);
#3937=ORIENTED_EDGE('',*,*,#2724,.F.);
#3938=ORIENTED_EDGE('',*,*,#2725,.F.);
#3939=ORIENTED_EDGE('',*,*,#2663,.T.);
#3940=ORIENTED_EDGE('',*,*,#2725,.T.);
#3941=ORIENTED_EDGE('',*,*,#2726,.F.);
#3942=ORIENTED_EDGE('',*,*,#2727,.F.);
#3943=ORIENTED_EDGE('',*,*,#2664,.T.);
#3944=ORIENTED_EDGE('',*,*,#2727,.T.);
#3945=ORIENTED_EDGE('',*,*,#2728,.F.);
#3946=ORIENTED_EDGE('',*,*,#2729,.F.);
#3947=ORIENTED_EDGE('',*,*,#2665,.T.);
#3948=ORIENTED_EDGE('',*,*,#2729,.T.);
#3949=ORIENTED_EDGE('',*,*,#2730,.F.);
#3950=ORIENTED_EDGE('',*,*,#2731,.F.);
#3951=ORIENTED_EDGE('',*,*,#2666,.T.);
#3952=ORIENTED_EDGE('',*,*,#2731,.T.);
#3953=ORIENTED_EDGE('',*,*,#2732,.F.);
#3954=ORIENTED_EDGE('',*,*,#2733,.F.);
#3955=ORIENTED_EDGE('',*,*,#2667,.T.);
#3956=ORIENTED_EDGE('',*,*,#2733,.T.);
#3957=ORIENTED_EDGE('',*,*,#2734,.F.);
#3958=ORIENTED_EDGE('',*,*,#2735,.F.);
#3959=ORIENTED_EDGE('',*,*,#2660,.T.);
#3960=ORIENTED_EDGE('',*,*,#2735,.T.);
#3961=ORIENTED_EDGE('',*,*,#2736,.F.);
#3962=ORIENTED_EDGE('',*,*,#2721,.F.);
#3963=ORIENTED_EDGE('',*,*,#2636,.T.);
#3964=ORIENTED_EDGE('',*,*,#2261,.T.);
#3965=ORIENTED_EDGE('',*,*,#2737,.F.);
#3966=ORIENTED_EDGE('',*,*,#2167,.F.);
#3967=ORIENTED_EDGE('',*,*,#2649,.T.);
#3968=ORIENTED_EDGE('',*,*,#2169,.T.);
#3969=ORIENTED_EDGE('',*,*,#2738,.F.);
#3970=ORIENTED_EDGE('',*,*,#2259,.F.);
#3971=ORIENTED_EDGE('',*,*,#2738,.T.);
#3972=ORIENTED_EDGE('',*,*,#2168,.T.);
#3973=ORIENTED_EDGE('',*,*,#2737,.T.);
#3974=ORIENTED_EDGE('',*,*,#2260,.T.);
#3975=ORIENTED_EDGE('',*,*,#2736,.T.);
#3976=ORIENTED_EDGE('',*,*,#2734,.T.);
#3977=ORIENTED_EDGE('',*,*,#2732,.T.);
#3978=ORIENTED_EDGE('',*,*,#2730,.T.);
#3979=ORIENTED_EDGE('',*,*,#2728,.T.);
#3980=ORIENTED_EDGE('',*,*,#2726,.T.);
#3981=ORIENTED_EDGE('',*,*,#2724,.T.);
#3982=ORIENTED_EDGE('',*,*,#2722,.T.);
#3983=ORIENTED_EDGE('',*,*,#2719,.T.);
#3984=ORIENTED_EDGE('',*,*,#2717,.T.);
#3985=ORIENTED_EDGE('',*,*,#2715,.T.);
#3986=ORIENTED_EDGE('',*,*,#2713,.T.);
#3987=PLANE('',#4417);
#3988=PLANE('',#4418);
#3989=PLANE('',#4419);
#3990=PLANE('',#4420);
#3991=PLANE('',#4421);
#3992=PLANE('',#4422);
#3993=PLANE('',#4423);
#3994=PLANE('',#4424);
#3995=PLANE('',#4425);
#3996=PLANE('',#4426);
#3997=PLANE('',#4427);
#3998=PLANE('',#4428);
#3999=PLANE('',#4429);
#4000=PLANE('',#4430);
#4001=PLANE('',#4431);
#4002=PLANE('',#4432);
#4003=PLANE('',#4433);
#4004=PLANE('',#4434);
#4005=PLANE('',#4435);
#4006=PLANE('',#4436);
#4007=PLANE('',#4437);
#4008=PLANE('',#4438);
#4009=PLANE('',#4439);
#4010=PLANE('',#4440);
#4011=PLANE('',#4441);
#4012=PLANE('',#4442);
#4013=PLANE('',#4443);
#4014=PLANE('',#4444);
#4015=PLANE('',#4445);
#4016=PLANE('',#4446);
#4017=PLANE('',#4447);
#4018=PLANE('',#4448);
#4019=PLANE('',#4449);
#4020=PLANE('',#4450);
#4021=PLANE('',#4451);
#4022=PLANE('',#4452);
#4023=PLANE('',#4453);
#4024=PLANE('',#4454);
#4025=PLANE('',#4455);
#4026=PLANE('',#4456);
#4027=PLANE('',#4457);
#4028=PLANE('',#4458);
#4029=PLANE('',#4459);
#4030=PLANE('',#4460);
#4031=PLANE('',#4461);
#4032=PLANE('',#4462);
#4033=PLANE('',#4463);
#4034=PLANE('',#4464);
#4035=PLANE('',#4465);
#4036=PLANE('',#4466);
#4037=PLANE('',#4467);
#4038=PLANE('',#4468);
#4039=PLANE('',#4469);
#4040=PLANE('',#4470);
#4041=PLANE('',#4471);
#4042=PLANE('',#4472);
#4043=PLANE('',#4473);
#4044=PLANE('',#4474);
#4045=PLANE('',#4475);
#4046=PLANE('',#4476);
#4047=PLANE('',#4477);
#4048=PLANE('',#4478);
#4049=PLANE('',#4479);
#4050=PLANE('',#4480);
#4051=PLANE('',#4481);
#4052=PLANE('',#4482);
#4053=PLANE('',#4483);
#4054=PLANE('',#4484);
#4055=PLANE('',#4485);
#4056=PLANE('',#4486);
#4057=PLANE('',#4487);
#4058=PLANE('',#4488);
#4059=PLANE('',#4489);
#4060=PLANE('',#4490);
#4061=PLANE('',#4491);
#4062=PLANE('',#4492);
#4063=PLANE('',#4493);
#4064=PLANE('',#4494);
#4065=PLANE('',#4495);
#4066=PLANE('',#4496);
#4067=PLANE('',#4497);
#4068=PLANE('',#4498);
#4069=PLANE('',#4499);
#4070=PLANE('',#4500);
#4071=PLANE('',#4501);
#4072=PLANE('',#4502);
#4073=PLANE('',#4503);
#4074=PLANE('',#4504);
#4075=PLANE('',#4505);
#4076=PLANE('',#4506);
#4077=PLANE('',#4507);
#4078=PLANE('',#4508);
#4079=PLANE('',#4509);
#4080=PLANE('',#4510);
#4081=PLANE('',#4511);
#4082=PLANE('',#4512);
#4083=PLANE('',#4513);
#4084=PLANE('',#4514);
#4085=PLANE('',#4515);
#4086=PLANE('',#4516);
#4087=PLANE('',#4517);
#4088=PLANE('',#4518);
#4089=PLANE('',#4519);
#4090=PLANE('',#4520);
#4091=PLANE('',#4521);
#4092=PLANE('',#4522);
#4093=PLANE('',#4523);
#4094=PLANE('',#4524);
#4095=PLANE('',#4525);
#4096=PLANE('',#4526);
#4097=PLANE('',#4527);
#4098=PLANE('',#4528);
#4099=PLANE('',#4529);
#4100=PLANE('',#4530);
#4101=PLANE('',#4531);
#4102=PLANE('',#4532);
#4103=PLANE('',#4533);
#4104=PLANE('',#4534);
#4105=PLANE('',#4535);
#4106=PLANE('',#4536);
#4107=PLANE('',#4537);
#4108=PLANE('',#4538);
#4109=PLANE('',#4539);
#4110=PLANE('',#4540);
#4111=PLANE('',#4541);
#4112=PLANE('',#4542);
#4113=PLANE('',#4543);
#4114=PLANE('',#4544);
#4115=PLANE('',#4545);
#4116=PLANE('',#4546);
#4117=PLANE('',#4547);
#4118=PLANE('',#4548);
#4119=PLANE('',#4549);
#4120=PLANE('',#4550);
#4121=PLANE('',#4551);
#4122=PLANE('',#4552);
#4123=PLANE('',#4553);
#4124=PLANE('',#4554);
#4125=PLANE('',#4555);
#4126=PLANE('',#4556);
#4127=PLANE('',#4557);
#4128=PLANE('',#4558);
#4129=PLANE('',#4559);
#4130=PLANE('',#4560);
#4131=PLANE('',#4561);
#4132=PLANE('',#4562);
#4133=PLANE('',#4563);
#4134=PLANE('',#4564);
#4135=PLANE('',#4565);
#4136=PLANE('',#4566);
#4137=PLANE('',#4567);
#4138=PLANE('',#4568);
#4139=PLANE('',#4569);
#4140=PLANE('',#4570);
#4141=PLANE('',#4571);
#4142=PLANE('',#4572);
#4143=PLANE('',#4573);
#4144=PLANE('',#4574);
#4145=PLANE('',#4575);
#4146=PLANE('',#4580);
#4147=PLANE('',#4581);
#4148=PLANE('',#4582);
#4149=PLANE('',#4583);
#4150=PLANE('',#4584);
#4151=PLANE('',#4585);
#4152=PLANE('',#4586);
#4153=PLANE('',#4587);
#4154=PLANE('',#4588);
#4155=PLANE('',#4589);
#4156=PLANE('',#4590);
#4157=PLANE('',#4591);
#4158=PLANE('',#4592);
#4159=PLANE('',#4593);
#4160=PLANE('',#4594);
#4161=PLANE('',#4595);
#4162=PLANE('',#4596);
#4163=PLANE('',#4597);
#4164=PLANE('',#4598);
#4165=PLANE('',#4599);
#4166=PLANE('',#4600);
#4167=PLANE('',#4601);
#4168=PLANE('',#4602);
#4169=PLANE('',#4603);
#4170=PLANE('',#4604);
#4171=PLANE('',#4605);
#4172=PLANE('',#4606);
#4173=PLANE('',#4607);
#4174=PLANE('',#4608);
#4175=PLANE('',#4609);
#4176=PLANE('',#4610);
#4177=PLANE('',#4611);
#4178=PLANE('',#4612);
#4179=PLANE('',#4613);
#4180=PLANE('',#4614);
#4181=PLANE('',#4615);
#4182=PLANE('',#4624);
#4183=PLANE('',#4625);
#4184=PLANE('',#4626);
#4185=PLANE('',#4627);
#4186=PLANE('',#4628);
#4187=PLANE('',#4629);
#4188=PLANE('',#4630);
#4189=PLANE('',#4631);
#4190=PLANE('',#4632);
#4191=PLANE('',#4633);
#4192=PLANE('',#4634);
#4193=ADVANCED_FACE('',(#37),#3987,.T.);
#4194=ADVANCED_FACE('',(#38),#3988,.T.);
#4195=ADVANCED_FACE('',(#39),#3989,.T.);
#4196=ADVANCED_FACE('',(#40),#3990,.T.);
#4197=ADVANCED_FACE('',(#41),#3991,.T.);
#4198=ADVANCED_FACE('',(#42),#3992,.T.);
#4199=ADVANCED_FACE('',(#43),#3993,.T.);
#4200=ADVANCED_FACE('',(#44),#3994,.T.);
#4201=ADVANCED_FACE('',(#45),#3995,.T.);
#4202=ADVANCED_FACE('',(#46),#3996,.T.);
#4203=ADVANCED_FACE('',(#47),#3997,.T.);
#4204=ADVANCED_FACE('',(#48),#3998,.T.);
#4205=ADVANCED_FACE('',(#49),#3999,.T.);
#4206=ADVANCED_FACE('',(#50),#4000,.T.);
#4207=ADVANCED_FACE('',(#51),#4001,.T.);
#4208=ADVANCED_FACE('',(#52),#4002,.T.);
#4209=ADVANCED_FACE('',(#53),#4003,.T.);
#4210=ADVANCED_FACE('',(#54),#4004,.T.);
#4211=ADVANCED_FACE('',(#55),#4005,.T.);
#4212=ADVANCED_FACE('',(#56),#4006,.T.);
#4213=ADVANCED_FACE('',(#57),#4007,.T.);
#4214=ADVANCED_FACE('',(#58),#4008,.T.);
#4215=ADVANCED_FACE('',(#59),#4009,.T.);
#4216=ADVANCED_FACE('',(#60),#4010,.T.);
#4217=ADVANCED_FACE('',(#61),#4011,.T.);
#4218=ADVANCED_FACE('',(#62),#4012,.T.);
#4219=ADVANCED_FACE('',(#63),#4013,.T.);
#4220=ADVANCED_FACE('',(#64),#4014,.T.);
#4221=ADVANCED_FACE('',(#65),#4015,.T.);
#4222=ADVANCED_FACE('',(#66),#4016,.T.);
#4223=ADVANCED_FACE('',(#67),#4017,.T.);
#4224=ADVANCED_FACE('',(#68),#4018,.T.);
#4225=ADVANCED_FACE('',(#69),#4019,.T.);
#4226=ADVANCED_FACE('',(#70),#4020,.T.);
#4227=ADVANCED_FACE('',(#71),#4021,.T.);
#4228=ADVANCED_FACE('',(#72),#4022,.T.);
#4229=ADVANCED_FACE('',(#73),#4023,.T.);
#4230=ADVANCED_FACE('',(#74),#4024,.T.);
#4231=ADVANCED_FACE('',(#75),#4025,.T.);
#4232=ADVANCED_FACE('',(#76),#4026,.T.);
#4233=ADVANCED_FACE('',(#77),#4027,.T.);
#4234=ADVANCED_FACE('',(#78),#4028,.T.);
#4235=ADVANCED_FACE('',(#79),#4029,.T.);
#4236=ADVANCED_FACE('',(#80),#4030,.T.);
#4237=ADVANCED_FACE('',(#81),#4031,.T.);
#4238=ADVANCED_FACE('',(#82),#4032,.T.);
#4239=ADVANCED_FACE('',(#83),#4033,.T.);
#4240=ADVANCED_FACE('',(#84),#4034,.T.);
#4241=ADVANCED_FACE('',(#85),#4035,.T.);
#4242=ADVANCED_FACE('',(#86),#4036,.T.);
#4243=ADVANCED_FACE('',(#87),#4037,.T.);
#4244=ADVANCED_FACE('',(#88),#4038,.T.);
#4245=ADVANCED_FACE('',(#89),#4039,.T.);
#4246=ADVANCED_FACE('',(#90),#4040,.T.);
#4247=ADVANCED_FACE('',(#91),#4041,.T.);
#4248=ADVANCED_FACE('',(#92),#4042,.T.);
#4249=ADVANCED_FACE('',(#93),#4043,.T.);
#4250=ADVANCED_FACE('',(#94),#4044,.T.);
#4251=ADVANCED_FACE('',(#95),#4045,.T.);
#4252=ADVANCED_FACE('',(#96),#4046,.T.);
#4253=ADVANCED_FACE('',(#97),#4047,.T.);
#4254=ADVANCED_FACE('',(#98),#4048,.T.);
#4255=ADVANCED_FACE('',(#99),#4049,.T.);
#4256=ADVANCED_FACE('',(#100),#4050,.T.);
#4257=ADVANCED_FACE('',(#101),#4051,.T.);
#4258=ADVANCED_FACE('',(#102),#4052,.T.);
#4259=ADVANCED_FACE('',(#103),#4053,.T.);
#4260=ADVANCED_FACE('',(#104),#4054,.T.);
#4261=ADVANCED_FACE('',(#105),#4055,.T.);
#4262=ADVANCED_FACE('',(#106),#4056,.T.);
#4263=ADVANCED_FACE('',(#107),#4057,.T.);
#4264=ADVANCED_FACE('',(#108),#4058,.T.);
#4265=ADVANCED_FACE('',(#109),#4059,.T.);
#4266=ADVANCED_FACE('',(#110),#4060,.T.);
#4267=ADVANCED_FACE('',(#111),#4061,.T.);
#4268=ADVANCED_FACE('',(#112),#4062,.T.);
#4269=ADVANCED_FACE('',(#113),#4063,.T.);
#4270=ADVANCED_FACE('',(#114),#4064,.T.);
#4271=ADVANCED_FACE('',(#115),#4065,.T.);
#4272=ADVANCED_FACE('',(#116),#4066,.T.);
#4273=ADVANCED_FACE('',(#117),#4067,.T.);
#4274=ADVANCED_FACE('',(#118),#4068,.T.);
#4275=ADVANCED_FACE('',(#119),#4069,.T.);
#4276=ADVANCED_FACE('',(#120),#4070,.T.);
#4277=ADVANCED_FACE('',(#121),#4071,.T.);
#4278=ADVANCED_FACE('',(#122),#4072,.T.);
#4279=ADVANCED_FACE('',(#123),#4073,.T.);
#4280=ADVANCED_FACE('',(#124),#4074,.T.);
#4281=ADVANCED_FACE('',(#125),#4075,.T.);
#4282=ADVANCED_FACE('',(#126),#4076,.T.);
#4283=ADVANCED_FACE('',(#127),#4077,.T.);
#4284=ADVANCED_FACE('',(#128),#4078,.T.);
#4285=ADVANCED_FACE('',(#129),#4079,.T.);
#4286=ADVANCED_FACE('',(#130),#4080,.T.);
#4287=ADVANCED_FACE('',(#131),#4081,.T.);
#4288=ADVANCED_FACE('',(#132),#4082,.T.);
#4289=ADVANCED_FACE('',(#133),#4083,.T.);
#4290=ADVANCED_FACE('',(#134),#4084,.T.);
#4291=ADVANCED_FACE('',(#135),#4085,.T.);
#4292=ADVANCED_FACE('',(#136),#4086,.T.);
#4293=ADVANCED_FACE('',(#137),#4087,.T.);
#4294=ADVANCED_FACE('',(#138),#4088,.T.);
#4295=ADVANCED_FACE('',(#139),#4089,.T.);
#4296=ADVANCED_FACE('',(#140),#4090,.T.);
#4297=ADVANCED_FACE('',(#141),#4091,.T.);
#4298=ADVANCED_FACE('',(#142),#4092,.T.);
#4299=ADVANCED_FACE('',(#143),#4093,.T.);
#4300=ADVANCED_FACE('',(#144),#4094,.T.);
#4301=ADVANCED_FACE('',(#145),#4095,.T.);
#4302=ADVANCED_FACE('',(#146),#4096,.T.);
#4303=ADVANCED_FACE('',(#147),#4097,.T.);
#4304=ADVANCED_FACE('',(#148),#4098,.T.);
#4305=ADVANCED_FACE('',(#149),#4099,.T.);
#4306=ADVANCED_FACE('',(#150),#4100,.T.);
#4307=ADVANCED_FACE('',(#151),#4101,.T.);
#4308=ADVANCED_FACE('',(#152),#4102,.T.);
#4309=ADVANCED_FACE('',(#153),#4103,.T.);
#4310=ADVANCED_FACE('',(#154),#4104,.T.);
#4311=ADVANCED_FACE('',(#155),#4105,.T.);
#4312=ADVANCED_FACE('',(#156),#4106,.T.);
#4313=ADVANCED_FACE('',(#157),#4107,.T.);
#4314=ADVANCED_FACE('',(#158),#4108,.T.);
#4315=ADVANCED_FACE('',(#159),#4109,.T.);
#4316=ADVANCED_FACE('',(#160),#4110,.T.);
#4317=ADVANCED_FACE('',(#161),#4111,.T.);
#4318=ADVANCED_FACE('',(#162),#4112,.T.);
#4319=ADVANCED_FACE('',(#163),#4113,.T.);
#4320=ADVANCED_FACE('',(#164),#4114,.T.);
#4321=ADVANCED_FACE('',(#165),#4115,.T.);
#4322=ADVANCED_FACE('',(#166),#4116,.T.);
#4323=ADVANCED_FACE('',(#167),#4117,.T.);
#4324=ADVANCED_FACE('',(#168),#4118,.T.);
#4325=ADVANCED_FACE('',(#169),#4119,.T.);
#4326=ADVANCED_FACE('',(#170),#4120,.T.);
#4327=ADVANCED_FACE('',(#171),#4121,.T.);
#4328=ADVANCED_FACE('',(#172),#4122,.T.);
#4329=ADVANCED_FACE('',(#173),#4123,.T.);
#4330=ADVANCED_FACE('',(#174),#4124,.T.);
#4331=ADVANCED_FACE('',(#175),#4125,.T.);
#4332=ADVANCED_FACE('',(#176),#4126,.T.);
#4333=ADVANCED_FACE('',(#177),#4127,.T.);
#4334=ADVANCED_FACE('',(#178),#4128,.T.);
#4335=ADVANCED_FACE('',(#179),#4129,.T.);
#4336=ADVANCED_FACE('',(#180),#4130,.T.);
#4337=ADVANCED_FACE('',(#181),#4131,.T.);
#4338=ADVANCED_FACE('',(#182),#4132,.T.);
#4339=ADVANCED_FACE('',(#183),#4133,.T.);
#4340=ADVANCED_FACE('',(#184),#4134,.T.);
#4341=ADVANCED_FACE('',(#185),#4135,.T.);
#4342=ADVANCED_FACE('',(#186),#4136,.T.);
#4343=ADVANCED_FACE('',(#187),#4137,.T.);
#4344=ADVANCED_FACE('',(#188),#4138,.T.);
#4345=ADVANCED_FACE('',(#189),#4139,.T.);
#4346=ADVANCED_FACE('',(#190),#4140,.T.);
#4347=ADVANCED_FACE('',(#191),#4141,.T.);
#4348=ADVANCED_FACE('',(#192),#4142,.T.);
#4349=ADVANCED_FACE('',(#193),#4143,.T.);
#4350=ADVANCED_FACE('',(#194),#4144,.T.);
#4351=ADVANCED_FACE('',(#195,#19,#20,#21,#22,#23),#4145,.F.);
#4352=ADVANCED_FACE('',(#196),#4146,.T.);
#4353=ADVANCED_FACE('',(#197),#4147,.T.);
#4354=ADVANCED_FACE('',(#198),#4148,.T.);
#4355=ADVANCED_FACE('',(#199),#4149,.T.);
#4356=ADVANCED_FACE('',(#200),#4150,.T.);
#4357=ADVANCED_FACE('',(#201),#4151,.T.);
#4358=ADVANCED_FACE('',(#202),#4152,.T.);
#4359=ADVANCED_FACE('',(#203),#4153,.T.);
#4360=ADVANCED_FACE('',(#204),#4154,.T.);
#4361=ADVANCED_FACE('',(#205),#4155,.T.);
#4362=ADVANCED_FACE('',(#206),#4156,.T.);
#4363=ADVANCED_FACE('',(#207),#4157,.T.);
#4364=ADVANCED_FACE('',(#208),#4158,.T.);
#4365=ADVANCED_FACE('',(#209),#4159,.T.);
#4366=ADVANCED_FACE('',(#210),#4160,.T.);
#4367=ADVANCED_FACE('',(#211),#4161,.T.);
#4368=ADVANCED_FACE('',(#212),#4162,.T.);
#4369=ADVANCED_FACE('',(#213),#4163,.T.);
#4370=ADVANCED_FACE('',(#214),#4164,.T.);
#4371=ADVANCED_FACE('',(#215),#4165,.T.);
#4372=ADVANCED_FACE('',(#216),#4166,.T.);
#4373=ADVANCED_FACE('',(#217),#4167,.T.);
#4374=ADVANCED_FACE('',(#218),#4168,.T.);
#4375=ADVANCED_FACE('',(#219),#4169,.T.);
#4376=ADVANCED_FACE('',(#220),#4170,.T.);
#4377=ADVANCED_FACE('',(#221),#4171,.T.);
#4378=ADVANCED_FACE('',(#222),#4172,.T.);
#4379=ADVANCED_FACE('',(#223),#4173,.T.);
#4380=ADVANCED_FACE('',(#224),#4174,.T.);
#4381=ADVANCED_FACE('',(#225),#4175,.T.);
#4382=ADVANCED_FACE('',(#226),#4176,.T.);
#4383=ADVANCED_FACE('',(#227),#4177,.T.);
#4384=ADVANCED_FACE('',(#228),#4178,.T.);
#4385=ADVANCED_FACE('',(#229),#4179,.T.);
#4386=ADVANCED_FACE('',(#230),#4180,.T.);
#4387=ADVANCED_FACE('',(#231),#4181,.T.);
#4388=ADVANCED_FACE('',(#232),#15,.F.);
#4389=ADVANCED_FACE('',(#233),#16,.F.);
#4390=ADVANCED_FACE('',(#234),#17,.F.);
#4391=ADVANCED_FACE('',(#235),#18,.F.);
#4392=ADVANCED_FACE('',(#236),#4182,.T.);
#4393=ADVANCED_FACE('',(#237),#4183,.T.);
#4394=ADVANCED_FACE('',(#238),#4184,.T.);
#4395=ADVANCED_FACE('',(#239),#4185,.T.);
#4396=ADVANCED_FACE('',(#240),#4186,.T.);
#4397=ADVANCED_FACE('',(#241),#4187,.T.);
#4398=ADVANCED_FACE('',(#242),#4188,.T.);
#4399=ADVANCED_FACE('',(#243),#4189,.T.);
#4400=ADVANCED_FACE('',(#244),#4190,.T.);
#4401=ADVANCED_FACE('',(#245),#4191,.T.);
#4402=ADVANCED_FACE('',(#246,#24,#25,#26,#27,#28),#4192,.T.);
#4403=CLOSED_SHELL('',(#4193,#4194,#4195,#4196,#4197,#4198,#4199,#4200,
#4201,#4202,#4203,#4204,#4205,#4206,#4207,#4208,#4209,#4210,#4211,#4212,
#4213,#4214,#4215,#4216,#4217,#4218,#4219,#4220,#4221,#4222,#4223,#4224,
#4225,#4226,#4227,#4228,#4229,#4230,#4231,#4232,#4233,#4234,#4235,#4236,
#4237,#4238,#4239,#4240,#4241,#4242,#4243,#4244,#4245,#4246,#4247,#4248,
#4249,#4250,#4251,#4252,#4253,#4254,#4255,#4256,#4257,#4258,#4259,#4260,
#4261,#4262,#4263,#4264,#4265,#4266,#4267,#4268,#4269,#4270,#4271,#4272,
#4273,#4274,#4275,#4276,#4277,#4278,#4279,#4280,#4281,#4282,#4283,#4284,
#4285,#4286,#4287,#4288,#4289,#4290,#4291,#4292,#4293,#4294,#4295,#4296,
#4297,#4298,#4299,#4300,#4301,#4302,#4303,#4304,#4305,#4306,#4307,#4308,
#4309,#4310,#4311,#4312,#4313,#4314,#4315,#4316,#4317,#4318,#4319,#4320,
#4321,#4322,#4323,#4324,#4325,#4326,#4327,#4328,#4329,#4330,#4331,#4332,
#4333,#4334,#4335,#4336,#4337,#4338,#4339,#4340,#4341,#4342,#4343,#4344,
#4345,#4346,#4347,#4348,#4349,#4350,#4351,#4352,#4353,#4354,#4355,#4356,
#4357,#4358,#4359,#4360,#4361,#4362,#4363,#4364,#4365,#4366,#4367,#4368,
#4369,#4370,#4371,#4372,#4373,#4374,#4375,#4376,#4377,#4378,#4379,#4380,
#4381,#4382,#4383,#4384,#4385,#4386,#4387,#4388,#4389,#4390,#4391,#4392,
#4393,#4394,#4395,#4396,#4397,#4398,#4399,#4400,#4401,#4402));
#4404=DERIVED_UNIT_ELEMENT(#4406,1.);
#4405=DERIVED_UNIT_ELEMENT(#6945,-3.);
#4406=(
MASS_UNIT()
NAMED_UNIT(*)
SI_UNIT(.KILO.,.GRAM.)
);
#4407=DERIVED_UNIT((#4404,#4405));
#4408=MEASURE_REPRESENTATION_ITEM('density measure',
POSITIVE_RATIO_MEASURE(7850.),#4407);
#4409=PROPERTY_DEFINITION_REPRESENTATION(#4414,#4411);
#4410=PROPERTY_DEFINITION_REPRESENTATION(#4415,#4412);
#4411=REPRESENTATION('material name',(#4413),#6942);
#4412=REPRESENTATION('density',(#4408),#6942);
#4413=DESCRIPTIVE_REPRESENTATION_ITEM('Steel','Steel');
#4414=PROPERTY_DEFINITION('material property','material name',#6952);
#4415=PROPERTY_DEFINITION('material property','density of part',#6952);
#4416=AXIS2_PLACEMENT_3D('',#5689,#4635,#4636);
#4417=AXIS2_PLACEMENT_3D('',#5690,#4637,#4638);
#4418=AXIS2_PLACEMENT_3D('',#5699,#4643,#4644);
#4419=AXIS2_PLACEMENT_3D('',#5705,#4648,#4649);
#4420=AXIS2_PLACEMENT_3D('',#5711,#4653,#4654);
#4421=AXIS2_PLACEMENT_3D('',#5713,#4656,#4657);
#4422=AXIS2_PLACEMENT_3D('',#5907,#4755,#4756);
#4423=AXIS2_PLACEMENT_3D('',#5916,#4761,#4762);
#4424=AXIS2_PLACEMENT_3D('',#5925,#4767,#4768);
#4425=AXIS2_PLACEMENT_3D('',#5928,#4771,#4772);
#4426=AXIS2_PLACEMENT_3D('',#5930,#4774,#4775);
#4427=AXIS2_PLACEMENT_3D('',#6124,#4873,#4874);
#4428=AXIS2_PLACEMENT_3D('',#6133,#4879,#4880);
#4429=AXIS2_PLACEMENT_3D('',#6136,#4883,#4884);
#4430=AXIS2_PLACEMENT_3D('',#6138,#4886,#4887);
#4431=AXIS2_PLACEMENT_3D('',#6140,#4889,#4890);
#4432=AXIS2_PLACEMENT_3D('',#6146,#4894,#4895);
#4433=AXIS2_PLACEMENT_3D('',#6152,#4899,#4900);
#4434=AXIS2_PLACEMENT_3D('',#6154,#4902,#4903);
#4435=AXIS2_PLACEMENT_3D('',#6156,#4905,#4906);
#4436=AXIS2_PLACEMENT_3D('',#6162,#4910,#4911);
#4437=AXIS2_PLACEMENT_3D('',#6168,#4915,#4916);
#4438=AXIS2_PLACEMENT_3D('',#6170,#4918,#4919);
#4439=AXIS2_PLACEMENT_3D('',#6172,#4921,#4922);
#4440=AXIS2_PLACEMENT_3D('',#6181,#4927,#4928);
#4441=AXIS2_PLACEMENT_3D('',#6184,#4931,#4932);
#4442=AXIS2_PLACEMENT_3D('',#6186,#4934,#4935);
#4443=AXIS2_PLACEMENT_3D('',#6188,#4937,#4938);
#4444=AXIS2_PLACEMENT_3D('',#6197,#4943,#4944);
#4445=AXIS2_PLACEMENT_3D('',#6200,#4947,#4948);
#4446=AXIS2_PLACEMENT_3D('',#6202,#4950,#4951);
#4447=AXIS2_PLACEMENT_3D('',#6204,#4953,#4954);
#4448=AXIS2_PLACEMENT_3D('',#6210,#4958,#4959);
#4449=AXIS2_PLACEMENT_3D('',#6214,#4962,#4963);
#4450=AXIS2_PLACEMENT_3D('',#6218,#4966,#4967);
#4451=AXIS2_PLACEMENT_3D('',#6220,#4969,#4970);
#4452=AXIS2_PLACEMENT_3D('',#6226,#4974,#4975);
#4453=AXIS2_PLACEMENT_3D('',#6230,#4978,#4979);
#4454=AXIS2_PLACEMENT_3D('',#6234,#4982,#4983);
#4455=AXIS2_PLACEMENT_3D('',#6236,#4985,#4986);
#4456=AXIS2_PLACEMENT_3D('',#6245,#4991,#4992);
#4457=AXIS2_PLACEMENT_3D('',#6248,#4995,#4996);
#4458=AXIS2_PLACEMENT_3D('',#6250,#4998,#4999);
#4459=AXIS2_PLACEMENT_3D('',#6252,#5001,#5002);
#4460=AXIS2_PLACEMENT_3D('',#6258,#5006,#5007);
#4461=AXIS2_PLACEMENT_3D('',#6264,#5011,#5012);
#4462=AXIS2_PLACEMENT_3D('',#6267,#5015,#5016);
#4463=AXIS2_PLACEMENT_3D('',#6268,#5017,#5018);
#4464=AXIS2_PLACEMENT_3D('',#6274,#5022,#5023);
#4465=AXIS2_PLACEMENT_3D('',#6280,#5027,#5028);
#4466=AXIS2_PLACEMENT_3D('',#6282,#5030,#5031);
#4467=AXIS2_PLACEMENT_3D('',#6284,#5033,#5034);
#4468=AXIS2_PLACEMENT_3D('',#6290,#5038,#5039);
#4469=AXIS2_PLACEMENT_3D('',#6294,#5042,#5043);
#4470=AXIS2_PLACEMENT_3D('',#6298,#5046,#5047);
#4471=AXIS2_PLACEMENT_3D('',#6300,#5049,#5050);
#4472=AXIS2_PLACEMENT_3D('',#6306,#5054,#5055);
#4473=AXIS2_PLACEMENT_3D('',#6310,#5058,#5059);
#4474=AXIS2_PLACEMENT_3D('',#6314,#5062,#5063);
#4475=AXIS2_PLACEMENT_3D('',#6316,#5065,#5066);
#4476=AXIS2_PLACEMENT_3D('',#6322,#5070,#5071);
#4477=AXIS2_PLACEMENT_3D('',#6328,#5075,#5076);
#4478=AXIS2_PLACEMENT_3D('',#6330,#5078,#5079);
#4479=AXIS2_PLACEMENT_3D('',#6332,#5081,#5082);
#4480=AXIS2_PLACEMENT_3D('',#6338,#5086,#5087);
#4481=AXIS2_PLACEMENT_3D('',#6344,#5091,#5092);
#4482=AXIS2_PLACEMENT_3D('',#6346,#5094,#5095);
#4483=AXIS2_PLACEMENT_3D('',#6348,#5097,#5098);
#4484=AXIS2_PLACEMENT_3D('',#6354,#5102,#5103);
#4485=AXIS2_PLACEMENT_3D('',#6360,#5107,#5108);
#4486=AXIS2_PLACEMENT_3D('',#6362,#5110,#5111);
#4487=AXIS2_PLACEMENT_3D('',#6364,#5113,#5114);
#4488=AXIS2_PLACEMENT_3D('',#6370,#5118,#5119);
#4489=AXIS2_PLACEMENT_3D('',#6374,#5122,#5123);
#4490=AXIS2_PLACEMENT_3D('',#6378,#5126,#5127);
#4491=AXIS2_PLACEMENT_3D('',#6380,#5129,#5130);
#4492=AXIS2_PLACEMENT_3D('',#6386,#5134,#5135);
#4493=AXIS2_PLACEMENT_3D('',#6392,#5139,#5140);
#4494=AXIS2_PLACEMENT_3D('',#6394,#5142,#5143);
#4495=AXIS2_PLACEMENT_3D('',#6396,#5145,#5146);
#4496=AXIS2_PLACEMENT_3D('',#6402,#5150,#5151);
#4497=AXIS2_PLACEMENT_3D('',#6408,#5155,#5156);
#4498=AXIS2_PLACEMENT_3D('',#6410,#5158,#5159);
#4499=AXIS2_PLACEMENT_3D('',#6412,#5161,#5162);
#4500=AXIS2_PLACEMENT_3D('',#6418,#5166,#5167);
#4501=AXIS2_PLACEMENT_3D('',#6424,#5171,#5172);
#4502=AXIS2_PLACEMENT_3D('',#6426,#5174,#5175);
#4503=AXIS2_PLACEMENT_3D('',#6428,#5177,#5178);
#4504=AXIS2_PLACEMENT_3D('',#6434,#5182,#5183);
#4505=AXIS2_PLACEMENT_3D('',#6440,#5187,#5188);
#4506=AXIS2_PLACEMENT_3D('',#6442,#5190,#5191);
#4507=AXIS2_PLACEMENT_3D('',#6444,#5193,#5194);
#4508=AXIS2_PLACEMENT_3D('',#6450,#5198,#5199);
#4509=AXIS2_PLACEMENT_3D('',#6454,#5202,#5203);
#4510=AXIS2_PLACEMENT_3D('',#6458,#5206,#5207);
#4511=AXIS2_PLACEMENT_3D('',#6460,#5209,#5210);
#4512=AXIS2_PLACEMENT_3D('',#6466,#5214,#5215);
#4513=AXIS2_PLACEMENT_3D('',#6470,#5218,#5219);
#4514=AXIS2_PLACEMENT_3D('',#6474,#5222,#5223);
#4515=AXIS2_PLACEMENT_3D('',#6476,#5225,#5226);
#4516=AXIS2_PLACEMENT_3D('',#6482,#5230,#5231);
#4517=AXIS2_PLACEMENT_3D('',#6488,#5235,#5236);
#4518=AXIS2_PLACEMENT_3D('',#6490,#5238,#5239);
#4519=AXIS2_PLACEMENT_3D('',#6492,#5241,#5242);
#4520=AXIS2_PLACEMENT_3D('',#6498,#5246,#5247);
#4521=AXIS2_PLACEMENT_3D('',#6504,#5251,#5252);
#4522=AXIS2_PLACEMENT_3D('',#6506,#5254,#5255);
#4523=AXIS2_PLACEMENT_3D('',#6508,#5257,#5258);
#4524=AXIS2_PLACEMENT_3D('',#6514,#5262,#5263);
#4525=AXIS2_PLACEMENT_3D('',#6518,#5266,#5267);
#4526=AXIS2_PLACEMENT_3D('',#6522,#5270,#5271);
#4527=AXIS2_PLACEMENT_3D('',#6524,#5273,#5274);
#4528=AXIS2_PLACEMENT_3D('',#6530,#5278,#5279);
#4529=AXIS2_PLACEMENT_3D('',#6534,#5282,#5283);
#4530=AXIS2_PLACEMENT_3D('',#6538,#5286,#5287);
#4531=AXIS2_PLACEMENT_3D('',#6540,#5289,#5290);
#4532=AXIS2_PLACEMENT_3D('',#6546,#5294,#5295);
#4533=AXIS2_PLACEMENT_3D('',#6550,#5298,#5299);
#4534=AXIS2_PLACEMENT_3D('',#6554,#5302,#5303);
#4535=AXIS2_PLACEMENT_3D('',#6556,#5305,#5306);
#4536=AXIS2_PLACEMENT_3D('',#6565,#5311,#5312);
#4537=AXIS2_PLACEMENT_3D('',#6568,#5315,#5316);
#4538=AXIS2_PLACEMENT_3D('',#6570,#5318,#5319);
#4539=AXIS2_PLACEMENT_3D('',#6572,#5321,#5322);
#4540=AXIS2_PLACEMENT_3D('',#6578,#5326,#5327);
#4541=AXIS2_PLACEMENT_3D('',#6584,#5331,#5332);
#4542=AXIS2_PLACEMENT_3D('',#6586,#5334,#5335);
#4543=AXIS2_PLACEMENT_3D('',#6588,#5337,#5338);
#4544=AXIS2_PLACEMENT_3D('',#6594,#5342,#5343);
#4545=AXIS2_PLACEMENT_3D('',#6598,#5346,#5347);
#4546=AXIS2_PLACEMENT_3D('',#6602,#5350,#5351);
#4547=AXIS2_PLACEMENT_3D('',#6604,#5353,#5354);
#4548=AXIS2_PLACEMENT_3D('',#6613,#5359,#5360);
#4549=AXIS2_PLACEMENT_3D('',#6616,#5363,#5364);
#4550=AXIS2_PLACEMENT_3D('',#6618,#5366,#5367);
#4551=AXIS2_PLACEMENT_3D('',#6620,#5369,#5370);
#4552=AXIS2_PLACEMENT_3D('',#6629,#5375,#5376);
#4553=AXIS2_PLACEMENT_3D('',#6632,#5379,#5380);
#4554=AXIS2_PLACEMENT_3D('',#6634,#5382,#5383);
#4555=AXIS2_PLACEMENT_3D('',#6636,#5385,#5386);
#4556=AXIS2_PLACEMENT_3D('',#6642,#5390,#5391);
#4557=AXIS2_PLACEMENT_3D('',#6648,#5395,#5396);
#4558=AXIS2_PLACEMENT_3D('',#6650,#5398,#5399);
#4559=AXIS2_PLACEMENT_3D('',#6652,#5401,#5402);
#4560=AXIS2_PLACEMENT_3D('',#6658,#5406,#5407);
#4561=AXIS2_PLACEMENT_3D('',#6664,#5411,#5412);
#4562=AXIS2_PLACEMENT_3D('',#6666,#5414,#5415);
#4563=AXIS2_PLACEMENT_3D('',#6668,#5417,#5418);
#4564=AXIS2_PLACEMENT_3D('',#6674,#5422,#5423);
#4565=AXIS2_PLACEMENT_3D('',#6678,#5426,#5427);
#4566=AXIS2_PLACEMENT_3D('',#6682,#5430,#5431);
#4567=AXIS2_PLACEMENT_3D('',#6684,#5433,#5434);
#4568=AXIS2_PLACEMENT_3D('',#6690,#5438,#5439);
#4569=AXIS2_PLACEMENT_3D('',#6696,#5443,#5444);
#4570=AXIS2_PLACEMENT_3D('',#6698,#5446,#5447);
#4571=AXIS2_PLACEMENT_3D('',#6700,#5449,#5450);
#4572=AXIS2_PLACEMENT_3D('',#6706,#5454,#5455);
#4573=AXIS2_PLACEMENT_3D('',#6710,#5458,#5459);
#4574=AXIS2_PLACEMENT_3D('',#6714,#5462,#5463);
#4575=AXIS2_PLACEMENT_3D('',#6716,#5465,#5466);
#4576=AXIS2_PLACEMENT_3D('',#6765,#5496,#5497);
#4577=AXIS2_PLACEMENT_3D('',#6767,#5498,#5499);
#4578=AXIS2_PLACEMENT_3D('',#6769,#5500,#5501);
#4579=AXIS2_PLACEMENT_3D('',#6771,#5502,#5503);
#4580=AXIS2_PLACEMENT_3D('',#6788,#5512,#5513);
#4581=AXIS2_PLACEMENT_3D('',#6792,#5516,#5517);
#4582=AXIS2_PLACEMENT_3D('',#6796,#5520,#5521);
#4583=AXIS2_PLACEMENT_3D('',#6798,#5523,#5524);
#4584=AXIS2_PLACEMENT_3D('',#6799,#5525,#5526);
#4585=AXIS2_PLACEMENT_3D('',#6803,#5529,#5530);
#4586=AXIS2_PLACEMENT_3D('',#6807,#5533,#5534);
#4587=AXIS2_PLACEMENT_3D('',#6809,#5536,#5537);
#4588=AXIS2_PLACEMENT_3D('',#6810,#5538,#5539);
#4589=AXIS2_PLACEMENT_3D('',#6814,#5542,#5543);
#4590=AXIS2_PLACEMENT_3D('',#6818,#5546,#5547);
#4591=AXIS2_PLACEMENT_3D('',#6820,#5549,#5550);
#4592=AXIS2_PLACEMENT_3D('',#6821,#5551,#5552);
#4593=AXIS2_PLACEMENT_3D('',#6827,#5556,#5557);
#4594=AXIS2_PLACEMENT_3D('',#6829,#5559,#5560);
#4595=AXIS2_PLACEMENT_3D('',#6831,#5562,#5563);
#4596=AXIS2_PLACEMENT_3D('',#6832,#5564,#5565);
#4597=AXIS2_PLACEMENT_3D('',#6838,#5569,#5570);
#4598=AXIS2_PLACEMENT_3D('',#6840,#5572,#5573);
#4599=AXIS2_PLACEMENT_3D('',#6842,#5575,#5576);
#4600=AXIS2_PLACEMENT_3D('',#6843,#5577,#5578);
#4601=AXIS2_PLACEMENT_3D('',#6847,#5581,#5582);
#4602=AXIS2_PLACEMENT_3D('',#6851,#5585,#5586);
#4603=AXIS2_PLACEMENT_3D('',#6853,#5588,#5589);
#4604=AXIS2_PLACEMENT_3D('',#6854,#5590,#5591);
#4605=AXIS2_PLACEMENT_3D('',#6858,#5594,#5595);
#4606=AXIS2_PLACEMENT_3D('',#6862,#5598,#5599);
#4607=AXIS2_PLACEMENT_3D('',#6864,#5601,#5602);
#4608=AXIS2_PLACEMENT_3D('',#6865,#5603,#5604);
#4609=AXIS2_PLACEMENT_3D('',#6869,#5607,#5608);
#4610=AXIS2_PLACEMENT_3D('',#6873,#5611,#5612);
#4611=AXIS2_PLACEMENT_3D('',#6875,#5614,#5615);
#4612=AXIS2_PLACEMENT_3D('',#6876,#5616,#5617);
#4613=AXIS2_PLACEMENT_3D('',#6880,#5620,#5621);
#4614=AXIS2_PLACEMENT_3D('',#6884,#5624,#5625);
#4615=AXIS2_PLACEMENT_3D('',#6886,#5627,#5628);
#4616=AXIS2_PLACEMENT_3D('',#6887,#5629,#5630);
#4617=AXIS2_PLACEMENT_3D('',#6889,#5631,#5632);
#4618=AXIS2_PLACEMENT_3D('',#6891,#5634,#5635);
#4619=AXIS2_PLACEMENT_3D('',#6893,#5636,#5637);
#4620=AXIS2_PLACEMENT_3D('',#6895,#5639,#5640);
#4621=AXIS2_PLACEMENT_3D('',#6897,#5641,#5642);
#4622=AXIS2_PLACEMENT_3D('',#6899,#5644,#5645);
#4623=AXIS2_PLACEMENT_3D('',#6901,#5646,#5647);
#4624=AXIS2_PLACEMENT_3D('',#6903,#5649,#5650);
#4625=AXIS2_PLACEMENT_3D('',#6909,#5654,#5655);
#4626=AXIS2_PLACEMENT_3D('',#6913,#5658,#5659);
#4627=AXIS2_PLACEMENT_3D('',#6917,#5662,#5663);
#4628=AXIS2_PLACEMENT_3D('',#6921,#5666,#5667);
#4629=AXIS2_PLACEMENT_3D('',#6925,#5670,#5671);
#4630=AXIS2_PLACEMENT_3D('',#6929,#5674,#5675);
#4631=AXIS2_PLACEMENT_3D('',#6933,#5678,#5679);
#4632=AXIS2_PLACEMENT_3D('',#6935,#5681,#5682);
#4633=AXIS2_PLACEMENT_3D('',#6937,#5684,#5685);
#4634=AXIS2_PLACEMENT_3D('',#6939,#5687,#5688);
#4635=DIRECTION('axis',(0.,0.,1.));
#4636=DIRECTION('refdir',(1.,0.,0.));
#4637=DIRECTION('center_axis',(-1.,0.,0.));
#4638=DIRECTION('ref_axis',(0.,0.,1.));
#4639=DIRECTION('',(0.,-1.,0.));
#4640=DIRECTION('',(0.,0.,-1.));
#4641=DIRECTION('',(0.,1.,0.));
#4642=DIRECTION('',(0.,0.,1.));
#4643=DIRECTION('center_axis',(0.,0.,1.));
#4644=DIRECTION('ref_axis',(1.,0.,0.));
#4645=DIRECTION('',(-1.,0.,0.));
#4646=DIRECTION('',(0.,1.,0.));
#4647=DIRECTION('',(1.,0.,0.));
#4648=DIRECTION('center_axis',(1.,0.,0.));
#4649=DIRECTION('ref_axis',(0.,0.,-1.));
#4650=DIRECTION('',(0.,1.,0.));
#4651=DIRECTION('',(0.,0.,-1.));
#4652=DIRECTION('',(0.,0.,1.));
#4653=DIRECTION('center_axis',(0.,1.,0.));
#4654=DIRECTION('ref_axis',(0.,0.,1.));
#4655=DIRECTION('',(-1.,0.,0.));
#4656=DIRECTION('center_axis',(0.,1.,0.));
#4657=DIRECTION('ref_axis',(-1.,0.,0.));
#4658=DIRECTION('',(1.,0.,0.));
#4659=DIRECTION('',(0.,0.,1.));
#4660=DIRECTION('',(-1.,0.,0.));
#4661=DIRECTION('',(0.,0.,-1.));
#4662=DIRECTION('',(1.,0.,0.));
#4663=DIRECTION('',(0.,0.,1.));
#4664=DIRECTION('',(-1.,0.,0.));
#4665=DIRECTION('',(0.,0.,-1.));
#4666=DIRECTION('',(1.,0.,0.));
#4667=DIRECTION('',(0.,0.,1.));
#4668=DIRECTION('',(-1.,0.,0.));
#4669=DIRECTION('',(0.,0.,-1.));
#4670=DIRECTION('',(1.,0.,0.));
#4671=DIRECTION('',(0.,0.,1.));
#4672=DIRECTION('',(-1.,0.,0.));
#4673=DIRECTION('',(0.,0.,-1.));
#4674=DIRECTION('',(1.,0.,0.));
#4675=DIRECTION('',(0.,0.,1.));
#4676=DIRECTION('',(-1.,0.,0.));
#4677=DIRECTION('',(0.,0.,-1.));
#4678=DIRECTION('',(1.,0.,0.));
#4679=DIRECTION('',(0.,0.,1.));
#4680=DIRECTION('',(-1.,0.,0.));
#4681=DIRECTION('',(0.,0.,-1.));
#4682=DIRECTION('',(1.,0.,0.));
#4683=DIRECTION('',(0.,0.,1.));
#4684=DIRECTION('',(-1.,0.,0.));
#4685=DIRECTION('',(0.,0.,-1.));
#4686=DIRECTION('',(1.,0.,0.));
#4687=DIRECTION('',(0.,0.,1.));
#4688=DIRECTION('',(-1.,0.,0.));
#4689=DIRECTION('',(0.,0.,-1.));
#4690=DIRECTION('',(1.,0.,0.));
#4691=DIRECTION('',(0.,0.,1.));
#4692=DIRECTION('',(-1.,0.,0.));
#4693=DIRECTION('',(0.,0.,-1.));
#4694=DIRECTION('',(1.,0.,0.));
#4695=DIRECTION('',(0.,0.,1.));
#4696=DIRECTION('',(-1.,0.,0.));
#4697=DIRECTION('',(0.,0.,-1.));
#4698=DIRECTION('',(1.,0.,0.));
#4699=DIRECTION('',(0.,0.,1.));
#4700=DIRECTION('',(-1.,0.,0.));
#4701=DIRECTION('',(0.,0.,1.));
#4702=DIRECTION('',(1.,0.,0.));
#4703=DIRECTION('',(0.,0.,1.));
#4704=DIRECTION('',(-1.,0.,0.));
#4705=DIRECTION('',(0.,0.,-1.));
#4706=DIRECTION('',(1.,0.,0.));
#4707=DIRECTION('',(0.,0.,1.));
#4708=DIRECTION('',(-1.,0.,0.));
#4709=DIRECTION('',(0.,0.,-1.));
#4710=DIRECTION('',(1.,0.,0.));
#4711=DIRECTION('',(0.,0.,1.));
#4712=DIRECTION('',(-1.,0.,0.));
#4713=DIRECTION('',(0.,0.,-1.));
#4714=DIRECTION('',(1.,0.,0.));
#4715=DIRECTION('',(0.,0.,1.));
#4716=DIRECTION('',(-1.,0.,0.));
#4717=DIRECTION('',(0.,0.,-1.));
#4718=DIRECTION('',(1.,0.,0.));
#4719=DIRECTION('',(0.,0.,1.));
#4720=DIRECTION('',(-1.,0.,0.));
#4721=DIRECTION('',(0.,0.,-1.));
#4722=DIRECTION('',(1.,0.,0.));
#4723=DIRECTION('',(0.,0.,1.));
#4724=DIRECTION('',(-1.,0.,0.));
#4725=DIRECTION('',(0.,0.,-1.));
#4726=DIRECTION('',(1.,0.,0.));
#4727=DIRECTION('',(0.,0.,1.));
#4728=DIRECTION('',(-1.,0.,0.));
#4729=DIRECTION('',(0.,0.,-1.));
#4730=DIRECTION('',(1.,0.,0.));
#4731=DIRECTION('',(0.,0.,1.));
#4732=DIRECTION('',(-1.,0.,0.));
#4733=DIRECTION('',(0.,0.,-1.));
#4734=DIRECTION('',(1.,0.,0.));
#4735=DIRECTION('',(0.,0.,1.));
#4736=DIRECTION('',(-1.,0.,0.));
#4737=DIRECTION('',(0.,0.,-1.));
#4738=DIRECTION('',(1.,0.,0.));
#4739=DIRECTION('',(0.,0.,1.));
#4740=DIRECTION('',(-1.,0.,0.));
#4741=DIRECTION('',(0.,0.,-1.));
#4742=DIRECTION('',(1.,0.,0.));
#4743=DIRECTION('',(0.,0.,1.));
#4744=DIRECTION('',(-1.,0.,0.));
#4745=DIRECTION('',(0.,0.,-1.));
#4746=DIRECTION('',(1.,0.,0.));
#4747=DIRECTION('',(0.,0.,1.));
#4748=DIRECTION('',(-1.,0.,0.));
#4749=DIRECTION('',(0.,0.,-1.));
#4750=DIRECTION('',(1.,0.,0.));
#4751=DIRECTION('',(0.,0.,1.));
#4752=DIRECTION('',(-1.,0.,0.));
#4753=DIRECTION('',(0.,0.,-1.));
#4754=DIRECTION('',(1.,0.,0.));
#4755=DIRECTION('center_axis',(1.,0.,0.));
#4756=DIRECTION('ref_axis',(0.,0.,1.));
#4757=DIRECTION('',(0.,0.,-1.));
#4758=DIRECTION('',(0.,-1.,0.));
#4759=DIRECTION('',(0.,0.,1.));
#4760=DIRECTION('',(0.,1.,0.));
#4761=DIRECTION('center_axis',(-1.,0.,0.));
#4762=DIRECTION('ref_axis',(0.,0.,-1.));
#4763=DIRECTION('',(0.,0.,1.));
#4764=DIRECTION('',(0.,1.,0.));
#4765=DIRECTION('',(0.,0.,-1.));
#4766=DIRECTION('',(0.,-1.,0.));
#4767=DIRECTION('center_axis',(0.,0.,1.));
#4768=DIRECTION('ref_axis',(-1.,0.,0.));
#4769=DIRECTION('',(1.,0.,0.));
#4770=DIRECTION('',(-1.,0.,0.));
#4771=DIRECTION('center_axis',(0.,-1.,0.));
#4772=DIRECTION('ref_axis',(0.,0.,-1.));
#4773=DIRECTION('',(1.,0.,0.));
#4774=DIRECTION('center_axis',(0.,-1.,0.));
#4775=DIRECTION('ref_axis',(1.,0.,0.));
#4776=DIRECTION('',(-1.,0.,0.));
#4777=DIRECTION('',(0.,0.,1.));
#4778=DIRECTION('',(1.,0.,0.));
#4779=DIRECTION('',(0.,0.,-1.));
#4780=DIRECTION('',(-1.,0.,0.));
#4781=DIRECTION('',(0.,0.,1.));
#4782=DIRECTION('',(1.,0.,0.));
#4783=DIRECTION('',(0.,0.,-1.));
#4784=DIRECTION('',(-1.,0.,0.));
#4785=DIRECTION('',(0.,0.,1.));
#4786=DIRECTION('',(1.,0.,0.));
#4787=DIRECTION('',(0.,0.,-1.));
#4788=DIRECTION('',(-1.,0.,0.));
#4789=DIRECTION('',(0.,0.,1.));
#4790=DIRECTION('',(1.,0.,0.));
#4791=DIRECTION('',(0.,0.,-1.));
#4792=DIRECTION('',(-1.,0.,0.));
#4793=DIRECTION('',(0.,0.,1.));
#4794=DIRECTION('',(1.,0.,0.));
#4795=DIRECTION('',(0.,0.,-1.));
#4796=DIRECTION('',(-1.,0.,0.));
#4797=DIRECTION('',(0.,0.,1.));
#4798=DIRECTION('',(1.,0.,0.));
#4799=DIRECTION('',(0.,0.,-1.));
#4800=DIRECTION('',(-1.,0.,0.));
#4801=DIRECTION('',(0.,0.,1.));
#4802=DIRECTION('',(1.,0.,0.));
#4803=DIRECTION('',(0.,0.,1.));
#4804=DIRECTION('',(-1.,0.,0.));
#4805=DIRECTION('',(0.,0.,1.));
#4806=DIRECTION('',(1.,0.,0.));
#4807=DIRECTION('',(0.,0.,-1.));
#4808=DIRECTION('',(-1.,0.,0.));
#4809=DIRECTION('',(0.,0.,1.));
#4810=DIRECTION('',(1.,0.,0.));
#4811=DIRECTION('',(0.,0.,-1.));
#4812=DIRECTION('',(-1.,0.,0.));
#4813=DIRECTION('',(0.,0.,1.));
#4814=DIRECTION('',(1.,0.,0.));
#4815=DIRECTION('',(0.,0.,-1.));
#4816=DIRECTION('',(-1.,0.,0.));
#4817=DIRECTION('',(0.,0.,1.));
#4818=DIRECTION('',(1.,0.,0.));
#4819=DIRECTION('',(0.,0.,-1.));
#4820=DIRECTION('',(-1.,0.,0.));
#4821=DIRECTION('',(0.,0.,1.));
#4822=DIRECTION('',(1.,0.,0.));
#4823=DIRECTION('',(0.,0.,-1.));
#4824=DIRECTION('',(-1.,0.,0.));
#4825=DIRECTION('',(0.,0.,1.));
#4826=DIRECTION('',(1.,0.,0.));
#4827=DIRECTION('',(0.,0.,-1.));
#4828=DIRECTION('',(-1.,0.,0.));
#4829=DIRECTION('',(0.,0.,1.));
#4830=DIRECTION('',(1.,0.,0.));
#4831=DIRECTION('',(0.,0.,-1.));
#4832=DIRECTION('',(-1.,0.,0.));
#4833=DIRECTION('',(0.,0.,1.));
#4834=DIRECTION('',(1.,0.,0.));
#4835=DIRECTION('',(0.,0.,-1.));
#4836=DIRECTION('',(-1.,0.,0.));
#4837=DIRECTION('',(0.,0.,1.));
#4838=DIRECTION('',(1.,0.,0.));
#4839=DIRECTION('',(0.,0.,-1.));
#4840=DIRECTION('',(-1.,0.,0.));
#4841=DIRECTION('',(0.,0.,1.));
#4842=DIRECTION('',(1.,0.,0.));
#4843=DIRECTION('',(0.,0.,-1.));
#4844=DIRECTION('',(-1.,0.,0.));
#4845=DIRECTION('',(0.,0.,1.));
#4846=DIRECTION('',(1.,0.,0.));
#4847=DIRECTION('',(0.,0.,-1.));
#4848=DIRECTION('',(-1.,0.,0.));
#4849=DIRECTION('',(0.,0.,1.));
#4850=DIRECTION('',(1.,0.,0.));
#4851=DIRECTION('',(0.,0.,-1.));
#4852=DIRECTION('',(-1.,0.,0.));
#4853=DIRECTION('',(0.,0.,1.));
#4854=DIRECTION('',(1.,0.,0.));
#4855=DIRECTION('',(0.,0.,-1.));
#4856=DIRECTION('',(-1.,0.,0.));
#4857=DIRECTION('',(0.,0.,1.));
#4858=DIRECTION('',(1.,0.,0.));
#4859=DIRECTION('',(0.,0.,-1.));
#4860=DIRECTION('',(-1.,0.,0.));
#4861=DIRECTION('',(0.,0.,1.));
#4862=DIRECTION('',(1.,0.,0.));
#4863=DIRECTION('',(0.,0.,-1.));
#4864=DIRECTION('',(-1.,0.,0.));
#4865=DIRECTION('',(0.,0.,1.));
#4866=DIRECTION('',(1.,0.,0.));
#4867=DIRECTION('',(0.,0.,-1.));
#4868=DIRECTION('',(-1.,0.,0.));
#4869=DIRECTION('',(0.,0.,1.));
#4870=DIRECTION('',(1.,0.,0.));
#4871=DIRECTION('',(0.,0.,-1.));
#4872=DIRECTION('',(-1.,0.,0.));
#4873=DIRECTION('center_axis',(0.,1.,0.));
#4874=DIRECTION('ref_axis',(0.,0.,1.));
#4875=DIRECTION('',(-1.,0.,0.));
#4876=DIRECTION('',(0.,0.,1.));
#4877=DIRECTION('',(1.,0.,0.));
#4878=DIRECTION('',(0.,0.,-1.));
#4879=DIRECTION('center_axis',(1.,0.,0.));
#4880=DIRECTION('ref_axis',(0.,0.,-1.));
#4881=DIRECTION('',(0.,1.,0.));
#4882=DIRECTION('',(0.,1.,0.));
#4883=DIRECTION('center_axis',(0.,0.,1.));
#4884=DIRECTION('ref_axis',(1.,0.,0.));
#4885=DIRECTION('',(0.,1.,0.));
#4886=DIRECTION('center_axis',(-1.,0.,0.));
#4887=DIRECTION('ref_axis',(0.,0.,1.));
#4888=DIRECTION('',(0.,-1.,0.));
#4889=DIRECTION('center_axis',(-1.,0.,0.));
#4890=DIRECTION('ref_axis',(0.,0.,-1.));
#4891=DIRECTION('',(0.,1.,0.));
#4892=DIRECTION('',(0.,0.,-1.));
#4893=DIRECTION('',(0.,-1.,0.));
#4894=DIRECTION('center_axis',(0.,-1.,0.));
#4895=DIRECTION('ref_axis',(0.,0.,-1.));
#4896=DIRECTION('',(1.,0.,0.));
#4897=DIRECTION('',(0.,0.,1.));
#4898=DIRECTION('',(-1.,0.,0.));
#4899=DIRECTION('center_axis',(0.,0.,1.));
#4900=DIRECTION('ref_axis',(-1.,0.,0.));
#4901=DIRECTION('',(0.,-1.,0.));
#4902=DIRECTION('center_axis',(1.,0.,0.));
#4903=DIRECTION('ref_axis',(0.,0.,1.));
#4904=DIRECTION('',(0.,1.,0.));
#4905=DIRECTION('center_axis',(-1.,0.,0.));
#4906=DIRECTION('ref_axis',(0.,0.,-1.));
#4907=DIRECTION('',(0.,1.,0.));
#4908=DIRECTION('',(0.,0.,-1.));
#4909=DIRECTION('',(0.,-1.,0.));
#4910=DIRECTION('center_axis',(0.,-1.,0.));
#4911=DIRECTION('ref_axis',(0.,0.,-1.));
#4912=DIRECTION('',(1.,0.,0.));
#4913=DIRECTION('',(0.,0.,1.));
#4914=DIRECTION('',(-1.,0.,0.));
#4915=DIRECTION('center_axis',(0.,0.,1.));
#4916=DIRECTION('ref_axis',(-1.,0.,0.));
#4917=DIRECTION('',(0.,-1.,0.));
#4918=DIRECTION('center_axis',(1.,0.,0.));
#4919=DIRECTION('ref_axis',(0.,0.,1.));
#4920=DIRECTION('',(0.,1.,0.));
#4921=DIRECTION('center_axis',(0.,1.,0.));
#4922=DIRECTION('ref_axis',(0.,0.,1.));
#4923=DIRECTION('',(-1.,0.,0.));
#4924=DIRECTION('',(0.,0.,1.));
#4925=DIRECTION('',(1.,0.,0.));
#4926=DIRECTION('',(0.,0.,-1.));
#4927=DIRECTION('center_axis',(1.,0.,0.));
#4928=DIRECTION('ref_axis',(0.,0.,-1.));
#4929=DIRECTION('',(0.,1.,0.));
#4930=DIRECTION('',(0.,1.,0.));
#4931=DIRECTION('center_axis',(0.,0.,1.));
#4932=DIRECTION('ref_axis',(1.,0.,0.));
#4933=DIRECTION('',(0.,1.,0.));
#4934=DIRECTION('center_axis',(-1.,0.,0.));
#4935=DIRECTION('ref_axis',(0.,0.,1.));
#4936=DIRECTION('',(0.,-1.,0.));
#4937=DIRECTION('center_axis',(0.,1.,0.));
#4938=DIRECTION('ref_axis',(0.,0.,1.));
#4939=DIRECTION('',(-1.,0.,0.));
#4940=DIRECTION('',(0.,0.,1.));
#4941=DIRECTION('',(1.,0.,0.));
#4942=DIRECTION('',(0.,0.,-1.));
#4943=DIRECTION('center_axis',(1.,0.,0.));
#4944=DIRECTION('ref_axis',(0.,0.,-1.));
#4945=DIRECTION('',(0.,1.,0.));
#4946=DIRECTION('',(0.,1.,0.));
#4947=DIRECTION('center_axis',(0.,0.,1.));
#4948=DIRECTION('ref_axis',(1.,0.,0.));
#4949=DIRECTION('',(0.,1.,0.));
#4950=DIRECTION('center_axis',(-1.,0.,0.));
#4951=DIRECTION('ref_axis',(0.,0.,1.));
#4952=DIRECTION('',(0.,-1.,0.));
#4953=DIRECTION('center_axis',(1.,0.,0.));
#4954=DIRECTION('ref_axis',(0.,0.,-1.));
#4955=DIRECTION('',(0.,1.,0.));
#4956=DIRECTION('',(0.,0.,-1.));
#4957=DIRECTION('',(0.,1.,0.));
#4958=DIRECTION('center_axis',(0.,0.,1.));
#4959=DIRECTION('ref_axis',(1.,0.,0.));
#4960=DIRECTION('',(1.,0.,0.));
#4961=DIRECTION('',(0.,1.,0.));
#4962=DIRECTION('center_axis',(-1.,0.,0.));
#4963=DIRECTION('ref_axis',(0.,0.,1.));
#4964=DIRECTION('',(0.,-1.,0.));
#4965=DIRECTION('',(0.,0.,1.));
#4966=DIRECTION('center_axis',(0.,1.,0.));
#4967=DIRECTION('ref_axis',(0.,0.,1.));
#4968=DIRECTION('',(-1.,0.,0.));
#4969=DIRECTION('center_axis',(-1.,0.,0.));
#4970=DIRECTION('ref_axis',(0.,0.,1.));
#4971=DIRECTION('',(0.,-1.,0.));
#4972=DIRECTION('',(0.,1.,0.));
#4973=DIRECTION('',(0.,0.,1.));
#4974=DIRECTION('center_axis',(0.,0.,1.));
#4975=DIRECTION('ref_axis',(1.,0.,0.));
#4976=DIRECTION('',(0.,1.,0.));
#4977=DIRECTION('',(1.,0.,0.));
#4978=DIRECTION('center_axis',(1.,0.,0.));
#4979=DIRECTION('ref_axis',(0.,0.,-1.));
#4980=DIRECTION('',(0.,1.,0.));
#4981=DIRECTION('',(0.,0.,-1.));
#4982=DIRECTION('center_axis',(0.,1.,0.));
#4983=DIRECTION('ref_axis',(0.,0.,1.));
#4984=DIRECTION('',(-1.,0.,0.));
#4985=DIRECTION('center_axis',(0.,1.,0.));
#4986=DIRECTION('ref_axis',(0.,0.,1.));
#4987=DIRECTION('',(-1.,0.,0.));
#4988=DIRECTION('',(0.,0.,1.));
#4989=DIRECTION('',(1.,0.,0.));
#4990=DIRECTION('',(0.,0.,-1.));
#4991=DIRECTION('center_axis',(1.,0.,0.));
#4992=DIRECTION('ref_axis',(0.,0.,-1.));
#4993=DIRECTION('',(0.,1.,0.));
#4994=DIRECTION('',(0.,1.,0.));
#4995=DIRECTION('center_axis',(0.,0.,1.));
#4996=DIRECTION('ref_axis',(1.,0.,0.));
#4997=DIRECTION('',(0.,1.,0.));
#4998=DIRECTION('center_axis',(-1.,0.,0.));
#4999=DIRECTION('ref_axis',(0.,0.,1.));
#5000=DIRECTION('',(0.,-1.,0.));
#5001=DIRECTION('center_axis',(1.,0.,0.));
#5002=DIRECTION('ref_axis',(0.,0.,1.));
#5003=DIRECTION('',(0.,-1.,0.));
#5004=DIRECTION('',(0.,0.,1.));
#5005=DIRECTION('',(0.,1.,0.));
#5006=DIRECTION('center_axis',(0.,-1.,0.));
#5007=DIRECTION('ref_axis',(0.,0.,-1.));
#5008=DIRECTION('',(1.,0.,0.));
#5009=DIRECTION('',(-1.,0.,0.));
#5010=DIRECTION('',(0.,0.,-1.));
#5011=DIRECTION('center_axis',(-1.,0.,0.));
#5012=DIRECTION('ref_axis',(0.,0.,-1.));
#5013=DIRECTION('',(0.,1.,0.));
#5014=DIRECTION('',(0.,-1.,0.));
#5015=DIRECTION('center_axis',(0.,0.,1.));
#5016=DIRECTION('ref_axis',(-1.,0.,0.));
#5017=DIRECTION('center_axis',(-1.,0.,0.));
#5018=DIRECTION('ref_axis',(0.,0.,-1.));
#5019=DIRECTION('',(0.,1.,0.));
#5020=DIRECTION('',(0.,0.,-1.));
#5021=DIRECTION('',(0.,-1.,0.));
#5022=DIRECTION('center_axis',(0.,-1.,0.));
#5023=DIRECTION('ref_axis',(0.,0.,-1.));
#5024=DIRECTION('',(1.,0.,0.));
#5025=DIRECTION('',(0.,0.,1.));
#5026=DIRECTION('',(-1.,0.,0.));
#5027=DIRECTION('center_axis',(0.,0.,1.));
#5028=DIRECTION('ref_axis',(-1.,0.,0.));
#5029=DIRECTION('',(0.,-1.,0.));
#5030=DIRECTION('center_axis',(1.,0.,0.));
#5031=DIRECTION('ref_axis',(0.,0.,1.));
#5032=DIRECTION('',(0.,1.,0.));
#5033=DIRECTION('center_axis',(-1.,0.,0.));
#5034=DIRECTION('ref_axis',(0.,0.,1.));
#5035=DIRECTION('',(0.,-1.,0.));
#5036=DIRECTION('',(0.,1.,0.));
#5037=DIRECTION('',(0.,0.,1.));
#5038=DIRECTION('center_axis',(0.,0.,1.));
#5039=DIRECTION('ref_axis',(1.,0.,0.));
#5040=DIRECTION('',(0.,1.,0.));
#5041=DIRECTION('',(1.,0.,0.));
#5042=DIRECTION('center_axis',(1.,0.,0.));
#5043=DIRECTION('ref_axis',(0.,0.,-1.));
#5044=DIRECTION('',(0.,1.,0.));
#5045=DIRECTION('',(0.,0.,-1.));
#5046=DIRECTION('center_axis',(0.,1.,0.));
#5047=DIRECTION('ref_axis',(0.,0.,1.));
#5048=DIRECTION('',(-1.,0.,0.));
#5049=DIRECTION('center_axis',(-1.,0.,0.));
#5050=DIRECTION('ref_axis',(0.,0.,1.));
#5051=DIRECTION('',(0.,-1.,0.));
#5052=DIRECTION('',(0.,1.,0.));
#5053=DIRECTION('',(0.,0.,1.));
#5054=DIRECTION('center_axis',(0.,0.,1.));
#5055=DIRECTION('ref_axis',(1.,0.,0.));
#5056=DIRECTION('',(0.,1.,0.));
#5057=DIRECTION('',(1.,0.,0.));
#5058=DIRECTION('center_axis',(1.,0.,0.));
#5059=DIRECTION('ref_axis',(0.,0.,-1.));
#5060=DIRECTION('',(0.,1.,0.));
#5061=DIRECTION('',(0.,0.,-1.));
#5062=DIRECTION('center_axis',(0.,1.,0.));
#5063=DIRECTION('ref_axis',(0.,0.,1.));
#5064=DIRECTION('',(-1.,0.,0.));
#5065=DIRECTION('center_axis',(1.,0.,0.));
#5066=DIRECTION('ref_axis',(0.,0.,1.));
#5067=DIRECTION('',(0.,-1.,0.));
#5068=DIRECTION('',(0.,0.,1.));
#5069=DIRECTION('',(0.,1.,0.));
#5070=DIRECTION('center_axis',(-1.,0.,0.));
#5071=DIRECTION('ref_axis',(0.,0.,-1.));
#5072=DIRECTION('',(0.,1.,0.));
#5073=DIRECTION('',(0.,0.,-1.));
#5074=DIRECTION('',(0.,-1.,0.));
#5075=DIRECTION('center_axis',(0.,0.,1.));
#5076=DIRECTION('ref_axis',(-1.,0.,0.));
#5077=DIRECTION('',(-1.,0.,0.));
#5078=DIRECTION('center_axis',(0.,-1.,0.));
#5079=DIRECTION('ref_axis',(0.,0.,-1.));
#5080=DIRECTION('',(1.,0.,0.));
#5081=DIRECTION('center_axis',(1.,0.,0.));
#5082=DIRECTION('ref_axis',(0.,0.,1.));
#5083=DIRECTION('',(0.,-1.,0.));
#5084=DIRECTION('',(0.,0.,1.));
#5085=DIRECTION('',(0.,1.,0.));
#5086=DIRECTION('center_axis',(-1.,0.,0.));
#5087=DIRECTION('ref_axis',(0.,0.,-1.));
#5088=DIRECTION('',(0.,1.,0.));
#5089=DIRECTION('',(0.,0.,-1.));
#5090=DIRECTION('',(0.,-1.,0.));
#5091=DIRECTION('center_axis',(0.,0.,1.));
#5092=DIRECTION('ref_axis',(-1.,0.,0.));
#5093=DIRECTION('',(-1.,0.,0.));
#5094=DIRECTION('center_axis',(0.,-1.,0.));
#5095=DIRECTION('ref_axis',(0.,0.,-1.));
#5096=DIRECTION('',(1.,0.,0.));
#5097=DIRECTION('center_axis',(1.,0.,0.));
#5098=DIRECTION('ref_axis',(0.,0.,1.));
#5099=DIRECTION('',(0.,-1.,0.));
#5100=DIRECTION('',(0.,0.,1.));
#5101=DIRECTION('',(0.,1.,0.));
#5102=DIRECTION('center_axis',(-1.,0.,0.));
#5103=DIRECTION('ref_axis',(0.,0.,-1.));
#5104=DIRECTION('',(0.,1.,0.));
#5105=DIRECTION('',(0.,0.,-1.));
#5106=DIRECTION('',(0.,-1.,0.));
#5107=DIRECTION('center_axis',(0.,0.,1.));
#5108=DIRECTION('ref_axis',(-1.,0.,0.));
#5109=DIRECTION('',(-1.,0.,0.));
#5110=DIRECTION('center_axis',(0.,-1.,0.));
#5111=DIRECTION('ref_axis',(0.,0.,-1.));
#5112=DIRECTION('',(1.,0.,0.));
#5113=DIRECTION('center_axis',(1.,0.,0.));
#5114=DIRECTION('ref_axis',(0.,0.,-1.));
#5115=DIRECTION('',(0.,1.,0.));
#5116=DIRECTION('',(0.,0.,-1.));
#5117=DIRECTION('',(0.,1.,0.));
#5118=DIRECTION('center_axis',(0.,0.,1.));
#5119=DIRECTION('ref_axis',(1.,0.,0.));
#5120=DIRECTION('',(1.,0.,0.));
#5121=DIRECTION('',(0.,1.,0.));
#5122=DIRECTION('center_axis',(-1.,0.,0.));
#5123=DIRECTION('ref_axis',(0.,0.,1.));
#5124=DIRECTION('',(0.,-1.,0.));
#5125=DIRECTION('',(0.,0.,1.));
#5126=DIRECTION('center_axis',(0.,1.,0.));
#5127=DIRECTION('ref_axis',(0.,0.,1.));
#5128=DIRECTION('',(-1.,0.,0.));
#5129=DIRECTION('center_axis',(-1.,0.,0.));
#5130=DIRECTION('ref_axis',(0.,0.,-1.));
#5131=DIRECTION('',(0.,1.,0.));
#5132=DIRECTION('',(0.,0.,-1.));
#5133=DIRECTION('',(0.,-1.,0.));
#5134=DIRECTION('center_axis',(0.,-1.,0.));
#5135=DIRECTION('ref_axis',(0.,0.,-1.));
#5136=DIRECTION('',(1.,0.,0.));
#5137=DIRECTION('',(0.,0.,1.));
#5138=DIRECTION('',(-1.,0.,0.));
#5139=DIRECTION('center_axis',(0.,0.,1.));
#5140=DIRECTION('ref_axis',(-1.,0.,0.));
#5141=DIRECTION('',(0.,-1.,0.));
#5142=DIRECTION('center_axis',(1.,0.,0.));
#5143=DIRECTION('ref_axis',(0.,0.,1.));
#5144=DIRECTION('',(0.,1.,0.));
#5145=DIRECTION('center_axis',(1.,0.,0.));
#5146=DIRECTION('ref_axis',(0.,0.,1.));
#5147=DIRECTION('',(0.,-1.,0.));
#5148=DIRECTION('',(0.,0.,1.));
#5149=DIRECTION('',(0.,1.,0.));
#5150=DIRECTION('center_axis',(-1.,0.,0.));
#5151=DIRECTION('ref_axis',(0.,0.,-1.));
#5152=DIRECTION('',(0.,1.,0.));
#5153=DIRECTION('',(0.,0.,-1.));
#5154=DIRECTION('',(0.,-1.,0.));
#5155=DIRECTION('center_axis',(0.,0.,1.));
#5156=DIRECTION('ref_axis',(-1.,0.,0.));
#5157=DIRECTION('',(-1.,0.,0.));
#5158=DIRECTION('center_axis',(0.,-1.,0.));
#5159=DIRECTION('ref_axis',(0.,0.,-1.));
#5160=DIRECTION('',(1.,0.,0.));
#5161=DIRECTION('center_axis',(1.,0.,0.));
#5162=DIRECTION('ref_axis',(0.,0.,1.));
#5163=DIRECTION('',(0.,-1.,0.));
#5164=DIRECTION('',(0.,0.,1.));
#5165=DIRECTION('',(0.,1.,0.));
#5166=DIRECTION('center_axis',(-1.,0.,0.));
#5167=DIRECTION('ref_axis',(0.,0.,-1.));
#5168=DIRECTION('',(0.,1.,0.));
#5169=DIRECTION('',(0.,0.,-1.));
#5170=DIRECTION('',(0.,-1.,0.));
#5171=DIRECTION('center_axis',(0.,0.,1.));
#5172=DIRECTION('ref_axis',(-1.,0.,0.));
#5173=DIRECTION('',(-1.,0.,0.));
#5174=DIRECTION('center_axis',(0.,-1.,0.));
#5175=DIRECTION('ref_axis',(0.,0.,-1.));
#5176=DIRECTION('',(1.,0.,0.));
#5177=DIRECTION('center_axis',(-1.,0.,0.));
#5178=DIRECTION('ref_axis',(0.,0.,-1.));
#5179=DIRECTION('',(0.,1.,0.));
#5180=DIRECTION('',(0.,0.,-1.));
#5181=DIRECTION('',(0.,-1.,0.));
#5182=DIRECTION('center_axis',(0.,-1.,0.));
#5183=DIRECTION('ref_axis',(0.,0.,-1.));
#5184=DIRECTION('',(1.,0.,0.));
#5185=DIRECTION('',(0.,0.,1.));
#5186=DIRECTION('',(-1.,0.,0.));
#5187=DIRECTION('center_axis',(0.,0.,1.));
#5188=DIRECTION('ref_axis',(-1.,0.,0.));
#5189=DIRECTION('',(0.,-1.,0.));
#5190=DIRECTION('center_axis',(1.,0.,0.));
#5191=DIRECTION('ref_axis',(0.,0.,1.));
#5192=DIRECTION('',(0.,1.,0.));
#5193=DIRECTION('center_axis',(-1.,0.,0.));
#5194=DIRECTION('ref_axis',(0.,0.,1.));
#5195=DIRECTION('',(0.,-1.,0.));
#5196=DIRECTION('',(0.,1.,0.));
#5197=DIRECTION('',(0.,0.,1.));
#5198=DIRECTION('center_axis',(0.,0.,1.));
#5199=DIRECTION('ref_axis',(1.,0.,0.));
#5200=DIRECTION('',(0.,1.,0.));
#5201=DIRECTION('',(1.,0.,0.));
#5202=DIRECTION('center_axis',(1.,0.,0.));
#5203=DIRECTION('ref_axis',(0.,0.,-1.));
#5204=DIRECTION('',(0.,1.,0.));
#5205=DIRECTION('',(0.,0.,-1.));
#5206=DIRECTION('center_axis',(0.,1.,0.));
#5207=DIRECTION('ref_axis',(0.,0.,1.));
#5208=DIRECTION('',(-1.,0.,0.));
#5209=DIRECTION('center_axis',(1.,0.,0.));
#5210=DIRECTION('ref_axis',(0.,0.,-1.));
#5211=DIRECTION('',(0.,1.,0.));
#5212=DIRECTION('',(0.,0.,-1.));
#5213=DIRECTION('',(0.,1.,0.));
#5214=DIRECTION('center_axis',(0.,0.,1.));
#5215=DIRECTION('ref_axis',(1.,0.,0.));
#5216=DIRECTION('',(1.,0.,0.));
#5217=DIRECTION('',(0.,1.,0.));
#5218=DIRECTION('center_axis',(-1.,0.,0.));
#5219=DIRECTION('ref_axis',(0.,0.,1.));
#5220=DIRECTION('',(0.,-1.,0.));
#5221=DIRECTION('',(0.,0.,1.));
#5222=DIRECTION('center_axis',(0.,1.,0.));
#5223=DIRECTION('ref_axis',(0.,0.,1.));
#5224=DIRECTION('',(-1.,0.,0.));
#5225=DIRECTION('center_axis',(-1.,0.,0.));
#5226=DIRECTION('ref_axis',(0.,0.,-1.));
#5227=DIRECTION('',(0.,1.,0.));
#5228=DIRECTION('',(0.,0.,-1.));
#5229=DIRECTION('',(0.,-1.,0.));
#5230=DIRECTION('center_axis',(0.,-1.,0.));
#5231=DIRECTION('ref_axis',(0.,0.,-1.));
#5232=DIRECTION('',(1.,0.,0.));
#5233=DIRECTION('',(0.,0.,1.));
#5234=DIRECTION('',(-1.,0.,0.));
#5235=DIRECTION('center_axis',(0.,0.,1.));
#5236=DIRECTION('ref_axis',(-1.,0.,0.));
#5237=DIRECTION('',(0.,-1.,0.));
#5238=DIRECTION('center_axis',(1.,0.,0.));
#5239=DIRECTION('ref_axis',(0.,0.,1.));
#5240=DIRECTION('',(0.,1.,0.));
#5241=DIRECTION('center_axis',(-1.,0.,0.));
#5242=DIRECTION('ref_axis',(0.,0.,-1.));
#5243=DIRECTION('',(0.,1.,0.));
#5244=DIRECTION('',(0.,0.,-1.));
#5245=DIRECTION('',(0.,-1.,0.));
#5246=DIRECTION('center_axis',(0.,-1.,0.));
#5247=DIRECTION('ref_axis',(0.,0.,-1.));
#5248=DIRECTION('',(1.,0.,0.));
#5249=DIRECTION('',(0.,0.,1.));
#5250=DIRECTION('',(-1.,0.,0.));
#5251=DIRECTION('center_axis',(0.,0.,1.));
#5252=DIRECTION('ref_axis',(-1.,0.,0.));
#5253=DIRECTION('',(0.,-1.,0.));
#5254=DIRECTION('center_axis',(1.,0.,0.));
#5255=DIRECTION('ref_axis',(0.,0.,1.));
#5256=DIRECTION('',(0.,1.,0.));
#5257=DIRECTION('center_axis',(-1.,0.,0.));
#5258=DIRECTION('ref_axis',(0.,0.,1.));
#5259=DIRECTION('',(0.,-1.,0.));
#5260=DIRECTION('',(0.,1.,0.));
#5261=DIRECTION('',(0.,0.,1.));
#5262=DIRECTION('center_axis',(0.,0.,1.));
#5263=DIRECTION('ref_axis',(1.,0.,0.));
#5264=DIRECTION('',(0.,1.,0.));
#5265=DIRECTION('',(1.,0.,0.));
#5266=DIRECTION('center_axis',(1.,0.,0.));
#5267=DIRECTION('ref_axis',(0.,0.,-1.));
#5268=DIRECTION('',(0.,1.,0.));
#5269=DIRECTION('',(0.,0.,-1.));
#5270=DIRECTION('center_axis',(0.,1.,0.));
#5271=DIRECTION('ref_axis',(0.,0.,1.));
#5272=DIRECTION('',(-1.,0.,0.));
#5273=DIRECTION('center_axis',(-1.,0.,0.));
#5274=DIRECTION('ref_axis',(0.,0.,1.));
#5275=DIRECTION('',(0.,-1.,0.));
#5276=DIRECTION('',(0.,1.,0.));
#5277=DIRECTION('',(0.,0.,1.));
#5278=DIRECTION('center_axis',(0.,0.,1.));
#5279=DIRECTION('ref_axis',(1.,0.,0.));
#5280=DIRECTION('',(0.,1.,0.));
#5281=DIRECTION('',(1.,0.,0.));
#5282=DIRECTION('center_axis',(1.,0.,0.));
#5283=DIRECTION('ref_axis',(0.,0.,-1.));
#5284=DIRECTION('',(0.,1.,0.));
#5285=DIRECTION('',(0.,0.,-1.));
#5286=DIRECTION('center_axis',(0.,1.,0.));
#5287=DIRECTION('ref_axis',(0.,0.,1.));
#5288=DIRECTION('',(-1.,0.,0.));
#5289=DIRECTION('center_axis',(-1.,0.,0.));
#5290=DIRECTION('ref_axis',(0.,0.,1.));
#5291=DIRECTION('',(0.,-1.,0.));
#5292=DIRECTION('',(0.,1.,0.));
#5293=DIRECTION('',(0.,0.,1.));
#5294=DIRECTION('center_axis',(0.,0.,1.));
#5295=DIRECTION('ref_axis',(1.,0.,0.));
#5296=DIRECTION('',(0.,1.,0.));
#5297=DIRECTION('',(1.,0.,0.));
#5298=DIRECTION('center_axis',(1.,0.,0.));
#5299=DIRECTION('ref_axis',(0.,0.,-1.));
#5300=DIRECTION('',(0.,1.,0.));
#5301=DIRECTION('',(0.,0.,-1.));
#5302=DIRECTION('center_axis',(0.,1.,0.));
#5303=DIRECTION('ref_axis',(0.,0.,1.));
#5304=DIRECTION('',(-1.,0.,0.));
#5305=DIRECTION('center_axis',(0.,1.,0.));
#5306=DIRECTION('ref_axis',(0.,0.,1.));
#5307=DIRECTION('',(-1.,0.,0.));
#5308=DIRECTION('',(0.,0.,1.));
#5309=DIRECTION('',(1.,0.,0.));
#5310=DIRECTION('',(0.,0.,-1.));
#5311=DIRECTION('center_axis',(1.,0.,0.));
#5312=DIRECTION('ref_axis',(0.,0.,-1.));
#5313=DIRECTION('',(0.,1.,0.));
#5314=DIRECTION('',(0.,1.,0.));
#5315=DIRECTION('center_axis',(0.,0.,1.));
#5316=DIRECTION('ref_axis',(1.,0.,0.));
#5317=DIRECTION('',(0.,1.,0.));
#5318=DIRECTION('center_axis',(-1.,0.,0.));
#5319=DIRECTION('ref_axis',(0.,0.,1.));
#5320=DIRECTION('',(0.,-1.,0.));
#5321=DIRECTION('center_axis',(-1.,0.,0.));
#5322=DIRECTION('ref_axis',(0.,0.,-1.));
#5323=DIRECTION('',(0.,1.,0.));
#5324=DIRECTION('',(0.,0.,-1.));
#5325=DIRECTION('',(0.,-1.,0.));
#5326=DIRECTION('center_axis',(0.,-1.,0.));
#5327=DIRECTION('ref_axis',(0.,0.,-1.));
#5328=DIRECTION('',(1.,0.,0.));
#5329=DIRECTION('',(0.,0.,1.));
#5330=DIRECTION('',(-1.,0.,0.));
#5331=DIRECTION('center_axis',(0.,0.,1.));
#5332=DIRECTION('ref_axis',(-1.,0.,0.));
#5333=DIRECTION('',(0.,-1.,0.));
#5334=DIRECTION('center_axis',(1.,0.,0.));
#5335=DIRECTION('ref_axis',(0.,0.,1.));
#5336=DIRECTION('',(0.,1.,0.));
#5337=DIRECTION('center_axis',(-1.,0.,0.));
#5338=DIRECTION('ref_axis',(0.,0.,1.));
#5339=DIRECTION('',(0.,-1.,0.));
#5340=DIRECTION('',(0.,1.,0.));
#5341=DIRECTION('',(0.,0.,1.));
#5342=DIRECTION('center_axis',(0.,0.,1.));
#5343=DIRECTION('ref_axis',(1.,0.,0.));
#5344=DIRECTION('',(0.,1.,0.));
#5345=DIRECTION('',(1.,0.,0.));
#5346=DIRECTION('center_axis',(1.,0.,0.));
#5347=DIRECTION('ref_axis',(0.,0.,-1.));
#5348=DIRECTION('',(0.,1.,0.));
#5349=DIRECTION('',(0.,0.,-1.));
#5350=DIRECTION('center_axis',(0.,1.,0.));
#5351=DIRECTION('ref_axis',(0.,0.,1.));
#5352=DIRECTION('',(-1.,0.,0.));
#5353=DIRECTION('center_axis',(0.,1.,0.));
#5354=DIRECTION('ref_axis',(0.,0.,1.));
#5355=DIRECTION('',(-1.,0.,0.));
#5356=DIRECTION('',(0.,0.,1.));
#5357=DIRECTION('',(1.,0.,0.));
#5358=DIRECTION('',(0.,0.,-1.));
#5359=DIRECTION('center_axis',(1.,0.,0.));
#5360=DIRECTION('ref_axis',(0.,0.,-1.));
#5361=DIRECTION('',(0.,1.,0.));
#5362=DIRECTION('',(0.,1.,0.));
#5363=DIRECTION('center_axis',(0.,0.,1.));
#5364=DIRECTION('ref_axis',(1.,0.,0.));
#5365=DIRECTION('',(0.,1.,0.));
#5366=DIRECTION('center_axis',(-1.,0.,0.));
#5367=DIRECTION('ref_axis',(0.,0.,1.));
#5368=DIRECTION('',(0.,-1.,0.));
#5369=DIRECTION('center_axis',(0.,1.,0.));
#5370=DIRECTION('ref_axis',(0.,0.,1.));
#5371=DIRECTION('',(-1.,0.,0.));
#5372=DIRECTION('',(0.,0.,1.));
#5373=DIRECTION('',(1.,0.,0.));
#5374=DIRECTION('',(0.,0.,-1.));
#5375=DIRECTION('center_axis',(1.,0.,0.));
#5376=DIRECTION('ref_axis',(0.,0.,-1.));
#5377=DIRECTION('',(0.,1.,0.));
#5378=DIRECTION('',(0.,1.,0.));
#5379=DIRECTION('center_axis',(0.,0.,1.));
#5380=DIRECTION('ref_axis',(1.,0.,0.));
#5381=DIRECTION('',(0.,1.,0.));
#5382=DIRECTION('center_axis',(-1.,0.,0.));
#5383=DIRECTION('ref_axis',(0.,0.,1.));
#5384=DIRECTION('',(0.,-1.,0.));
#5385=DIRECTION('center_axis',(1.,0.,0.));
#5386=DIRECTION('ref_axis',(0.,0.,1.));
#5387=DIRECTION('',(0.,-1.,0.));
#5388=DIRECTION('',(0.,0.,1.));
#5389=DIRECTION('',(0.,1.,0.));
#5390=DIRECTION('center_axis',(-1.,0.,0.));
#5391=DIRECTION('ref_axis',(0.,0.,-1.));
#5392=DIRECTION('',(0.,-1.,0.));
#5393=DIRECTION('',(0.,0.,-1.));
#5394=DIRECTION('',(0.,-1.,0.));
#5395=DIRECTION('center_axis',(0.,0.,1.));
#5396=DIRECTION('ref_axis',(-1.,0.,0.));
#5397=DIRECTION('',(-1.,0.,0.));
#5398=DIRECTION('center_axis',(0.,-1.,0.));
#5399=DIRECTION('ref_axis',(0.,0.,-1.));
#5400=DIRECTION('',(1.,0.,0.));
#5401=DIRECTION('center_axis',(1.,0.,0.));
#5402=DIRECTION('ref_axis',(0.,0.,1.));
#5403=DIRECTION('',(0.,-1.,0.));
#5404=DIRECTION('',(0.,0.,1.));
#5405=DIRECTION('',(0.,1.,0.));
#5406=DIRECTION('center_axis',(-1.,0.,0.));
#5407=DIRECTION('ref_axis',(0.,0.,-1.));
#5408=DIRECTION('',(0.,1.,0.));
#5409=DIRECTION('',(0.,0.,-1.));
#5410=DIRECTION('',(0.,-1.,0.));
#5411=DIRECTION('center_axis',(0.,0.,1.));
#5412=DIRECTION('ref_axis',(-1.,0.,0.));
#5413=DIRECTION('',(-1.,0.,0.));
#5414=DIRECTION('center_axis',(0.,-1.,0.));
#5415=DIRECTION('ref_axis',(0.,0.,-1.));
#5416=DIRECTION('',(1.,0.,0.));
#5417=DIRECTION('center_axis',(-1.,0.,0.));
#5418=DIRECTION('ref_axis',(0.,0.,1.));
#5419=DIRECTION('',(0.,-1.,0.));
#5420=DIRECTION('',(0.,1.,0.));
#5421=DIRECTION('',(0.,0.,1.));
#5422=DIRECTION('center_axis',(0.,0.,1.));
#5423=DIRECTION('ref_axis',(1.,0.,0.));
#5424=DIRECTION('',(0.,1.,0.));
#5425=DIRECTION('',(1.,0.,0.));
#5426=DIRECTION('center_axis',(1.,0.,0.));
#5427=DIRECTION('ref_axis',(0.,0.,-1.));
#5428=DIRECTION('',(0.,1.,0.));
#5429=DIRECTION('',(0.,0.,-1.));
#5430=DIRECTION('center_axis',(0.,1.,0.));
#5431=DIRECTION('ref_axis',(0.,0.,1.));
#5432=DIRECTION('',(-1.,0.,0.));
#5433=DIRECTION('center_axis',(-1.,0.,0.));
#5434=DIRECTION('ref_axis',(0.,0.,-1.));
#5435=DIRECTION('',(0.,1.,0.));
#5436=DIRECTION('',(0.,0.,-1.));
#5437=DIRECTION('',(0.,-1.,0.));
#5438=DIRECTION('center_axis',(1.,0.,0.));
#5439=DIRECTION('ref_axis',(0.,0.,1.));
#5440=DIRECTION('',(0.,-1.,0.));
#5441=DIRECTION('',(0.,0.,1.));
#5442=DIRECTION('',(0.,1.,0.));
#5443=DIRECTION('center_axis',(0.,0.,1.));
#5444=DIRECTION('ref_axis',(-1.,0.,0.));
#5445=DIRECTION('',(-1.,0.,0.));
#5446=DIRECTION('center_axis',(0.,-1.,0.));
#5447=DIRECTION('ref_axis',(0.,0.,-1.));
#5448=DIRECTION('',(1.,0.,0.));
#5449=DIRECTION('center_axis',(0.,0.,1.));
#5450=DIRECTION('ref_axis',(-1.,0.,0.));
#5451=DIRECTION('',(0.,-1.,0.));
#5452=DIRECTION('',(-1.,0.,0.));
#5453=DIRECTION('',(0.,-1.,0.));
#5454=DIRECTION('center_axis',(-1.,0.,0.));
#5455=DIRECTION('ref_axis',(0.,0.,-1.));
#5456=DIRECTION('',(0.,1.,0.));
#5457=DIRECTION('',(0.,0.,-1.));
#5458=DIRECTION('center_axis',(0.,-1.,0.));
#5459=DIRECTION('ref_axis',(0.,0.,-1.));
#5460=DIRECTION('',(1.,0.,0.));
#5461=DIRECTION('',(0.,0.,1.));
#5462=DIRECTION('center_axis',(1.,0.,0.));
#5463=DIRECTION('ref_axis',(0.,0.,1.));
#5464=DIRECTION('',(0.,-1.,0.));
#5465=DIRECTION('center_axis',(0.,0.,1.));
#5466=DIRECTION('ref_axis',(-1.,0.,0.));
#5467=DIRECTION('',(0.,-1.,0.));
#5468=DIRECTION('',(1.,0.,0.));
#5469=DIRECTION('',(0.,1.,0.));
#5470=DIRECTION('',(0.,-1.,0.));
#5471=DIRECTION('',(1.,0.,0.));
#5472=DIRECTION('',(0.,1.,0.));
#5473=DIRECTION('',(0.,1.,0.));
#5474=DIRECTION('',(1.,0.,0.));
#5475=DIRECTION('',(0.,1.,0.));
#5476=DIRECTION('',(0.,-1.,0.));
#5477=DIRECTION('',(0.,-1.,0.));
#5478=DIRECTION('',(-1.,0.,0.));
#5479=DIRECTION('',(0.,1.,0.));
#5480=DIRECTION('',(0.,-1.,0.));
#5481=DIRECTION('',(-1.,0.,0.));
#5482=DIRECTION('',(0.,1.,0.));
#5483=DIRECTION('',(0.,-1.,0.));
#5484=DIRECTION('',(-1.,0.,0.));
#5485=DIRECTION('',(0.,1.,0.));
#5486=DIRECTION('',(0.,-1.,0.));
#5487=DIRECTION('',(-1.,0.,0.));
#5488=DIRECTION('',(0.,1.,0.));
#5489=DIRECTION('',(0.,1.,0.));
#5490=DIRECTION('',(0.,1.,0.));
#5491=DIRECTION('',(1.,0.,0.));
#5492=DIRECTION('',(0.,1.,0.));
#5493=DIRECTION('',(0.,1.,0.));
#5494=DIRECTION('',(1.,0.,0.));
#5495=DIRECTION('',(0.,1.,0.));
#5496=DIRECTION('center_axis',(0.,0.,-1.));
#5497=DIRECTION('ref_axis',(-1.,0.,0.));
#5498=DIRECTION('center_axis',(0.,0.,-1.));
#5499=DIRECTION('ref_axis',(-1.,0.,0.));
#5500=DIRECTION('center_axis',(0.,0.,-1.));
#5501=DIRECTION('ref_axis',(-1.,0.,0.));
#5502=DIRECTION('center_axis',(0.,0.,-1.));
#5503=DIRECTION('ref_axis',(-1.,0.,0.));
#5504=DIRECTION('',(1.,0.,0.));
#5505=DIRECTION('',(0.,1.,0.));
#5506=DIRECTION('',(-1.,0.,0.));
#5507=DIRECTION('',(0.,-1.,0.));
#5508=DIRECTION('',(1.,0.,0.));
#5509=DIRECTION('',(0.,-1.,0.));
#5510=DIRECTION('',(1.,0.,0.));
#5511=DIRECTION('',(0.,1.,0.));
#5512=DIRECTION('center_axis',(-1.,0.,0.));
#5513=DIRECTION('ref_axis',(0.,0.,1.));
#5514=DIRECTION('',(0.,1.,0.));
#5515=DIRECTION('',(0.,0.,1.));
#5516=DIRECTION('center_axis',(0.,0.,1.));
#5517=DIRECTION('ref_axis',(1.,0.,0.));
#5518=DIRECTION('',(0.,1.,0.));
#5519=DIRECTION('',(1.,0.,0.));
#5520=DIRECTION('center_axis',(1.,0.,0.));
#5521=DIRECTION('ref_axis',(0.,0.,-1.));
#5522=DIRECTION('',(0.,0.,-1.));
#5523=DIRECTION('center_axis',(0.,1.,0.));
#5524=DIRECTION('ref_axis',(0.,0.,1.));
#5525=DIRECTION('center_axis',(1.,0.,0.));
#5526=DIRECTION('ref_axis',(0.,0.,1.));
#5527=DIRECTION('',(0.,-1.,0.));
#5528=DIRECTION('',(0.,0.,1.));
#5529=DIRECTION('center_axis',(0.,0.,1.));
#5530=DIRECTION('ref_axis',(-1.,0.,0.));
#5531=DIRECTION('',(0.,-1.,0.));
#5532=DIRECTION('',(-1.,0.,0.));
#5533=DIRECTION('center_axis',(0.,-1.,0.));
#5534=DIRECTION('ref_axis',(0.,0.,-1.));
#5535=DIRECTION('',(0.,0.,-1.));
#5536=DIRECTION('center_axis',(-1.,0.,0.));
#5537=DIRECTION('ref_axis',(0.,0.,-1.));
#5538=DIRECTION('center_axis',(-1.,0.,0.));
#5539=DIRECTION('ref_axis',(0.,0.,-1.));
#5540=DIRECTION('',(0.,0.,-1.));
#5541=DIRECTION('',(0.,-1.,0.));
#5542=DIRECTION('center_axis',(1.,0.,0.));
#5543=DIRECTION('ref_axis',(0.,0.,1.));
#5544=DIRECTION('',(0.,-1.,0.));
#5545=DIRECTION('',(0.,0.,1.));
#5546=DIRECTION('center_axis',(0.,0.,1.));
#5547=DIRECTION('ref_axis',(-1.,0.,0.));
#5548=DIRECTION('',(-1.,0.,0.));
#5549=DIRECTION('center_axis',(0.,-1.,0.));
#5550=DIRECTION('ref_axis',(0.,0.,-1.));
#5551=DIRECTION('center_axis',(0.,1.,0.));
#5552=DIRECTION('ref_axis',(0.,0.,1.));
#5553=DIRECTION('',(0.,0.,1.));
#5554=DIRECTION('',(1.,0.,0.));
#5555=DIRECTION('',(0.,0.,-1.));
#5556=DIRECTION('center_axis',(1.,0.,0.));
#5557=DIRECTION('ref_axis',(0.,0.,-1.));
#5558=DIRECTION('',(0.,1.,0.));
#5559=DIRECTION('center_axis',(0.,0.,1.));
#5560=DIRECTION('ref_axis',(1.,0.,0.));
#5561=DIRECTION('',(0.,1.,0.));
#5562=DIRECTION('center_axis',(-1.,0.,0.));
#5563=DIRECTION('ref_axis',(0.,0.,1.));
#5564=DIRECTION('center_axis',(0.,1.,0.));
#5565=DIRECTION('ref_axis',(0.,0.,1.));
#5566=DIRECTION('',(0.,0.,1.));
#5567=DIRECTION('',(1.,0.,0.));
#5568=DIRECTION('',(0.,0.,-1.));
#5569=DIRECTION('center_axis',(1.,0.,0.));
#5570=DIRECTION('ref_axis',(0.,0.,-1.));
#5571=DIRECTION('',(0.,1.,0.));
#5572=DIRECTION('center_axis',(0.,0.,1.));
#5573=DIRECTION('ref_axis',(1.,0.,0.));
#5574=DIRECTION('',(0.,1.,0.));
#5575=DIRECTION('center_axis',(-1.,0.,0.));
#5576=DIRECTION('ref_axis',(0.,0.,1.));
#5577=DIRECTION('center_axis',(-1.,0.,0.));
#5578=DIRECTION('ref_axis',(0.,0.,1.));
#5579=DIRECTION('',(0.,1.,0.));
#5580=DIRECTION('',(0.,0.,1.));
#5581=DIRECTION('center_axis',(0.,0.,1.));
#5582=DIRECTION('ref_axis',(1.,0.,0.));
#5583=DIRECTION('',(0.,1.,0.));
#5584=DIRECTION('',(1.,0.,0.));
#5585=DIRECTION('center_axis',(1.,0.,0.));
#5586=DIRECTION('ref_axis',(0.,0.,-1.));
#5587=DIRECTION('',(0.,0.,-1.));
#5588=DIRECTION('center_axis',(0.,1.,0.));
#5589=DIRECTION('ref_axis',(0.,0.,1.));
#5590=DIRECTION('center_axis',(1.,0.,0.));
#5591=DIRECTION('ref_axis',(0.,0.,1.));
#5592=DIRECTION('',(0.,-1.,0.));
#5593=DIRECTION('',(0.,0.,1.));
#5594=DIRECTION('center_axis',(0.,0.,1.));
#5595=DIRECTION('ref_axis',(-1.,0.,0.));
#5596=DIRECTION('',(0.,-1.,0.));
#5597=DIRECTION('',(-1.,0.,0.));
#5598=DIRECTION('center_axis',(0.,-1.,0.));
#5599=DIRECTION('ref_axis',(0.,0.,-1.));
#5600=DIRECTION('',(0.,0.,-1.));
#5601=DIRECTION('center_axis',(-1.,0.,0.));
#5602=DIRECTION('ref_axis',(0.,0.,-1.));
#5603=DIRECTION('center_axis',(1.,0.,0.));
#5604=DIRECTION('ref_axis',(0.,0.,1.));
#5605=DIRECTION('',(0.,-1.,0.));
#5606=DIRECTION('',(0.,0.,1.));
#5607=DIRECTION('center_axis',(0.,-1.,0.));
#5608=DIRECTION('ref_axis',(0.,0.,-1.));
#5609=DIRECTION('',(-1.,0.,0.));
#5610=DIRECTION('',(0.,0.,-1.));
#5611=DIRECTION('center_axis',(-1.,0.,0.));
#5612=DIRECTION('ref_axis',(0.,0.,-1.));
#5613=DIRECTION('',(0.,-1.,0.));
#5614=DIRECTION('center_axis',(0.,0.,1.));
#5615=DIRECTION('ref_axis',(-1.,0.,0.));
#5616=DIRECTION('center_axis',(-1.,0.,0.));
#5617=DIRECTION('ref_axis',(0.,0.,-1.));
#5618=DIRECTION('',(0.,0.,-1.));
#5619=DIRECTION('',(0.,-1.,0.));
#5620=DIRECTION('center_axis',(0.,-1.,0.));
#5621=DIRECTION('ref_axis',(0.,0.,-1.));
#5622=DIRECTION('',(0.,0.,1.));
#5623=DIRECTION('',(-1.,0.,0.));
#5624=DIRECTION('center_axis',(0.,0.,1.));
#5625=DIRECTION('ref_axis',(-1.,0.,0.));
#5626=DIRECTION('',(0.,-1.,0.));
#5627=DIRECTION('center_axis',(1.,0.,0.));
#5628=DIRECTION('ref_axis',(0.,0.,1.));
#5629=DIRECTION('center_axis',(0.,0.,1.));
#5630=DIRECTION('ref_axis',(-1.,0.,0.));
#5631=DIRECTION('center_axis',(0.,0.,-1.));
#5632=DIRECTION('ref_axis',(-1.,0.,0.));
#5633=DIRECTION('',(0.,0.,-1.));
#5634=DIRECTION('center_axis',(0.,0.,1.));
#5635=DIRECTION('ref_axis',(-1.,0.,0.));
#5636=DIRECTION('center_axis',(0.,0.,-1.));
#5637=DIRECTION('ref_axis',(-1.,0.,0.));
#5638=DIRECTION('',(0.,0.,-1.));
#5639=DIRECTION('center_axis',(0.,0.,1.));
#5640=DIRECTION('ref_axis',(-1.,0.,0.));
#5641=DIRECTION('center_axis',(0.,0.,-1.));
#5642=DIRECTION('ref_axis',(-1.,0.,0.));
#5643=DIRECTION('',(0.,0.,-1.));
#5644=DIRECTION('center_axis',(0.,0.,1.));
#5645=DIRECTION('ref_axis',(-1.,0.,0.));
#5646=DIRECTION('center_axis',(0.,0.,-1.));
#5647=DIRECTION('ref_axis',(-1.,0.,0.));
#5648=DIRECTION('',(0.,0.,-1.));
#5649=DIRECTION('center_axis',(1.,0.,0.));
#5650=DIRECTION('ref_axis',(0.,1.,0.));
#5651=DIRECTION('',(0.,0.,1.));
#5652=DIRECTION('',(0.,1.,0.));
#5653=DIRECTION('',(0.,0.,1.));
#5654=DIRECTION('center_axis',(0.,1.,0.));
#5655=DIRECTION('ref_axis',(-1.,0.,0.));
#5656=DIRECTION('',(-1.,0.,0.));
#5657=DIRECTION('',(0.,0.,1.));
#5658=DIRECTION('center_axis',(-1.,0.,0.));
#5659=DIRECTION('ref_axis',(0.,-1.,0.));
#5660=DIRECTION('',(0.,-1.,0.));
#5661=DIRECTION('',(0.,0.,1.));
#5662=DIRECTION('center_axis',(0.,-1.,0.));
#5663=DIRECTION('ref_axis',(1.,0.,0.));
#5664=DIRECTION('',(1.,0.,0.));
#5665=DIRECTION('',(0.,0.,1.));
#5666=DIRECTION('center_axis',(-1.,0.,0.));
#5667=DIRECTION('ref_axis',(0.,-1.,0.));
#5668=DIRECTION('',(0.,-1.,0.));
#5669=DIRECTION('',(0.,0.,1.));
#5670=DIRECTION('center_axis',(0.,-1.,0.));
#5671=DIRECTION('ref_axis',(1.,0.,0.));
#5672=DIRECTION('',(1.,0.,0.));
#5673=DIRECTION('',(0.,0.,1.));
#5674=DIRECTION('center_axis',(1.,0.,0.));
#5675=DIRECTION('ref_axis',(0.,1.,0.));
#5676=DIRECTION('',(0.,1.,0.));
#5677=DIRECTION('',(0.,0.,1.));
#5678=DIRECTION('center_axis',(0.,-1.,0.));
#5679=DIRECTION('ref_axis',(1.,0.,0.));
#5680=DIRECTION('',(1.,0.,0.));
#5681=DIRECTION('center_axis',(-1.,0.,0.));
#5682=DIRECTION('ref_axis',(0.,-1.,0.));
#5683=DIRECTION('',(0.,-1.,0.));
#5684=DIRECTION('center_axis',(1.,0.,0.));
#5685=DIRECTION('ref_axis',(0.,1.,0.));
#5686=DIRECTION('',(0.,1.,0.));
#5687=DIRECTION('center_axis',(0.,0.,1.));
#5688=DIRECTION('ref_axis',(-1.,0.,0.));
#5689=CARTESIAN_POINT('',(0.,0.,0.));
#5690=CARTESIAN_POINT('Origin',(37.9893318379182,10.1195558572518,-5.));
#5691=CARTESIAN_POINT('',(37.9893318379182,12.1195558572518,31.000001472421));
#5692=CARTESIAN_POINT('',(37.9893318379182,10.1195558572518,31.000001472421));
#5693=CARTESIAN_POINT('',(37.9893318379182,-32.0782878206058,31.000001472421));
#5694=CARTESIAN_POINT('',(37.9893318379181,10.1195558572518,33.9935886896179));
#5695=CARTESIAN_POINT('',(37.9893318379182,10.1195558572518,13.));
#5696=CARTESIAN_POINT('',(37.9893318379181,12.1195558572518,33.9935886896179));
#5697=CARTESIAN_POINT('',(37.9893318379181,10.1195558572518,33.9935886896179));
#5698=CARTESIAN_POINT('',(37.9893318379182,12.1195558572518,4.74839717240448));
#5699=CARTESIAN_POINT('Origin',(37.9893318379181,10.1195558572518,33.9935886896179));
#5700=CARTESIAN_POINT('',(39.9893318379181,10.1195558572518,33.9935886896179));
#5701=CARTESIAN_POINT('',(69.832971129634,10.1195558572518,33.9935886896179));
#5702=CARTESIAN_POINT('',(39.9893318379181,12.1195558572518,33.9935886896179));
#5703=CARTESIAN_POINT('',(39.9893318379181,10.1195558572518,33.9935886896179));
#5704=CARTESIAN_POINT('',(42.2208133193996,12.1195558572518,33.9935886896179));
#5705=CARTESIAN_POINT('Origin',(39.9893318379181,10.1195558572518,33.9935886896179));
#5706=CARTESIAN_POINT('',(39.9893318379181,10.1195558572518,31.000001472421));
#5707=CARTESIAN_POINT('',(39.9893318379181,12.1195558572518,31.000001472421));
#5708=CARTESIAN_POINT('',(39.9893318379181,-32.0782878206058,31.000001472421));
#5709=CARTESIAN_POINT('',(39.9893318379181,12.1195558572518,24.2451915172134));
#5710=CARTESIAN_POINT('',(39.9893318379181,10.1195558572518,32.496794344809));
#5711=CARTESIAN_POINT('Origin',(46.4522948008811,12.1195558572518,14.496794344809));
#5712=CARTESIAN_POINT('',(18.5033742582471,12.1195558572518,31.000001472421));
#5713=CARTESIAN_POINT('Origin',(101.67661042135,10.1195558572518,31.));
#5714=CARTESIAN_POINT('',(35.2856281342144,10.1195558572518,31.000001472421));
#5715=CARTESIAN_POINT('',(-9.05303336606833,10.1195558572518,31.));
#5716=CARTESIAN_POINT('',(35.2856281342144,10.1195558572518,33.9935886896179));
#5717=CARTESIAN_POINT('',(35.2856281342144,10.1195558572518,32.496794344809));
#5718=CARTESIAN_POINT('',(33.2856281342144,10.1195558572518,33.9935886896179));
#5719=CARTESIAN_POINT('',(67.4811192777822,10.1195558572518,33.9935886896179));
#5720=CARTESIAN_POINT('',(33.2856281342144,10.1195558572518,31.000001472421));
#5721=CARTESIAN_POINT('',(33.2856281342144,10.1195558572518,13.));
#5722=CARTESIAN_POINT('',(30.5819244305107,10.1195558572518,31.000001472421));
#5723=CARTESIAN_POINT('',(-9.05303336606833,10.1195558572518,31.));
#5724=CARTESIAN_POINT('',(30.5819244305107,10.1195558572518,33.9935886896179));
#5725=CARTESIAN_POINT('',(30.5819244305107,10.1195558572518,32.496794344809));
#5726=CARTESIAN_POINT('',(28.5819244305107,10.1195558572518,33.9935886896179));
#5727=CARTESIAN_POINT('',(65.1292674259304,10.1195558572518,33.9935886896179));
#5728=CARTESIAN_POINT('',(28.5819244305107,10.1195558572518,31.000001472421));
#5729=CARTESIAN_POINT('',(28.5819244305107,10.1195558572518,13.));
#5730=CARTESIAN_POINT('',(25.878220726807,10.1195558572518,31.000001472421));
#5731=CARTESIAN_POINT('',(-9.05303336606833,10.1195558572518,31.));
#5732=CARTESIAN_POINT('',(25.878220726807,10.1195558572518,33.9935886896179));
#5733=CARTESIAN_POINT('',(25.878220726807,10.1195558572518,32.496794344809));
#5734=CARTESIAN_POINT('',(23.878220726807,10.1195558572518,33.9935886896179));
#5735=CARTESIAN_POINT('',(62.7774155740785,10.1195558572518,33.9935886896179));
#5736=CARTESIAN_POINT('',(23.878220726807,10.1195558572518,31.000001472421));
#5737=CARTESIAN_POINT('',(23.878220726807,10.1195558572518,13.));
#5738=CARTESIAN_POINT('',(21.1745170231033,10.1195558572518,31.000001472421));
#5739=CARTESIAN_POINT('',(-9.05303336606833,10.1195558572518,31.));
#5740=CARTESIAN_POINT('',(21.1745170231033,10.1195558572518,33.9935886896179));
#5741=CARTESIAN_POINT('',(21.1745170231033,10.1195558572518,32.496794344809));
#5742=CARTESIAN_POINT('',(19.1745170231033,10.1195558572518,33.9935886896179));
#5743=CARTESIAN_POINT('',(60.4255637222266,10.1195558572518,33.9935886896179));
#5744=CARTESIAN_POINT('',(19.1745170231033,10.1195558572518,31.000001472421));
#5745=CARTESIAN_POINT('',(19.1745170231033,10.1195558572518,13.));
#5746=CARTESIAN_POINT('',(16.4708133193996,10.1195558572518,31.000001472421));
#5747=CARTESIAN_POINT('',(-9.05303336606833,10.1195558572518,31.));
#5748=CARTESIAN_POINT('',(16.4708133193996,10.1195558572518,33.9935886896179));
#5749=CARTESIAN_POINT('',(16.4708133193996,10.1195558572518,32.496794344809));
#5750=CARTESIAN_POINT('',(14.4708133193996,10.1195558572518,33.9935886896179));
#5751=CARTESIAN_POINT('',(58.0737118703748,10.1195558572518,33.9935886896179));
#5752=CARTESIAN_POINT('',(14.4708133193996,10.1195558572518,31.000001472421));
#5753=CARTESIAN_POINT('',(14.4708133193996,10.1195558572518,13.));
#5754=CARTESIAN_POINT('',(11.7671096156959,10.1195558572518,31.000001472421));
#5755=CARTESIAN_POINT('',(-9.05303336606833,10.1195558572518,31.));
#5756=CARTESIAN_POINT('',(11.7671096156959,10.1195558572518,33.9935886896179));
#5757=CARTESIAN_POINT('',(11.7671096156959,10.1195558572518,32.496794344809));
#5758=CARTESIAN_POINT('',(9.76710961569593,10.1195558572518,33.9935886896179));
#5759=CARTESIAN_POINT('',(55.7218600185229,10.1195558572518,33.9935886896179));
#5760=CARTESIAN_POINT('',(9.76710961569593,10.1195558572518,31.000001472421));
#5761=CARTESIAN_POINT('',(9.76710961569593,10.1195558572518,13.));
#5762=CARTESIAN_POINT('',(7.06340591199223,10.1195558572518,31.000001472421));
#5763=CARTESIAN_POINT('',(-9.05303336606833,10.1195558572518,31.));
#5764=CARTESIAN_POINT('',(7.06340591199223,10.1195558572518,33.9935886896179));
#5765=CARTESIAN_POINT('',(7.06340591199222,10.1195558572518,32.496794344809));
#5766=CARTESIAN_POINT('',(5.06340591199223,10.1195558572518,33.9935886896179));
#5767=CARTESIAN_POINT('',(53.3700081666711,10.1195558572518,33.9935886896179));
#5768=CARTESIAN_POINT('',(5.06340591199223,10.1195558572518,31.000001472421));
#5769=CARTESIAN_POINT('',(5.06340591199223,10.1195558572518,13.));
#5770=CARTESIAN_POINT('',(2.35970220828852,10.1195558572518,31.000001472421));
#5771=CARTESIAN_POINT('',(-9.05303336606833,10.1195558572518,31.));
#5772=CARTESIAN_POINT('',(2.35970220828852,10.1195558572518,33.9935886896179));
#5773=CARTESIAN_POINT('',(2.35970220828852,10.1195558572518,32.496794344809));
#5774=CARTESIAN_POINT('',(0.359702208288525,10.1195558572518,33.9935886896179));
#5775=CARTESIAN_POINT('',(51.0181563148192,10.1195558572518,33.9935886896179));
#5776=CARTESIAN_POINT('',(0.359702208288528,10.1195558572518,31.000001472421));
#5777=CARTESIAN_POINT('',(0.359702208288528,10.1195558572518,13.));
#5778=CARTESIAN_POINT('',(-2.34400149541518,10.1195558572518,31.000001472421));
#5779=CARTESIAN_POINT('',(-9.05303336606833,10.1195558572518,31.));
#5780=CARTESIAN_POINT('',(-2.34400149541518,10.1195558572518,33.9935886896179));
#5781=CARTESIAN_POINT('',(-2.34400149541518,10.1195558572518,32.496794344809));
#5782=CARTESIAN_POINT('',(-4.34400149541518,10.1195558572518,33.9935886896179));
#5783=CARTESIAN_POINT('',(48.6663044629674,10.1195558572518,33.9935886896179));
#5784=CARTESIAN_POINT('',(-4.34400149541517,10.1195558572518,31.000001472421));
#5785=CARTESIAN_POINT('',(-4.34400149541517,10.1195558572518,13.));
#5786=CARTESIAN_POINT('',(-7.04770519911888,10.1195558572518,31.000001472421));
#5787=CARTESIAN_POINT('',(-9.05303336606833,10.1195558572518,31.));
#5788=CARTESIAN_POINT('',(-7.04770519911888,10.1195558572518,33.9935886896179));
#5789=CARTESIAN_POINT('',(-7.04770519911888,10.1195558572518,32.496794344809));
#5790=CARTESIAN_POINT('',(-9.04770519911888,10.1195558572518,33.9935886896179));
#5791=CARTESIAN_POINT('',(46.3144526111155,10.1195558572518,33.9935886896179));
#5792=CARTESIAN_POINT('',(-9.04770519911889,10.1195558572518,31.000001472421));
#5793=CARTESIAN_POINT('',(-9.04770519911889,10.1195558572518,13.));
#5794=CARTESIAN_POINT('',(-9.05303336606833,10.1195558572518,31.));
#5795=CARTESIAN_POINT('',(-9.05303336606833,10.1195558572518,31.));
#5796=CARTESIAN_POINT('',(-9.05303336606833,10.1195558572518,34.));
#5797=CARTESIAN_POINT('',(-9.05303336606833,10.1195558572518,31.));
#5798=CARTESIAN_POINT('',(101.67661042135,10.1195558572518,34.));
#5799=CARTESIAN_POINT('',(-9.05303336606833,10.1195558572518,34.));
#5800=CARTESIAN_POINT('',(101.67661042135,10.1195558572518,31.));
#5801=CARTESIAN_POINT('',(101.67661042135,10.1195558572518,31.));
#5802=CARTESIAN_POINT('',(101.137479986066,10.1195558572518,31.000001472421));
#5803=CARTESIAN_POINT('',(-9.05303336606833,10.1195558572518,31.));
#5804=CARTESIAN_POINT('',(101.137479986066,10.1195558572518,33.9935886896179));
#5805=CARTESIAN_POINT('',(101.137479986066,10.1195558572518,32.496794344809));
#5806=CARTESIAN_POINT('',(99.1374799860663,10.1195558572518,33.9935886896179));
#5807=CARTESIAN_POINT('',(100.407045203708,10.1195558572518,33.9935886896179));
#5808=CARTESIAN_POINT('',(99.1374799860663,10.1195558572518,31.000001472421));
#5809=CARTESIAN_POINT('',(99.1374799860663,10.1195558572518,13.));
#5810=CARTESIAN_POINT('',(96.4337762823626,10.1195558572518,31.000001472421));
#5811=CARTESIAN_POINT('',(-9.05303336606833,10.1195558572518,31.));
#5812=CARTESIAN_POINT('',(96.4337762823626,10.1195558572518,33.9935886896179));
#5813=CARTESIAN_POINT('',(96.4337762823626,10.1195558572518,32.496794344809));
#5814=CARTESIAN_POINT('',(94.4337762823626,10.1195558572518,33.9935886896179));
#5815=CARTESIAN_POINT('',(98.0551933518562,10.1195558572518,33.9935886896179));
#5816=CARTESIAN_POINT('',(94.4337762823626,10.1195558572518,31.000001472421));
#5817=CARTESIAN_POINT('',(94.4337762823626,10.1195558572518,13.));
#5818=CARTESIAN_POINT('',(91.7300725786589,10.1195558572518,31.000001472421));
#5819=CARTESIAN_POINT('',(-9.05303336606833,10.1195558572518,31.));
#5820=CARTESIAN_POINT('',(91.7300725786589,10.1195558572518,33.9935886896179));
#5821=CARTESIAN_POINT('',(91.7300725786589,10.1195558572518,32.496794344809));
#5822=CARTESIAN_POINT('',(89.7300725786589,10.1195558572518,33.9935886896179));
#5823=CARTESIAN_POINT('',(95.7033415000044,10.1195558572518,33.9935886896179));
#5824=CARTESIAN_POINT('',(89.7300725786589,10.1195558572518,31.000001472421));
#5825=CARTESIAN_POINT('',(89.7300725786589,10.1195558572518,13.));
#5826=CARTESIAN_POINT('',(87.0263688749552,10.1195558572518,31.000001472421));
#5827=CARTESIAN_POINT('',(-9.05303336606833,10.1195558572518,31.));
#5828=CARTESIAN_POINT('',(87.0263688749552,10.1195558572518,33.9935886896179));
#5829=CARTESIAN_POINT('',(87.0263688749552,10.1195558572518,32.496794344809));
#5830=CARTESIAN_POINT('',(85.0263688749552,10.1195558572518,33.9935886896179));
#5831=CARTESIAN_POINT('',(93.3514896481526,10.1195558572518,33.9935886896179));
#5832=CARTESIAN_POINT('',(85.0263688749552,10.1195558572518,31.000001472421));
#5833=CARTESIAN_POINT('',(85.0263688749552,10.1195558572518,13.));
#5834=CARTESIAN_POINT('',(82.3226651712515,10.1195558572518,31.000001472421));
#5835=CARTESIAN_POINT('',(-9.05303336606833,10.1195558572518,31.));
#5836=CARTESIAN_POINT('',(82.3226651712515,10.1195558572518,33.9935886896179));
#5837=CARTESIAN_POINT('',(82.3226651712515,10.1195558572518,32.496794344809));
#5838=CARTESIAN_POINT('',(80.3226651712515,10.1195558572518,33.9935886896179));
#5839=CARTESIAN_POINT('',(90.9996377963007,10.1195558572518,33.9935886896179));
#5840=CARTESIAN_POINT('',(80.3226651712514,10.1195558572518,31.000001472421));
#5841=CARTESIAN_POINT('',(80.3226651712514,10.1195558572518,13.));
#5842=CARTESIAN_POINT('',(77.6189614675478,10.1195558572518,31.000001472421));
#5843=CARTESIAN_POINT('',(-9.05303336606833,10.1195558572518,31.));
#5844=CARTESIAN_POINT('',(77.6189614675478,10.1195558572518,33.9935886896179));
#5845=CARTESIAN_POINT('',(77.6189614675478,10.1195558572518,32.496794344809));
#5846=CARTESIAN_POINT('',(75.6189614675477,10.1195558572518,33.9935886896179));
#5847=CARTESIAN_POINT('',(88.6477859444489,10.1195558572518,33.9935886896179));
#5848=CARTESIAN_POINT('',(75.6189614675477,10.1195558572518,31.000001472421));
#5849=CARTESIAN_POINT('',(75.6189614675477,10.1195558572518,13.));
#5850=CARTESIAN_POINT('',(72.9152577638441,10.1195558572518,31.000001472421));
#5851=CARTESIAN_POINT('',(-9.05303336606833,10.1195558572518,31.));
#5852=CARTESIAN_POINT('',(72.9152577638441,10.1195558572518,33.9935886896179));
#5853=CARTESIAN_POINT('',(72.9152577638441,10.1195558572518,32.496794344809));
#5854=CARTESIAN_POINT('',(70.9152577638441,10.1195558572518,33.9935886896179));
#5855=CARTESIAN_POINT('',(86.295934092597,10.1195558572518,33.9935886896179));
#5856=CARTESIAN_POINT('',(70.9152577638441,10.1195558572518,31.000001472421));
#5857=CARTESIAN_POINT('',(70.9152577638441,10.1195558572518,13.));
#5858=CARTESIAN_POINT('',(68.2115540601404,10.1195558572518,31.000001472421));
#5859=CARTESIAN_POINT('',(-9.05303336606833,10.1195558572518,31.));
#5860=CARTESIAN_POINT('',(68.2115540601404,10.1195558572518,33.9935886896179));
#5861=CARTESIAN_POINT('',(68.2115540601404,10.1195558572518,32.496794344809));
#5862=CARTESIAN_POINT('',(66.2115540601404,10.1195558572518,33.9935886896179));
#5863=CARTESIAN_POINT('',(83.9440822407452,10.1195558572518,33.9935886896179));
#5864=CARTESIAN_POINT('',(66.2115540601404,10.1195558572518,31.000001472421));
#5865=CARTESIAN_POINT('',(66.2115540601404,10.1195558572518,13.));
#5866=CARTESIAN_POINT('',(63.5078503564367,10.1195558572518,31.000001472421));
#5867=CARTESIAN_POINT('',(-9.05303336606833,10.1195558572518,31.));
#5868=CARTESIAN_POINT('',(63.5078503564367,10.1195558572518,33.9935886896179));
#5869=CARTESIAN_POINT('',(63.5078503564367,10.1195558572518,32.496794344809));
#5870=CARTESIAN_POINT('',(61.5078503564367,10.1195558572518,33.9935886896179));
#5871=CARTESIAN_POINT('',(81.5922303888933,10.1195558572518,33.9935886896179));
#5872=CARTESIAN_POINT('',(61.5078503564367,10.1195558572518,31.000001472421));
#5873=CARTESIAN_POINT('',(61.5078503564367,10.1195558572518,13.));
#5874=CARTESIAN_POINT('',(58.804146652733,10.1195558572518,31.000001472421));
#5875=CARTESIAN_POINT('',(-9.05303336606833,10.1195558572518,31.));
#5876=CARTESIAN_POINT('',(58.804146652733,10.1195558572518,33.9935886896179));
#5877=CARTESIAN_POINT('',(58.804146652733,10.1195558572518,32.496794344809));
#5878=CARTESIAN_POINT('',(56.804146652733,10.1195558572518,33.9935886896179));
#5879=CARTESIAN_POINT('',(79.2403785370415,10.1195558572518,33.9935886896179));
#5880=CARTESIAN_POINT('',(56.804146652733,10.1195558572518,31.000001472421));
#5881=CARTESIAN_POINT('',(56.804146652733,10.1195558572518,13.));
#5882=CARTESIAN_POINT('',(54.1004429490292,10.1195558572518,31.000001472421));
#5883=CARTESIAN_POINT('',(-9.05303336606833,10.1195558572518,31.));
#5884=CARTESIAN_POINT('',(54.1004429490292,10.1195558572518,33.9935886896179));
#5885=CARTESIAN_POINT('',(54.1004429490292,10.1195558572518,32.496794344809));
#5886=CARTESIAN_POINT('',(52.1004429490293,10.1195558572518,33.9935886896179));
#5887=CARTESIAN_POINT('',(76.8885266851896,10.1195558572518,33.9935886896179));
#5888=CARTESIAN_POINT('',(52.1004429490293,10.1195558572518,31.000001472421));
#5889=CARTESIAN_POINT('',(52.1004429490293,10.1195558572518,13.));
#5890=CARTESIAN_POINT('',(49.3967392453255,10.1195558572518,31.000001472421));
#5891=CARTESIAN_POINT('',(-9.05303336606833,10.1195558572518,31.));
#5892=CARTESIAN_POINT('',(49.3967392453255,10.1195558572518,33.9935886896179));
#5893=CARTESIAN_POINT('',(49.3967392453255,10.1195558572518,32.496794344809));
#5894=CARTESIAN_POINT('',(47.3967392453255,10.1195558572518,33.9935886896179));
#5895=CARTESIAN_POINT('',(74.5366748333378,10.1195558572518,33.9935886896179));
#5896=CARTESIAN_POINT('',(47.3967392453255,10.1195558572518,31.000001472421));
#5897=CARTESIAN_POINT('',(47.3967392453255,10.1195558572518,13.));
#5898=CARTESIAN_POINT('',(44.6930355416218,10.1195558572518,31.000001472421));
#5899=CARTESIAN_POINT('',(-9.05303336606833,10.1195558572518,31.));
#5900=CARTESIAN_POINT('',(44.6930355416218,10.1195558572518,33.9935886896179));
#5901=CARTESIAN_POINT('',(44.6930355416218,10.1195558572518,32.496794344809));
#5902=CARTESIAN_POINT('',(42.6930355416219,10.1195558572518,33.9935886896179));
#5903=CARTESIAN_POINT('',(72.1848229814859,10.1195558572518,33.9935886896179));
#5904=CARTESIAN_POINT('',(42.6930355416219,10.1195558572518,31.000001472421));
#5905=CARTESIAN_POINT('',(42.6930355416219,10.1195558572518,13.));
#5906=CARTESIAN_POINT('',(-9.05303336606833,10.1195558572518,31.));
#5907=CARTESIAN_POINT('Origin',(72.9152577638441,-74.2761314984633,19.7787366741153));
#5908=CARTESIAN_POINT('',(72.9152577638441,-74.2761314984633,33.9935886896179));
#5909=CARTESIAN_POINT('',(72.9152577638441,-74.2761314984633,31.000001472421));
#5910=CARTESIAN_POINT('',(72.9152577638441,-74.2761314984633,25.3893683370576));
#5911=CARTESIAN_POINT('',(72.9152577638441,-76.2761314984633,33.9935886896179));
#5912=CARTESIAN_POINT('',(72.9152577638441,-74.2761314984633,33.9935886896179));
#5913=CARTESIAN_POINT('',(72.9152577638441,-76.2761314984633,31.000001472421));
#5914=CARTESIAN_POINT('',(72.9152577638441,-76.2761314984633,33.9935886896179));
#5915=CARTESIAN_POINT('',(72.9152577638441,-74.2761314984633,31.000001472421));
#5916=CARTESIAN_POINT('Origin',(70.9152577638441,-74.2761314984633,33.9935886896179));
#5917=CARTESIAN_POINT('',(70.9152577638441,-74.2761314984633,31.));
#5918=CARTESIAN_POINT('',(70.9152577638441,-74.2761314984633,33.9935886896179));
#5919=CARTESIAN_POINT('',(70.9152577638441,-74.2761314984633,32.496794344809));
#5920=CARTESIAN_POINT('',(70.9152577638441,-76.2761314984633,31.000001472421));
#5921=CARTESIAN_POINT('',(70.9152577638441,-52.1511985687863,31.));
#5922=CARTESIAN_POINT('',(70.9152577638441,-76.2761314984633,33.9935886896179));
#5923=CARTESIAN_POINT('',(70.9152577638441,-76.2761314984633,-5.00641131038207));
#5924=CARTESIAN_POINT('',(70.9152577638441,-74.2761314984633,33.9935886896179));
#5925=CARTESIAN_POINT('Origin',(72.9152577638441,-74.2761314984633,33.9935886896179));
#5926=CARTESIAN_POINT('',(31.9311121988879,-74.2761314984633,33.9935886896179));
#5927=CARTESIAN_POINT('',(70.9152577638441,-76.2761314984633,33.9935886896179));
#5928=CARTESIAN_POINT('Origin',(71.9152577638441,-76.2761314984633,26.8861626818666));
#5929=CARTESIAN_POINT('',(86.8026312969299,-76.2761314984633,31.000001472421));
#5930=CARTESIAN_POINT('Origin',(-9.05303336606833,-74.2761314984633,31.));
#5931=CARTESIAN_POINT('',(75.6189614675477,-74.2761314984633,31.000001472421));
#5932=CARTESIAN_POINT('',(101.67661042135,-74.2761314984633,31.));
#5933=CARTESIAN_POINT('',(75.6189614675477,-74.2761314984633,33.9935886896179));
#5934=CARTESIAN_POINT('',(75.6189614675477,-74.2761314984633,32.496794344809));
#5935=CARTESIAN_POINT('',(77.6189614675478,-74.2761314984633,33.9935886896179));
#5936=CARTESIAN_POINT('',(34.2829640507397,-74.2761314984633,33.9935886896179));
#5937=CARTESIAN_POINT('',(77.6189614675478,-74.2761314984633,31.000001472421));
#5938=CARTESIAN_POINT('',(77.6189614675478,-74.2761314984633,25.3893683370576));
#5939=CARTESIAN_POINT('',(80.3226651712515,-74.2761314984633,31.));
#5940=CARTESIAN_POINT('',(101.67661042135,-74.2761314984633,31.));
#5941=CARTESIAN_POINT('',(80.3226651712515,-74.2761314984633,33.9935886896179));
#5942=CARTESIAN_POINT('',(80.3226651712515,-74.2761314984633,32.496794344809));
#5943=CARTESIAN_POINT('',(82.3226651712515,-74.2761314984633,33.9935886896179));
#5944=CARTESIAN_POINT('',(36.6348159025916,-74.2761314984633,33.9935886896179));
#5945=CARTESIAN_POINT('',(82.3226651712515,-74.2761314984633,31.000001472421));
#5946=CARTESIAN_POINT('',(82.3226651712515,-74.2761314984633,13.));
#5947=CARTESIAN_POINT('',(85.0263688749552,-74.2761314984633,31.));
#5948=CARTESIAN_POINT('',(101.67661042135,-74.2761314984633,31.));
#5949=CARTESIAN_POINT('',(85.0263688749552,-74.2761314984633,33.9935886896179));
#5950=CARTESIAN_POINT('',(85.0263688749552,-74.2761314984633,32.496794344809));
#5951=CARTESIAN_POINT('',(87.0263688749552,-74.2761314984633,33.9935886896179));
#5952=CARTESIAN_POINT('',(38.9866677544434,-74.2761314984633,33.9935886896179));
#5953=CARTESIAN_POINT('',(87.0263688749552,-74.2761314984633,31.000001472421));
#5954=CARTESIAN_POINT('',(87.0263688749552,-74.2761314984633,13.));
#5955=CARTESIAN_POINT('',(89.7300725786589,-74.2761314984633,31.));
#5956=CARTESIAN_POINT('',(101.67661042135,-74.2761314984633,31.));
#5957=CARTESIAN_POINT('',(89.7300725786589,-74.2761314984633,33.9935886896179));
#5958=CARTESIAN_POINT('',(89.7300725786589,-74.2761314984633,32.496794344809));
#5959=CARTESIAN_POINT('',(91.7300725786589,-74.2761314984633,33.9935886896179));
#5960=CARTESIAN_POINT('',(41.3385196062953,-74.2761314984633,33.9935886896179));
#5961=CARTESIAN_POINT('',(91.7300725786589,-74.2761314984633,31.000001472421));
#5962=CARTESIAN_POINT('',(91.7300725786589,-74.2761314984633,13.));
#5963=CARTESIAN_POINT('',(94.4337762823626,-74.2761314984633,31.));
#5964=CARTESIAN_POINT('',(101.67661042135,-74.2761314984633,31.));
#5965=CARTESIAN_POINT('',(94.4337762823626,-74.2761314984633,33.9935886896179));
#5966=CARTESIAN_POINT('',(94.4337762823626,-74.2761314984633,32.496794344809));
#5967=CARTESIAN_POINT('',(96.4337762823626,-74.2761314984633,33.9935886896179));
#5968=CARTESIAN_POINT('',(43.6903714581471,-74.2761314984633,33.9935886896179));
#5969=CARTESIAN_POINT('',(96.4337762823626,-74.2761314984633,31.000001472421));
#5970=CARTESIAN_POINT('',(96.4337762823626,-74.2761314984633,13.));
#5971=CARTESIAN_POINT('',(99.1374799860663,-74.2761314984633,31.));
#5972=CARTESIAN_POINT('',(101.67661042135,-74.2761314984633,31.));
#5973=CARTESIAN_POINT('',(99.1374799860663,-74.2761314984633,33.9935886896179));
#5974=CARTESIAN_POINT('',(99.1374799860663,-74.2761314984633,32.496794344809));
#5975=CARTESIAN_POINT('',(101.137479986066,-74.2761314984633,33.9935886896179));
#5976=CARTESIAN_POINT('',(46.042223309999,-74.2761314984633,33.9935886896179));
#5977=CARTESIAN_POINT('',(101.137479986066,-74.2761314984633,31.000001472421));
#5978=CARTESIAN_POINT('',(101.137479986066,-74.2761314984633,13.));
#5979=CARTESIAN_POINT('',(101.67661042135,-74.2761314984633,31.));
#5980=CARTESIAN_POINT('',(101.67661042135,-74.2761314984633,31.));
#5981=CARTESIAN_POINT('',(101.67661042135,-74.2761314984633,34.));
#5982=CARTESIAN_POINT('',(101.67661042135,-74.2761314984633,31.));
#5983=CARTESIAN_POINT('',(-9.05303336606833,-74.2761314984634,34.));
#5984=CARTESIAN_POINT('',(101.67661042135,-74.2761314984633,34.));
#5985=CARTESIAN_POINT('',(-9.05303336606833,-74.2761314984634,31.));
#5986=CARTESIAN_POINT('',(-9.05303336606833,-74.2761314984634,31.));
#5987=CARTESIAN_POINT('',(-9.04770519911888,-74.2761314984633,31.));
#5988=CARTESIAN_POINT('',(101.67661042135,-74.2761314984633,31.));
#5989=CARTESIAN_POINT('',(-9.04770519911888,-74.2761314984633,33.9935886896179));
#5990=CARTESIAN_POINT('',(-9.04770519911888,-74.2761314984633,32.496794344809));
#5991=CARTESIAN_POINT('',(-7.04770519911888,-74.2761314984633,33.9935886896179));
#5992=CARTESIAN_POINT('',(-8.05036928259361,-74.2761314984633,33.9935886896179));
#5993=CARTESIAN_POINT('',(-7.04770519911889,-74.2761314984633,31.000001472421));
#5994=CARTESIAN_POINT('',(-7.04770519911888,-74.2761314984633,12.996794344809));
#5995=CARTESIAN_POINT('',(-4.34400149541518,-74.2761314984633,31.));
#5996=CARTESIAN_POINT('',(101.67661042135,-74.2761314984633,31.));
#5997=CARTESIAN_POINT('',(-4.34400149541518,-74.2761314984633,33.9935886896179));
#5998=CARTESIAN_POINT('',(-4.34400149541518,-74.2761314984633,32.496794344809));
#5999=CARTESIAN_POINT('',(-2.34400149541518,-74.2761314984633,33.9935886896179));
#6000=CARTESIAN_POINT('',(-5.69851743074175,-74.2761314984633,33.9935886896179));
#6001=CARTESIAN_POINT('',(-2.34400149541518,-74.2761314984633,31.000001472421));
#6002=CARTESIAN_POINT('',(-2.34400149541518,-74.2761314984633,12.996794344809));
#6003=CARTESIAN_POINT('',(0.359702208288528,-74.2761314984633,31.));
#6004=CARTESIAN_POINT('',(101.67661042135,-74.2761314984633,31.));
#6005=CARTESIAN_POINT('',(0.359702208288525,-74.2761314984633,33.9935886896179));
#6006=CARTESIAN_POINT('',(0.359702208288525,-74.2761314984633,32.496794344809));
#6007=CARTESIAN_POINT('',(2.35970220828852,-74.2761314984633,33.9935886896179));
#6008=CARTESIAN_POINT('',(-3.3466655788899,-74.2761314984633,33.9935886896179));
#6009=CARTESIAN_POINT('',(2.35970220828852,-74.2761314984633,31.000001472421));
#6010=CARTESIAN_POINT('',(2.35970220828853,-74.2761314984633,12.996794344809));
#6011=CARTESIAN_POINT('',(5.06340591199223,-74.2761314984633,31.));
#6012=CARTESIAN_POINT('',(101.67661042135,-74.2761314984633,31.));
#6013=CARTESIAN_POINT('',(5.06340591199223,-74.2761314984633,33.9935886896179));
#6014=CARTESIAN_POINT('',(5.06340591199223,-74.2761314984633,32.496794344809));
#6015=CARTESIAN_POINT('',(7.06340591199223,-74.2761314984633,33.9935886896179));
#6016=CARTESIAN_POINT('',(-0.994813727038052,-74.2761314984633,33.9935886896179));
#6017=CARTESIAN_POINT('',(7.06340591199223,-74.2761314984633,31.000001472421));
#6018=CARTESIAN_POINT('',(7.06340591199223,-74.2761314984633,12.996794344809));
#6019=CARTESIAN_POINT('',(9.76710961569593,-74.2761314984633,31.));
#6020=CARTESIAN_POINT('',(101.67661042135,-74.2761314984633,31.));
#6021=CARTESIAN_POINT('',(9.76710961569593,-74.2761314984633,33.9935886896179));
#6022=CARTESIAN_POINT('',(9.76710961569593,-74.2761314984633,32.496794344809));
#6023=CARTESIAN_POINT('',(11.7671096156959,-74.2761314984633,33.9935886896179));
#6024=CARTESIAN_POINT('',(1.3570381248138,-74.2761314984633,33.9935886896179));
#6025=CARTESIAN_POINT('',(11.7671096156959,-74.2761314984633,31.000001472421));
#6026=CARTESIAN_POINT('',(11.7671096156959,-74.2761314984633,12.996794344809));
#6027=CARTESIAN_POINT('',(14.4708133193996,-74.2761314984633,31.));
#6028=CARTESIAN_POINT('',(101.67661042135,-74.2761314984633,31.));
#6029=CARTESIAN_POINT('',(14.4708133193996,-74.2761314984633,33.9935886896179));
#6030=CARTESIAN_POINT('',(14.4708133193996,-74.2761314984633,32.496794344809));
#6031=CARTESIAN_POINT('',(16.4708133193996,-74.2761314984633,33.9935886896179));
#6032=CARTESIAN_POINT('',(3.70888997666565,-74.2761314984633,33.9935886896179));
#6033=CARTESIAN_POINT('',(16.4708133193996,-74.2761314984633,31.000001472421));
#6034=CARTESIAN_POINT('',(16.4708133193996,-74.2761314984633,13.));
#6035=CARTESIAN_POINT('',(19.1745170231033,-74.2761314984633,31.));
#6036=CARTESIAN_POINT('',(101.67661042135,-74.2761314984633,31.));
#6037=CARTESIAN_POINT('',(19.1745170231033,-74.2761314984633,33.9935886896179));
#6038=CARTESIAN_POINT('',(19.1745170231033,-74.2761314984633,32.496794344809));
#6039=CARTESIAN_POINT('',(21.1745170231033,-74.2761314984633,33.9935886896179));
#6040=CARTESIAN_POINT('',(6.0607418285175,-74.2761314984633,33.9935886896179));
#6041=CARTESIAN_POINT('',(21.1745170231033,-74.2761314984633,31.));
#6042=CARTESIAN_POINT('',(21.1745170231033,-74.2761314984633,25.3893683370576));
#6043=CARTESIAN_POINT('',(23.878220726807,-74.2761314984633,31.));
#6044=CARTESIAN_POINT('',(101.67661042135,-74.2761314984633,31.));
#6045=CARTESIAN_POINT('',(23.878220726807,-74.2761314984633,33.9935886896179));
#6046=CARTESIAN_POINT('',(23.878220726807,-74.2761314984633,32.496794344809));
#6047=CARTESIAN_POINT('',(25.878220726807,-74.2761314984633,33.9935886896179));
#6048=CARTESIAN_POINT('',(8.41259368036935,-74.2761314984633,33.9935886896179));
#6049=CARTESIAN_POINT('',(25.878220726807,-74.2761314984633,31.000001472421));
#6050=CARTESIAN_POINT('',(25.878220726807,-74.2761314984633,25.3893683370576));
#6051=CARTESIAN_POINT('',(28.5819244305107,-74.2761314984633,31.));
#6052=CARTESIAN_POINT('',(101.67661042135,-74.2761314984633,31.));
#6053=CARTESIAN_POINT('',(28.5819244305107,-74.2761314984633,33.9935886896179));
#6054=CARTESIAN_POINT('',(28.5819244305107,-74.2761314984633,32.496794344809));
#6055=CARTESIAN_POINT('',(30.5819244305107,-74.2761314984633,33.9935886896179));
#6056=CARTESIAN_POINT('',(10.7644455322212,-74.2761314984633,33.9935886896179));
#6057=CARTESIAN_POINT('',(30.5819244305107,-74.2761314984633,31.));
#6058=CARTESIAN_POINT('',(30.5819244305107,-74.2761314984633,25.3893683370576));
#6059=CARTESIAN_POINT('',(33.2856281342144,-74.2761314984633,31.));
#6060=CARTESIAN_POINT('',(101.67661042135,-74.2761314984633,31.));
#6061=CARTESIAN_POINT('',(33.2856281342144,-74.2761314984633,33.9935886896179));
#6062=CARTESIAN_POINT('',(33.2856281342144,-74.2761314984633,32.496794344809));
#6063=CARTESIAN_POINT('',(35.2856281342144,-74.2761314984633,33.9935886896179));
#6064=CARTESIAN_POINT('',(13.1162973840731,-74.2761314984633,33.9935886896179));
#6065=CARTESIAN_POINT('',(35.2856281342144,-74.2761314984633,31.000001472421));
#6066=CARTESIAN_POINT('',(35.2856281342144,-74.2761314984633,25.3893683370576));
#6067=CARTESIAN_POINT('',(37.9893318379181,-74.2761314984633,31.));
#6068=CARTESIAN_POINT('',(101.67661042135,-74.2761314984633,31.));
#6069=CARTESIAN_POINT('',(37.9893318379181,-74.2761314984633,33.9935886896179));
#6070=CARTESIAN_POINT('',(37.9893318379181,-74.2761314984633,32.496794344809));
#6071=CARTESIAN_POINT('',(39.9893318379181,-74.2761314984633,33.9935886896179));
#6072=CARTESIAN_POINT('',(15.4681492359249,-74.2761314984633,33.9935886896179));
#6073=CARTESIAN_POINT('',(39.9893318379181,-74.2761314984633,31.));
#6074=CARTESIAN_POINT('',(39.9893318379181,-74.2761314984633,25.3893683370576));
#6075=CARTESIAN_POINT('',(42.6930355416219,-74.2761314984633,31.));
#6076=CARTESIAN_POINT('',(101.67661042135,-74.2761314984633,31.));
#6077=CARTESIAN_POINT('',(42.6930355416219,-74.2761314984633,33.9935886896179));
#6078=CARTESIAN_POINT('',(42.6930355416219,-74.2761314984633,32.496794344809));
#6079=CARTESIAN_POINT('',(44.6930355416218,-74.2761314984633,33.9935886896179));
#6080=CARTESIAN_POINT('',(17.8200010877768,-74.2761314984633,33.9935886896179));
#6081=CARTESIAN_POINT('',(44.6930355416218,-74.2761314984633,31.000001472421));
#6082=CARTESIAN_POINT('',(44.6930355416218,-74.2761314984633,25.3893683370576));
#6083=CARTESIAN_POINT('',(47.3967392453255,-74.2761314984633,31.));
#6084=CARTESIAN_POINT('',(101.67661042135,-74.2761314984633,31.));
#6085=CARTESIAN_POINT('',(47.3967392453255,-74.2761314984633,33.9935886896179));
#6086=CARTESIAN_POINT('',(47.3967392453255,-74.2761314984633,32.496794344809));
#6087=CARTESIAN_POINT('',(49.3967392453255,-74.2761314984633,33.9935886896179));
#6088=CARTESIAN_POINT('',(20.1718529396286,-74.2761314984633,33.9935886896179));
#6089=CARTESIAN_POINT('',(49.3967392453255,-74.2761314984633,31.));
#6090=CARTESIAN_POINT('',(49.3967392453255,-74.2761314984633,25.3893683370576));
#6091=CARTESIAN_POINT('',(52.1004429490293,-74.2761314984633,31.));
#6092=CARTESIAN_POINT('',(101.67661042135,-74.2761314984633,31.));
#6093=CARTESIAN_POINT('',(52.1004429490293,-74.2761314984633,33.9935886896179));
#6094=CARTESIAN_POINT('',(52.1004429490293,-74.2761314984633,32.496794344809));
#6095=CARTESIAN_POINT('',(54.1004429490292,-74.2761314984633,33.9935886896179));
#6096=CARTESIAN_POINT('',(22.5237047914805,-74.2761314984633,33.9935886896179));
#6097=CARTESIAN_POINT('',(54.1004429490292,-74.2761314984633,31.000001472421));
#6098=CARTESIAN_POINT('',(54.1004429490292,-74.2761314984633,25.3893683370576));
#6099=CARTESIAN_POINT('',(56.804146652733,-74.2761314984633,31.));
#6100=CARTESIAN_POINT('',(101.67661042135,-74.2761314984633,31.));
#6101=CARTESIAN_POINT('',(56.804146652733,-74.2761314984633,33.9935886896179));
#6102=CARTESIAN_POINT('',(56.804146652733,-74.2761314984633,32.496794344809));
#6103=CARTESIAN_POINT('',(58.804146652733,-74.2761314984633,33.9935886896179));
#6104=CARTESIAN_POINT('',(24.8755566433323,-74.2761314984633,33.9935886896179));
#6105=CARTESIAN_POINT('',(58.804146652733,-74.2761314984633,31.000001472421));
#6106=CARTESIAN_POINT('',(58.804146652733,-74.2761314984633,25.3893683370576));
#6107=CARTESIAN_POINT('',(61.5078503564367,-74.2761314984633,31.));
#6108=CARTESIAN_POINT('',(101.67661042135,-74.2761314984633,31.));
#6109=CARTESIAN_POINT('',(61.5078503564367,-74.2761314984633,33.9935886896179));
#6110=CARTESIAN_POINT('',(61.5078503564367,-74.2761314984633,32.496794344809));
#6111=CARTESIAN_POINT('',(63.5078503564367,-74.2761314984633,33.9935886896179));
#6112=CARTESIAN_POINT('',(27.2274084951842,-74.2761314984633,33.9935886896179));
#6113=CARTESIAN_POINT('',(63.5078503564367,-74.2761314984633,31.000001472421));
#6114=CARTESIAN_POINT('',(63.5078503564367,-74.2761314984633,25.3893683370576));
#6115=CARTESIAN_POINT('',(66.2115540601404,-74.2761314984633,31.));
#6116=CARTESIAN_POINT('',(101.67661042135,-74.2761314984633,31.));
#6117=CARTESIAN_POINT('',(66.2115540601404,-74.2761314984633,33.9935886896179));
#6118=CARTESIAN_POINT('',(66.2115540601404,-74.2761314984633,32.496794344809));
#6119=CARTESIAN_POINT('',(68.2115540601404,-74.2761314984633,33.9935886896179));
#6120=CARTESIAN_POINT('',(29.579260347036,-74.2761314984633,33.9935886896179));
#6121=CARTESIAN_POINT('',(68.2115540601404,-74.2761314984633,31.));
#6122=CARTESIAN_POINT('',(68.2115540601404,-74.2761314984633,25.3893683370576));
#6123=CARTESIAN_POINT('',(101.67661042135,-74.2761314984633,31.));
#6124=CARTESIAN_POINT('Origin',(46.4522948008811,12.1195558572518,14.496794344809));
#6125=CARTESIAN_POINT('',(16.4708133193996,12.1195558572518,31.000001472421));
#6126=CARTESIAN_POINT('',(14.4708133193996,12.1195558572518,31.000001472421));
#6127=CARTESIAN_POINT('',(18.5033742582471,12.1195558572518,31.000001472421));
#6128=CARTESIAN_POINT('',(14.4708133193996,12.1195558572518,33.9935886896179));
#6129=CARTESIAN_POINT('',(14.4708133193996,12.1195558572518,4.74839717240448));
#6130=CARTESIAN_POINT('',(16.4708133193996,12.1195558572518,33.9935886896179));
#6131=CARTESIAN_POINT('',(30.4615540601404,12.1195558572518,33.9935886896179));
#6132=CARTESIAN_POINT('',(16.4708133193996,12.1195558572518,24.2451915172134));
#6133=CARTESIAN_POINT('Origin',(16.4708133193996,10.1195558572518,33.9935886896179));
#6134=CARTESIAN_POINT('',(16.4708133193996,-32.0782878206058,31.000001472421));
#6135=CARTESIAN_POINT('',(16.4708133193996,10.1195558572518,33.9935886896179));
#6136=CARTESIAN_POINT('Origin',(14.4708133193996,10.1195558572518,33.9935886896179));
#6137=CARTESIAN_POINT('',(14.4708133193996,10.1195558572518,33.9935886896179));
#6138=CARTESIAN_POINT('Origin',(14.4708133193996,10.1195558572518,-5.));
#6139=CARTESIAN_POINT('',(14.4708133193996,-32.0782878206058,31.000001472421));
#6140=CARTESIAN_POINT('Origin',(33.2856281342144,-74.2761314984633,33.9935886896179));
#6141=CARTESIAN_POINT('',(33.2856281342144,-76.2761314984633,31.000001472421));
#6142=CARTESIAN_POINT('',(33.2856281342144,-52.1511985687863,31.));
#6143=CARTESIAN_POINT('',(33.2856281342144,-76.2761314984633,33.9935886896179));
#6144=CARTESIAN_POINT('',(33.2856281342144,-76.2761314984633,-5.00641131038207));
#6145=CARTESIAN_POINT('',(33.2856281342144,-74.2761314984633,33.9935886896179));
#6146=CARTESIAN_POINT('Origin',(34.2856281342144,-76.2761314984633,26.8861626818666));
#6147=CARTESIAN_POINT('',(35.2856281342144,-76.2761314984633,31.000001472421));
#6148=CARTESIAN_POINT('',(67.9878164821151,-76.2761314984633,31.000001472421));
#6149=CARTESIAN_POINT('',(35.2856281342144,-76.2761314984633,33.9935886896179));
#6150=CARTESIAN_POINT('',(35.2856281342144,-76.2761314984633,33.9935886896179));
#6151=CARTESIAN_POINT('',(33.2856281342144,-76.2761314984633,33.9935886896179));
#6152=CARTESIAN_POINT('Origin',(35.2856281342144,-74.2761314984633,33.9935886896179));
#6153=CARTESIAN_POINT('',(35.2856281342144,-74.2761314984633,33.9935886896179));
#6154=CARTESIAN_POINT('Origin',(35.2856281342144,-74.2761314984633,19.7787366741153));
#6155=CARTESIAN_POINT('',(35.2856281342144,-74.2761314984633,31.000001472421));
#6156=CARTESIAN_POINT('Origin',(14.4708133193996,-74.2761314984633,33.9935886896179));
#6157=CARTESIAN_POINT('',(14.4708133193996,-76.2761314984633,31.000001472421));
#6158=CARTESIAN_POINT('',(14.4708133193996,-52.1511985687863,31.));
#6159=CARTESIAN_POINT('',(14.4708133193996,-76.2761314984633,33.9935886896179));
#6160=CARTESIAN_POINT('',(14.4708133193996,-76.2761314984633,-5.00641131038207));
#6161=CARTESIAN_POINT('',(14.4708133193996,-74.2761314984633,33.9935886896179));
#6162=CARTESIAN_POINT('Origin',(15.4708133193996,-76.2761314984633,14.496794344809));
#6163=CARTESIAN_POINT('',(16.4708133193996,-76.2761314984633,31.000001472421));
#6164=CARTESIAN_POINT('',(58.5804090747077,-76.2761314984633,31.000001472421));
#6165=CARTESIAN_POINT('',(16.4708133193996,-76.2761314984633,33.9935886896179));
#6166=CARTESIAN_POINT('',(16.4708133193996,-76.2761314984633,33.9935886896179));
#6167=CARTESIAN_POINT('',(14.4708133193996,-76.2761314984633,33.9935886896179));
#6168=CARTESIAN_POINT('Origin',(16.4708133193996,-74.2761314984633,33.9935886896179));
#6169=CARTESIAN_POINT('',(16.4708133193996,-74.2761314984633,33.9935886896179));
#6170=CARTESIAN_POINT('Origin',(16.4708133193996,-74.2761314984633,-5.));
#6171=CARTESIAN_POINT('',(16.4708133193996,-74.2761314984633,31.000001472421));
#6172=CARTESIAN_POINT('Origin',(46.4522948008811,12.1195558572518,14.496794344809));
#6173=CARTESIAN_POINT('',(2.35970220828852,12.1195558572518,31.000001472421));
#6174=CARTESIAN_POINT('',(0.359702208288528,12.1195558572518,31.000001472421));
#6175=CARTESIAN_POINT('',(18.5033742582471,12.1195558572518,31.000001472421));
#6176=CARTESIAN_POINT('',(0.359702208288525,12.1195558572518,33.9935886896179));
#6177=CARTESIAN_POINT('',(0.359702208288528,12.1195558572518,4.74839717240448));
#6178=CARTESIAN_POINT('',(2.35970220828852,12.1195558572518,33.9935886896179));
#6179=CARTESIAN_POINT('',(23.4059985045848,12.1195558572518,33.9935886896179));
#6180=CARTESIAN_POINT('',(2.35970220828852,12.1195558572518,24.2451915172134));
#6181=CARTESIAN_POINT('Origin',(2.35970220828852,10.1195558572518,33.9935886896179));
#6182=CARTESIAN_POINT('',(2.35970220828852,-32.0782878206058,31.000001472421));
#6183=CARTESIAN_POINT('',(2.35970220828852,10.1195558572518,33.9935886896179));
#6184=CARTESIAN_POINT('Origin',(0.359702208288524,10.1195558572518,33.9935886896179));
#6185=CARTESIAN_POINT('',(0.359702208288525,10.1195558572518,33.9935886896179));
#6186=CARTESIAN_POINT('Origin',(0.359702208288528,10.1195558572518,-5.));
#6187=CARTESIAN_POINT('',(0.359702208288528,-32.0782878206058,31.000001472421));
#6188=CARTESIAN_POINT('Origin',(46.4522948008811,12.1195558572518,14.496794344809));
#6189=CARTESIAN_POINT('',(21.1745170231033,12.1195558572518,31.000001472421));
#6190=CARTESIAN_POINT('',(19.1745170231033,12.1195558572518,31.000001472421));
#6191=CARTESIAN_POINT('',(18.5033742582471,12.1195558572518,31.000001472421));
#6192=CARTESIAN_POINT('',(19.1745170231033,12.1195558572518,33.9935886896179));
#6193=CARTESIAN_POINT('',(19.1745170231033,12.1195558572518,4.74839717240448));
#6194=CARTESIAN_POINT('',(21.1745170231033,12.1195558572518,33.9935886896179));
#6195=CARTESIAN_POINT('',(32.8134059119922,12.1195558572518,33.9935886896179));
#6196=CARTESIAN_POINT('',(21.1745170231033,12.1195558572518,24.2451915172134));
#6197=CARTESIAN_POINT('Origin',(21.1745170231033,10.1195558572518,33.9935886896179));
#6198=CARTESIAN_POINT('',(21.1745170231033,-32.0782878206058,31.000001472421));
#6199=CARTESIAN_POINT('',(21.1745170231033,10.1195558572518,33.9935886896179));
#6200=CARTESIAN_POINT('Origin',(19.1745170231033,10.1195558572518,33.9935886896179));
#6201=CARTESIAN_POINT('',(19.1745170231033,10.1195558572518,33.9935886896179));
#6202=CARTESIAN_POINT('Origin',(19.1745170231033,10.1195558572518,-5.));
#6203=CARTESIAN_POINT('',(19.1745170231033,-32.0782878206058,31.000001472421));
#6204=CARTESIAN_POINT('Origin',(49.3967392453255,10.1195558572518,33.9935886896179));
#6205=CARTESIAN_POINT('',(49.3967392453255,12.1195558572518,31.000001472421));
#6206=CARTESIAN_POINT('',(49.3967392453255,-32.0782878206058,31.000001472421));
#6207=CARTESIAN_POINT('',(49.3967392453255,12.1195558572518,33.9935886896179));
#6208=CARTESIAN_POINT('',(49.3967392453255,12.1195558572518,24.2451915172134));
#6209=CARTESIAN_POINT('',(49.3967392453255,10.1195558572518,33.9935886896179));
#6210=CARTESIAN_POINT('Origin',(47.3967392453255,10.1195558572518,33.9935886896179));
#6211=CARTESIAN_POINT('',(47.3967392453255,12.1195558572518,33.9935886896179));
#6212=CARTESIAN_POINT('',(46.9245170231033,12.1195558572518,33.9935886896179));
#6213=CARTESIAN_POINT('',(47.3967392453255,10.1195558572518,33.9935886896179));
#6214=CARTESIAN_POINT('Origin',(47.3967392453255,10.1195558572518,-5.));
#6215=CARTESIAN_POINT('',(47.3967392453255,12.1195558572518,31.000001472421));
#6216=CARTESIAN_POINT('',(47.3967392453255,-32.0782878206058,31.000001472421));
#6217=CARTESIAN_POINT('',(47.3967392453255,12.1195558572518,4.74839717240448));
#6218=CARTESIAN_POINT('Origin',(46.4522948008811,12.1195558572518,14.496794344809));
#6219=CARTESIAN_POINT('',(18.5033742582471,12.1195558572518,31.000001472421));
#6220=CARTESIAN_POINT('Origin',(-4.34400149541518,10.1195558572518,-5.));
#6221=CARTESIAN_POINT('',(-4.34400149541518,12.1195558572518,31.000001472421));
#6222=CARTESIAN_POINT('',(-4.34400149541518,-32.0782878206058,31.000001472421));
#6223=CARTESIAN_POINT('',(-4.34400149541518,12.1195558572518,33.9935886896179));
#6224=CARTESIAN_POINT('',(-4.34400149541518,10.1195558572518,33.9935886896179));
#6225=CARTESIAN_POINT('',(-4.34400149541518,12.1195558572518,4.74839717240448));
#6226=CARTESIAN_POINT('Origin',(-4.34400149541518,10.1195558572518,33.9935886896179));
#6227=CARTESIAN_POINT('',(-2.34400149541518,12.1195558572518,33.9935886896179));
#6228=CARTESIAN_POINT('',(-2.34400149541518,10.1195558572518,33.9935886896179));
#6229=CARTESIAN_POINT('',(21.054146652733,12.1195558572518,33.9935886896179));
#6230=CARTESIAN_POINT('Origin',(-2.34400149541518,10.1195558572518,33.9935886896179));
#6231=CARTESIAN_POINT('',(-2.34400149541518,12.1195558572518,31.000001472421));
#6232=CARTESIAN_POINT('',(-2.34400149541518,-32.0782878206058,31.000001472421));
#6233=CARTESIAN_POINT('',(-2.34400149541518,12.1195558572518,24.2451915172134));
#6234=CARTESIAN_POINT('Origin',(46.4522948008811,12.1195558572518,14.496794344809));
#6235=CARTESIAN_POINT('',(18.5033742582471,12.1195558572518,31.000001472421));
#6236=CARTESIAN_POINT('Origin',(46.4522948008811,12.1195558572518,14.496794344809));
#6237=CARTESIAN_POINT('',(7.06340591199223,12.1195558572518,31.000001472421));
#6238=CARTESIAN_POINT('',(5.06340591199223,12.1195558572518,31.000001472421));
#6239=CARTESIAN_POINT('',(18.5033742582471,12.1195558572518,31.000001472421));
#6240=CARTESIAN_POINT('',(5.06340591199223,12.1195558572518,33.9935886896179));
#6241=CARTESIAN_POINT('',(5.06340591199223,12.1195558572518,4.74839717240448));
#6242=CARTESIAN_POINT('',(7.06340591199223,12.1195558572518,33.9935886896179));
#6243=CARTESIAN_POINT('',(25.7578503564367,12.1195558572518,33.9935886896179));
#6244=CARTESIAN_POINT('',(7.06340591199223,12.1195558572518,24.2451915172134));
#6245=CARTESIAN_POINT('Origin',(7.06340591199223,10.1195558572518,33.9935886896179));
#6246=CARTESIAN_POINT('',(7.06340591199223,-32.0782878206058,31.000001472421));
#6247=CARTESIAN_POINT('',(7.06340591199223,10.1195558572518,33.9935886896179));
#6248=CARTESIAN_POINT('Origin',(5.06340591199223,10.1195558572518,33.9935886896179));
#6249=CARTESIAN_POINT('',(5.06340591199223,10.1195558572518,33.9935886896179));
#6250=CARTESIAN_POINT('Origin',(5.06340591199223,10.1195558572518,-5.));
#6251=CARTESIAN_POINT('',(5.06340591199223,-32.0782878206058,31.000001472421));
#6252=CARTESIAN_POINT('Origin',(-7.04770519911888,-74.2761314984633,-5.00641131038207));
#6253=CARTESIAN_POINT('',(-7.04770519911888,-76.2761314984633,33.9935886896179));
#6254=CARTESIAN_POINT('',(-7.04770519911888,-74.2761314984633,33.9935886896179));
#6255=CARTESIAN_POINT('',(-7.04770519911888,-76.2761314984633,31.000001472421));
#6256=CARTESIAN_POINT('',(-7.04770519911888,-76.2761314984633,33.9935886896179));
#6257=CARTESIAN_POINT('',(-7.04770519911889,-74.2761314984633,31.000001472421));
#6258=CARTESIAN_POINT('Origin',(-8.04770519911888,-76.2761314984633,14.4935886896179));
#6259=CARTESIAN_POINT('',(-9.04770519911888,-76.2761314984633,31.000001472421));
#6260=CARTESIAN_POINT('',(46.8211498154485,-76.2761314984633,31.000001472421));
#6261=CARTESIAN_POINT('',(-9.04770519911888,-76.2761314984633,33.9935886896179));
#6262=CARTESIAN_POINT('',(-9.04770519911888,-76.2761314984633,33.9935886896179));
#6263=CARTESIAN_POINT('',(-9.04770519911888,-76.2761314984633,-5.00641131038207));
#6264=CARTESIAN_POINT('Origin',(-9.04770519911888,-74.2761314984633,33.9935886896179));
#6265=CARTESIAN_POINT('',(-9.04770519911888,-52.1511985687863,31.));
#6266=CARTESIAN_POINT('',(-9.04770519911888,-74.2761314984633,33.9935886896179));
#6267=CARTESIAN_POINT('Origin',(-7.04770519911888,-74.2761314984633,33.9935886896179));
#6268=CARTESIAN_POINT('Origin',(0.359702208288525,-74.2761314984633,33.9935886896179));
#6269=CARTESIAN_POINT('',(0.359702208288525,-76.2761314984633,31.000001472421));
#6270=CARTESIAN_POINT('',(0.359702208288528,-52.1511985687863,31.));
#6271=CARTESIAN_POINT('',(0.359702208288525,-76.2761314984633,33.9935886896179));
#6272=CARTESIAN_POINT('',(0.359702208288525,-76.2761314984633,-5.00641131038207));
#6273=CARTESIAN_POINT('',(0.359702208288525,-74.2761314984633,33.9935886896179));
#6274=CARTESIAN_POINT('Origin',(1.35970220828852,-76.2761314984633,14.4935886896179));
#6275=CARTESIAN_POINT('',(2.35970220828852,-76.2761314984633,31.000001472421));
#6276=CARTESIAN_POINT('',(51.5248535191522,-76.2761314984633,31.000001472421));
#6277=CARTESIAN_POINT('',(2.35970220828852,-76.2761314984633,33.9935886896179));
#6278=CARTESIAN_POINT('',(2.35970220828852,-76.2761314984633,33.9935886896179));
#6279=CARTESIAN_POINT('',(0.359702208288525,-76.2761314984633,33.9935886896179));
#6280=CARTESIAN_POINT('Origin',(2.35970220828852,-74.2761314984633,33.9935886896179));
#6281=CARTESIAN_POINT('',(2.35970220828852,-74.2761314984633,33.9935886896179));
#6282=CARTESIAN_POINT('Origin',(2.35970220828852,-74.2761314984633,-5.00641131038207));
#6283=CARTESIAN_POINT('',(2.35970220828852,-74.2761314984633,31.000001472421));
#6284=CARTESIAN_POINT('Origin',(33.2856281342144,10.1195558572518,-5.));
#6285=CARTESIAN_POINT('',(33.2856281342144,12.1195558572518,31.000001472421));
#6286=CARTESIAN_POINT('',(33.2856281342144,-32.0782878206058,31.000001472421));
#6287=CARTESIAN_POINT('',(33.2856281342144,12.1195558572518,33.9935886896179));
#6288=CARTESIAN_POINT('',(33.2856281342144,10.1195558572518,33.9935886896179));
#6289=CARTESIAN_POINT('',(33.2856281342144,12.1195558572518,4.74839717240448));
#6290=CARTESIAN_POINT('Origin',(33.2856281342144,10.1195558572518,33.9935886896179));
#6291=CARTESIAN_POINT('',(35.2856281342144,12.1195558572518,33.9935886896179));
#6292=CARTESIAN_POINT('',(35.2856281342144,10.1195558572518,33.9935886896179));
#6293=CARTESIAN_POINT('',(39.8689614675478,12.1195558572518,33.9935886896179));
#6294=CARTESIAN_POINT('Origin',(35.2856281342144,10.1195558572518,33.9935886896179));
#6295=CARTESIAN_POINT('',(35.2856281342144,12.1195558572518,31.000001472421));
#6296=CARTESIAN_POINT('',(35.2856281342144,-32.0782878206058,31.000001472421));
#6297=CARTESIAN_POINT('',(35.2856281342144,12.1195558572518,24.2451915172134));
#6298=CARTESIAN_POINT('Origin',(46.4522948008811,12.1195558572518,14.496794344809));
#6299=CARTESIAN_POINT('',(18.5033742582471,12.1195558572518,31.000001472421));
#6300=CARTESIAN_POINT('Origin',(56.804146652733,10.1195558572518,-5.));
#6301=CARTESIAN_POINT('',(56.804146652733,12.1195558572518,31.000001472421));
#6302=CARTESIAN_POINT('',(56.804146652733,-32.0782878206058,31.000001472421));
#6303=CARTESIAN_POINT('',(56.804146652733,12.1195558572518,33.9935886896179));
#6304=CARTESIAN_POINT('',(56.804146652733,10.1195558572518,33.9935886896179));
#6305=CARTESIAN_POINT('',(56.804146652733,12.1195558572518,4.74839717240448));
#6306=CARTESIAN_POINT('Origin',(56.804146652733,10.1195558572518,33.9935886896179));
#6307=CARTESIAN_POINT('',(58.804146652733,12.1195558572518,33.9935886896179));
#6308=CARTESIAN_POINT('',(58.804146652733,10.1195558572518,33.9935886896179));
#6309=CARTESIAN_POINT('',(51.628220726807,12.1195558572518,33.9935886896179));
#6310=CARTESIAN_POINT('Origin',(58.804146652733,10.1195558572518,33.9935886896179));
#6311=CARTESIAN_POINT('',(58.804146652733,12.1195558572518,31.000001472421));
#6312=CARTESIAN_POINT('',(58.804146652733,-32.0782878206058,31.000001472421));
#6313=CARTESIAN_POINT('',(58.804146652733,12.1195558572518,24.2451915172134));
#6314=CARTESIAN_POINT('Origin',(46.4522948008811,12.1195558572518,14.496794344809));
#6315=CARTESIAN_POINT('',(18.5033742582471,12.1195558572518,31.000001472421));
#6316=CARTESIAN_POINT('Origin',(91.7300725786589,-74.2761314984633,-5.));
#6317=CARTESIAN_POINT('',(91.7300725786589,-76.2761314984633,33.9935886896179));
#6318=CARTESIAN_POINT('',(91.7300725786589,-74.2761314984633,33.9935886896179));
#6319=CARTESIAN_POINT('',(91.7300725786589,-76.2761314984633,31.000001472421));
#6320=CARTESIAN_POINT('',(91.7300725786589,-76.2761314984633,33.9935886896179));
#6321=CARTESIAN_POINT('',(91.7300725786589,-74.2761314984633,31.000001472421));
#6322=CARTESIAN_POINT('Origin',(89.7300725786589,-74.2761314984633,33.9935886896179));
#6323=CARTESIAN_POINT('',(89.7300725786589,-76.2761314984633,31.000001472421));
#6324=CARTESIAN_POINT('',(89.7300725786589,-52.1511985687863,31.));
#6325=CARTESIAN_POINT('',(89.7300725786589,-76.2761314984633,33.9935886896179));
#6326=CARTESIAN_POINT('',(89.7300725786589,-76.2761314984633,-5.00641131038207));
#6327=CARTESIAN_POINT('',(89.7300725786589,-74.2761314984633,33.9935886896179));
#6328=CARTESIAN_POINT('Origin',(91.7300725786589,-74.2761314984633,33.9935886896179));
#6329=CARTESIAN_POINT('',(89.7300725786589,-76.2761314984633,33.9935886896179));
#6330=CARTESIAN_POINT('Origin',(90.7300725786588,-76.2761314984633,14.496794344809));
#6331=CARTESIAN_POINT('',(96.2100387043373,-76.2761314984633,31.000001472421));
#6332=CARTESIAN_POINT('Origin',(11.7671096156959,-74.2761314984633,-5.00641131038207));
#6333=CARTESIAN_POINT('',(11.7671096156959,-76.2761314984633,33.9935886896179));
#6334=CARTESIAN_POINT('',(11.7671096156959,-74.2761314984633,33.9935886896179));
#6335=CARTESIAN_POINT('',(11.7671096156959,-76.2761314984633,31.000001472421));
#6336=CARTESIAN_POINT('',(11.7671096156959,-76.2761314984633,33.9935886896179));
#6337=CARTESIAN_POINT('',(11.7671096156959,-74.2761314984633,31.000001472421));
#6338=CARTESIAN_POINT('Origin',(9.76710961569593,-74.2761314984633,33.9935886896179));
#6339=CARTESIAN_POINT('',(9.76710961569593,-76.2761314984633,31.000001472421));
#6340=CARTESIAN_POINT('',(9.76710961569593,-52.1511985687863,31.));
#6341=CARTESIAN_POINT('',(9.76710961569593,-76.2761314984633,33.9935886896179));
#6342=CARTESIAN_POINT('',(9.76710961569593,-76.2761314984633,-5.00641131038207));
#6343=CARTESIAN_POINT('',(9.76710961569593,-74.2761314984633,33.9935886896179));
#6344=CARTESIAN_POINT('Origin',(11.7671096156959,-74.2761314984633,33.9935886896179));
#6345=CARTESIAN_POINT('',(9.76710961569593,-76.2761314984633,33.9935886896179));
#6346=CARTESIAN_POINT('Origin',(10.7671096156959,-76.2761314984633,14.4935886896179));
#6347=CARTESIAN_POINT('',(56.2285572228559,-76.2761314984633,31.000001472421));
#6348=CARTESIAN_POINT('Origin',(58.804146652733,-74.2761314984633,19.7787366741153));
#6349=CARTESIAN_POINT('',(58.804146652733,-76.2761314984633,33.9935886896179));
#6350=CARTESIAN_POINT('',(58.804146652733,-74.2761314984633,33.9935886896179));
#6351=CARTESIAN_POINT('',(58.804146652733,-76.2761314984633,31.000001472421));
#6352=CARTESIAN_POINT('',(58.804146652733,-76.2761314984633,33.9935886896179));
#6353=CARTESIAN_POINT('',(58.804146652733,-74.2761314984633,31.000001472421));
#6354=CARTESIAN_POINT('Origin',(56.804146652733,-74.2761314984633,33.9935886896179));
#6355=CARTESIAN_POINT('',(56.804146652733,-76.2761314984633,31.000001472421));
#6356=CARTESIAN_POINT('',(56.804146652733,-52.1511985687863,31.));
#6357=CARTESIAN_POINT('',(56.804146652733,-76.2761314984633,33.9935886896179));
#6358=CARTESIAN_POINT('',(56.804146652733,-76.2761314984633,-5.00641131038207));
#6359=CARTESIAN_POINT('',(56.804146652733,-74.2761314984633,33.9935886896179));
#6360=CARTESIAN_POINT('Origin',(58.804146652733,-74.2761314984633,33.9935886896179));
#6361=CARTESIAN_POINT('',(56.804146652733,-76.2761314984633,33.9935886896179));
#6362=CARTESIAN_POINT('Origin',(57.804146652733,-76.2761314984633,26.8861626818666));
#6363=CARTESIAN_POINT('',(79.7470757413744,-76.2761314984633,31.000001472421));
#6364=CARTESIAN_POINT('Origin',(44.6930355416218,10.1195558572518,33.9935886896179));
#6365=CARTESIAN_POINT('',(44.6930355416218,12.1195558572518,31.000001472421));
#6366=CARTESIAN_POINT('',(44.6930355416218,-32.0782878206058,31.000001472421));
#6367=CARTESIAN_POINT('',(44.6930355416218,12.1195558572518,33.9935886896179));
#6368=CARTESIAN_POINT('',(44.6930355416218,12.1195558572518,24.2451915172134));
#6369=CARTESIAN_POINT('',(44.6930355416218,10.1195558572518,33.9935886896179));
#6370=CARTESIAN_POINT('Origin',(42.6930355416219,10.1195558572518,33.9935886896179));
#6371=CARTESIAN_POINT('',(42.6930355416219,12.1195558572518,33.9935886896179));
#6372=CARTESIAN_POINT('',(44.5726651712515,12.1195558572518,33.9935886896179));
#6373=CARTESIAN_POINT('',(42.6930355416219,10.1195558572518,33.9935886896179));
#6374=CARTESIAN_POINT('Origin',(42.6930355416219,10.1195558572518,-5.));
#6375=CARTESIAN_POINT('',(42.6930355416219,12.1195558572518,31.000001472421));
#6376=CARTESIAN_POINT('',(42.6930355416219,-32.0782878206058,31.000001472421));
#6377=CARTESIAN_POINT('',(42.6930355416219,12.1195558572518,4.74839717240448));
#6378=CARTESIAN_POINT('Origin',(46.4522948008811,12.1195558572518,14.496794344809));
#6379=CARTESIAN_POINT('',(18.5033742582471,12.1195558572518,31.000001472421));
#6380=CARTESIAN_POINT('Origin',(5.06340591199223,-74.2761314984633,33.9935886896179));
#6381=CARTESIAN_POINT('',(5.06340591199223,-76.2761314984633,31.000001472421));
#6382=CARTESIAN_POINT('',(5.06340591199223,-52.1511985687863,31.));
#6383=CARTESIAN_POINT('',(5.06340591199223,-76.2761314984633,33.9935886896179));
#6384=CARTESIAN_POINT('',(5.06340591199223,-76.2761314984633,-5.00641131038207));
#6385=CARTESIAN_POINT('',(5.06340591199223,-74.2761314984633,33.9935886896179));
#6386=CARTESIAN_POINT('Origin',(6.06340591199223,-76.2761314984633,14.4935886896179));
#6387=CARTESIAN_POINT('',(7.06340591199223,-76.2761314984633,31.000001472421));
#6388=CARTESIAN_POINT('',(53.876705371004,-76.2761314984633,31.000001472421));
#6389=CARTESIAN_POINT('',(7.06340591199223,-76.2761314984633,33.9935886896179));
#6390=CARTESIAN_POINT('',(7.06340591199223,-76.2761314984633,33.9935886896179));
#6391=CARTESIAN_POINT('',(5.06340591199223,-76.2761314984633,33.9935886896179));
#6392=CARTESIAN_POINT('Origin',(7.06340591199223,-74.2761314984633,33.9935886896179));
#6393=CARTESIAN_POINT('',(7.06340591199223,-74.2761314984633,33.9935886896179));
#6394=CARTESIAN_POINT('Origin',(7.06340591199223,-74.2761314984633,-5.00641131038207));
#6395=CARTESIAN_POINT('',(7.06340591199223,-74.2761314984633,31.000001472421));
#6396=CARTESIAN_POINT('Origin',(54.1004429490292,-74.2761314984633,19.7787366741153));
#6397=CARTESIAN_POINT('',(54.1004429490292,-76.2761314984633,33.9935886896179));
#6398=CARTESIAN_POINT('',(54.1004429490292,-74.2761314984633,33.9935886896179));
#6399=CARTESIAN_POINT('',(54.1004429490292,-76.2761314984633,31.000001472421));
#6400=CARTESIAN_POINT('',(54.1004429490292,-76.2761314984633,33.9935886896179));
#6401=CARTESIAN_POINT('',(54.1004429490292,-74.2761314984633,31.000001472421));
#6402=CARTESIAN_POINT('Origin',(52.1004429490293,-74.2761314984633,33.9935886896179));
#6403=CARTESIAN_POINT('',(52.1004429490293,-76.2761314984633,31.000001472421));
#6404=CARTESIAN_POINT('',(52.1004429490293,-52.1511985687863,31.));
#6405=CARTESIAN_POINT('',(52.1004429490293,-76.2761314984633,33.9935886896179));
#6406=CARTESIAN_POINT('',(52.1004429490293,-76.2761314984633,-5.00641131038207));
#6407=CARTESIAN_POINT('',(52.1004429490293,-74.2761314984633,33.9935886896179));
#6408=CARTESIAN_POINT('Origin',(54.1004429490292,-74.2761314984633,33.9935886896179));
#6409=CARTESIAN_POINT('',(52.1004429490293,-76.2761314984633,33.9935886896179));
#6410=CARTESIAN_POINT('Origin',(53.1004429490292,-76.2761314984633,26.8861626818666));
#6411=CARTESIAN_POINT('',(77.3952238895225,-76.2761314984633,31.000001472421));
#6412=CARTESIAN_POINT('Origin',(63.5078503564367,-74.2761314984633,19.7787366741153));
#6413=CARTESIAN_POINT('',(63.5078503564367,-76.2761314984633,33.9935886896179));
#6414=CARTESIAN_POINT('',(63.5078503564367,-74.2761314984633,33.9935886896179));
#6415=CARTESIAN_POINT('',(63.5078503564367,-76.2761314984633,31.000001472421));
#6416=CARTESIAN_POINT('',(63.5078503564367,-76.2761314984633,33.9935886896179));
#6417=CARTESIAN_POINT('',(63.5078503564367,-74.2761314984633,31.000001472421));
#6418=CARTESIAN_POINT('Origin',(61.5078503564367,-74.2761314984633,33.9935886896179));
#6419=CARTESIAN_POINT('',(61.5078503564367,-76.2761314984633,31.000001472421));
#6420=CARTESIAN_POINT('',(61.5078503564367,-52.1511985687863,31.));
#6421=CARTESIAN_POINT('',(61.5078503564367,-76.2761314984633,33.9935886896179));
#6422=CARTESIAN_POINT('',(61.5078503564367,-76.2761314984633,-5.00641131038207));
#6423=CARTESIAN_POINT('',(61.5078503564367,-74.2761314984633,33.9935886896179));
#6424=CARTESIAN_POINT('Origin',(63.5078503564367,-74.2761314984633,33.9935886896179));
#6425=CARTESIAN_POINT('',(61.5078503564367,-76.2761314984633,33.9935886896179));
#6426=CARTESIAN_POINT('Origin',(62.5078503564367,-76.2761314984633,26.8861626818666));
#6427=CARTESIAN_POINT('',(82.0989275932263,-76.2761314984633,31.000001472421));
#6428=CARTESIAN_POINT('Origin',(-4.34400149541518,-74.2761314984633,33.9935886896179));
#6429=CARTESIAN_POINT('',(-4.34400149541518,-76.2761314984633,31.000001472421));
#6430=CARTESIAN_POINT('',(-4.34400149541518,-52.1511985687863,31.));
#6431=CARTESIAN_POINT('',(-4.34400149541518,-76.2761314984633,33.9935886896179));
#6432=CARTESIAN_POINT('',(-4.34400149541518,-76.2761314984633,-5.00641131038207));
#6433=CARTESIAN_POINT('',(-4.34400149541518,-74.2761314984633,33.9935886896179));
#6434=CARTESIAN_POINT('Origin',(-3.34400149541518,-76.2761314984633,14.4935886896179));
#6435=CARTESIAN_POINT('',(-2.34400149541518,-76.2761314984633,31.000001472421));
#6436=CARTESIAN_POINT('',(49.1730016673003,-76.2761314984633,31.000001472421));
#6437=CARTESIAN_POINT('',(-2.34400149541518,-76.2761314984633,33.9935886896179));
#6438=CARTESIAN_POINT('',(-2.34400149541518,-76.2761314984633,33.9935886896179));
#6439=CARTESIAN_POINT('',(-4.34400149541518,-76.2761314984633,33.9935886896179));
#6440=CARTESIAN_POINT('Origin',(-2.34400149541518,-74.2761314984633,33.9935886896179));
#6441=CARTESIAN_POINT('',(-2.34400149541518,-74.2761314984633,33.9935886896179));
#6442=CARTESIAN_POINT('Origin',(-2.34400149541518,-74.2761314984633,-5.00641131038207));
#6443=CARTESIAN_POINT('',(-2.34400149541518,-74.2761314984633,31.000001472421));
#6444=CARTESIAN_POINT('Origin',(94.4337762823626,10.1195558572518,-5.));
#6445=CARTESIAN_POINT('',(94.4337762823626,12.1195558572518,31.000001472421));
#6446=CARTESIAN_POINT('',(94.4337762823626,-32.0782878206058,31.000001472421));
#6447=CARTESIAN_POINT('',(94.4337762823626,12.1195558572518,33.9935886896179));
#6448=CARTESIAN_POINT('',(94.4337762823626,10.1195558572518,33.9935886896179));
#6449=CARTESIAN_POINT('',(94.4337762823626,12.1195558572518,4.74839717240448));
#6450=CARTESIAN_POINT('Origin',(94.4337762823626,10.1195558572518,33.9935886896179));
#6451=CARTESIAN_POINT('',(96.4337762823626,12.1195558572518,33.9935886896179));
#6452=CARTESIAN_POINT('',(96.4337762823626,10.1195558572518,33.9935886896179));
#6453=CARTESIAN_POINT('',(70.4430355416218,12.1195558572518,33.9935886896179));
#6454=CARTESIAN_POINT('Origin',(96.4337762823626,10.1195558572518,33.9935886896179));
#6455=CARTESIAN_POINT('',(96.4337762823626,12.1195558572518,31.000001472421));
#6456=CARTESIAN_POINT('',(96.4337762823626,-32.0782878206058,31.000001472421));
#6457=CARTESIAN_POINT('',(96.4337762823626,12.1195558572518,24.2451915172134));
#6458=CARTESIAN_POINT('Origin',(46.4522948008811,12.1195558572518,14.496794344809));
#6459=CARTESIAN_POINT('',(18.5033742582471,12.1195558572518,31.000001472421));
#6460=CARTESIAN_POINT('Origin',(54.1004429490292,10.1195558572518,33.9935886896179));
#6461=CARTESIAN_POINT('',(54.1004429490292,12.1195558572518,31.000001472421));
#6462=CARTESIAN_POINT('',(54.1004429490292,-32.0782878206058,31.000001472421));
#6463=CARTESIAN_POINT('',(54.1004429490292,12.1195558572518,33.9935886896179));
#6464=CARTESIAN_POINT('',(54.1004429490292,12.1195558572518,24.2451915172134));
#6465=CARTESIAN_POINT('',(54.1004429490292,10.1195558572518,33.9935886896179));
#6466=CARTESIAN_POINT('Origin',(52.1004429490293,10.1195558572518,33.9935886896179));
#6467=CARTESIAN_POINT('',(52.1004429490293,12.1195558572518,33.9935886896179));
#6468=CARTESIAN_POINT('',(49.2763688749552,12.1195558572518,33.9935886896179));
#6469=CARTESIAN_POINT('',(52.1004429490293,10.1195558572518,33.9935886896179));
#6470=CARTESIAN_POINT('Origin',(52.1004429490293,10.1195558572518,-5.));
#6471=CARTESIAN_POINT('',(52.1004429490293,12.1195558572518,31.000001472421));
#6472=CARTESIAN_POINT('',(52.1004429490293,-32.0782878206058,31.000001472421));
#6473=CARTESIAN_POINT('',(52.1004429490293,12.1195558572518,4.74839717240448));
#6474=CARTESIAN_POINT('Origin',(46.4522948008811,12.1195558572518,14.496794344809));
#6475=CARTESIAN_POINT('',(18.5033742582471,12.1195558572518,31.000001472421));
#6476=CARTESIAN_POINT('Origin',(42.6930355416219,-74.2761314984633,33.9935886896179));
#6477=CARTESIAN_POINT('',(42.6930355416219,-76.2761314984633,31.000001472421));
#6478=CARTESIAN_POINT('',(42.6930355416219,-52.1511985687863,31.));
#6479=CARTESIAN_POINT('',(42.6930355416219,-76.2761314984633,33.9935886896179));
#6480=CARTESIAN_POINT('',(42.6930355416219,-76.2761314984633,-5.00641131038207));
#6481=CARTESIAN_POINT('',(42.6930355416219,-74.2761314984633,33.9935886896179));
#6482=CARTESIAN_POINT('Origin',(43.6930355416219,-76.2761314984633,26.8861626818666));
#6483=CARTESIAN_POINT('',(44.6930355416218,-76.2761314984633,31.000001472421));
#6484=CARTESIAN_POINT('',(72.6915201858188,-76.2761314984633,31.000001472421));
#6485=CARTESIAN_POINT('',(44.6930355416218,-76.2761314984633,33.9935886896179));
#6486=CARTESIAN_POINT('',(44.6930355416218,-76.2761314984633,33.9935886896179));
#6487=CARTESIAN_POINT('',(42.6930355416219,-76.2761314984633,33.9935886896179));
#6488=CARTESIAN_POINT('Origin',(44.6930355416218,-74.2761314984633,33.9935886896179));
#6489=CARTESIAN_POINT('',(44.6930355416218,-74.2761314984633,33.9935886896179));
#6490=CARTESIAN_POINT('Origin',(44.6930355416218,-74.2761314984633,19.7787366741153));
#6491=CARTESIAN_POINT('',(44.6930355416218,-74.2761314984633,31.000001472421));
#6492=CARTESIAN_POINT('Origin',(94.4337762823626,-74.2761314984633,33.9935886896179));
#6493=CARTESIAN_POINT('',(94.4337762823626,-76.2761314984633,31.000001472421));
#6494=CARTESIAN_POINT('',(94.4337762823626,-52.1511985687863,31.));
#6495=CARTESIAN_POINT('',(94.4337762823626,-76.2761314984633,33.9935886896179));
#6496=CARTESIAN_POINT('',(94.4337762823626,-76.2761314984633,-5.00641131038207));
#6497=CARTESIAN_POINT('',(94.4337762823626,-74.2761314984633,33.9935886896179));
#6498=CARTESIAN_POINT('Origin',(95.4337762823626,-76.2761314984633,14.496794344809));
#6499=CARTESIAN_POINT('',(96.4337762823626,-76.2761314984633,31.000001472421));
#6500=CARTESIAN_POINT('',(98.5618905561892,-76.2761314984633,31.000001472421));
#6501=CARTESIAN_POINT('',(96.4337762823626,-76.2761314984633,33.9935886896179));
#6502=CARTESIAN_POINT('',(96.4337762823626,-76.2761314984633,33.9935886896179));
#6503=CARTESIAN_POINT('',(94.4337762823626,-76.2761314984633,33.9935886896179));
#6504=CARTESIAN_POINT('Origin',(96.4337762823626,-74.2761314984633,33.9935886896179));
#6505=CARTESIAN_POINT('',(96.4337762823626,-74.2761314984633,33.9935886896179));
#6506=CARTESIAN_POINT('Origin',(96.4337762823626,-74.2761314984633,-5.));
#6507=CARTESIAN_POINT('',(96.4337762823626,-74.2761314984633,31.000001472421));
#6508=CARTESIAN_POINT('Origin',(28.5819244305107,10.1195558572518,-5.));
#6509=CARTESIAN_POINT('',(28.5819244305107,12.1195558572518,31.000001472421));
#6510=CARTESIAN_POINT('',(28.5819244305107,-32.0782878206058,31.000001472421));
#6511=CARTESIAN_POINT('',(28.5819244305107,12.1195558572518,33.9935886896179));
#6512=CARTESIAN_POINT('',(28.5819244305107,10.1195558572518,33.9935886896179));
#6513=CARTESIAN_POINT('',(28.5819244305107,12.1195558572518,4.74839717240448));
#6514=CARTESIAN_POINT('Origin',(28.5819244305107,10.1195558572518,33.9935886896179));
#6515=CARTESIAN_POINT('',(30.5819244305107,12.1195558572518,33.9935886896179));
#6516=CARTESIAN_POINT('',(30.5819244305107,10.1195558572518,33.9935886896179));
#6517=CARTESIAN_POINT('',(37.5171096156959,12.1195558572518,33.9935886896179));
#6518=CARTESIAN_POINT('Origin',(30.5819244305107,10.1195558572518,33.9935886896179));
#6519=CARTESIAN_POINT('',(30.5819244305107,12.1195558572518,31.000001472421));
#6520=CARTESIAN_POINT('',(30.5819244305107,-32.0782878206058,31.000001472421));
#6521=CARTESIAN_POINT('',(30.5819244305107,12.1195558572518,24.2451915172134));
#6522=CARTESIAN_POINT('Origin',(46.4522948008811,12.1195558572518,14.496794344809));
#6523=CARTESIAN_POINT('',(18.5033742582471,12.1195558572518,31.000001472421));
#6524=CARTESIAN_POINT('Origin',(89.7300725786589,10.1195558572518,-5.));
#6525=CARTESIAN_POINT('',(89.7300725786589,12.1195558572518,31.000001472421));
#6526=CARTESIAN_POINT('',(89.7300725786589,-32.0782878206058,31.000001472421));
#6527=CARTESIAN_POINT('',(89.7300725786589,12.1195558572518,33.9935886896179));
#6528=CARTESIAN_POINT('',(89.7300725786589,10.1195558572518,33.9935886896179));
#6529=CARTESIAN_POINT('',(89.7300725786589,12.1195558572518,4.74839717240448));
#6530=CARTESIAN_POINT('Origin',(89.7300725786589,10.1195558572518,33.9935886896179));
#6531=CARTESIAN_POINT('',(91.7300725786589,12.1195558572518,33.9935886896179));
#6532=CARTESIAN_POINT('',(91.7300725786589,10.1195558572518,33.9935886896179));
#6533=CARTESIAN_POINT('',(68.09118368977,12.1195558572518,33.9935886896179));
#6534=CARTESIAN_POINT('Origin',(91.7300725786589,10.1195558572518,33.9935886896179));
#6535=CARTESIAN_POINT('',(91.7300725786589,12.1195558572518,31.000001472421));
#6536=CARTESIAN_POINT('',(91.7300725786589,-32.0782878206058,31.000001472421));
#6537=CARTESIAN_POINT('',(91.7300725786589,12.1195558572518,24.2451915172134));
#6538=CARTESIAN_POINT('Origin',(46.4522948008811,12.1195558572518,14.496794344809));
#6539=CARTESIAN_POINT('',(18.5033742582471,12.1195558572518,31.000001472421));
#6540=CARTESIAN_POINT('Origin',(99.1374799860663,10.1195558572518,-5.));
#6541=CARTESIAN_POINT('',(99.1374799860663,12.1195558572518,31.000001472421));
#6542=CARTESIAN_POINT('',(99.1374799860663,-32.0782878206058,31.000001472421));
#6543=CARTESIAN_POINT('',(99.1374799860663,12.1195558572518,33.9935886896179));
#6544=CARTESIAN_POINT('',(99.1374799860663,10.1195558572518,33.9935886896179));
#6545=CARTESIAN_POINT('',(99.1374799860663,12.1195558572518,4.74839717240448));
#6546=CARTESIAN_POINT('Origin',(99.1374799860663,10.1195558572518,33.9935886896179));
#6547=CARTESIAN_POINT('',(101.137479986066,12.1195558572518,33.9935886896179));
#6548=CARTESIAN_POINT('',(101.137479986066,10.1195558572518,33.9935886896179));
#6549=CARTESIAN_POINT('',(72.7948873934737,12.1195558572518,33.9935886896179));
#6550=CARTESIAN_POINT('Origin',(101.137479986066,10.1195558572518,33.9935886896179));
#6551=CARTESIAN_POINT('',(101.137479986066,12.1195558572518,31.000001472421));
#6552=CARTESIAN_POINT('',(101.137479986066,-32.0782878206058,31.000001472421));
#6553=CARTESIAN_POINT('',(101.137479986066,12.1195558572518,24.2451915172134));
#6554=CARTESIAN_POINT('Origin',(46.4522948008811,12.1195558572518,14.496794344809));
#6555=CARTESIAN_POINT('',(18.5033742582471,12.1195558572518,31.000001472421));
#6556=CARTESIAN_POINT('Origin',(46.4522948008811,12.1195558572518,14.496794344809));
#6557=CARTESIAN_POINT('',(77.6189614675478,12.1195558572518,31.000001472421));
#6558=CARTESIAN_POINT('',(75.6189614675477,12.1195558572518,31.000001472421));
#6559=CARTESIAN_POINT('',(18.5033742582471,12.1195558572518,31.000001472421));
#6560=CARTESIAN_POINT('',(75.6189614675477,12.1195558572518,33.9935886896179));
#6561=CARTESIAN_POINT('',(75.6189614675477,12.1195558572518,4.74839717240448));
#6562=CARTESIAN_POINT('',(77.6189614675478,12.1195558572518,33.9935886896179));
#6563=CARTESIAN_POINT('',(61.0356281342144,12.1195558572518,33.9935886896179));
#6564=CARTESIAN_POINT('',(77.6189614675478,12.1195558572518,24.2451915172134));
#6565=CARTESIAN_POINT('Origin',(77.6189614675478,10.1195558572518,33.9935886896179));
#6566=CARTESIAN_POINT('',(77.6189614675478,-32.0782878206058,31.000001472421));
#6567=CARTESIAN_POINT('',(77.6189614675478,10.1195558572518,33.9935886896179));
#6568=CARTESIAN_POINT('Origin',(75.6189614675477,10.1195558572518,33.9935886896179));
#6569=CARTESIAN_POINT('',(75.6189614675477,10.1195558572518,33.9935886896179));
#6570=CARTESIAN_POINT('Origin',(75.6189614675477,10.1195558572518,-5.));
#6571=CARTESIAN_POINT('',(75.6189614675477,-32.0782878206058,31.000001472421));
#6572=CARTESIAN_POINT('Origin',(23.878220726807,-74.2761314984633,33.9935886896179));
#6573=CARTESIAN_POINT('',(23.878220726807,-76.2761314984633,31.000001472421));
#6574=CARTESIAN_POINT('',(23.878220726807,-52.1511985687863,31.));
#6575=CARTESIAN_POINT('',(23.878220726807,-76.2761314984633,33.9935886896179));
#6576=CARTESIAN_POINT('',(23.878220726807,-76.2761314984633,-5.00641131038207));
#6577=CARTESIAN_POINT('',(23.878220726807,-74.2761314984633,33.9935886896179));
#6578=CARTESIAN_POINT('Origin',(24.878220726807,-76.2761314984633,26.8861626818666));
#6579=CARTESIAN_POINT('',(25.878220726807,-76.2761314984633,31.000001472421));
#6580=CARTESIAN_POINT('',(63.2841127784114,-76.2761314984633,31.000001472421));
#6581=CARTESIAN_POINT('',(25.878220726807,-76.2761314984633,33.9935886896179));
#6582=CARTESIAN_POINT('',(25.878220726807,-76.2761314984633,33.9935886896179));
#6583=CARTESIAN_POINT('',(23.878220726807,-76.2761314984633,33.9935886896179));
#6584=CARTESIAN_POINT('Origin',(25.878220726807,-74.2761314984633,33.9935886896179));
#6585=CARTESIAN_POINT('',(25.878220726807,-74.2761314984633,33.9935886896179));
#6586=CARTESIAN_POINT('Origin',(25.878220726807,-74.2761314984633,19.7787366741153));
#6587=CARTESIAN_POINT('',(25.878220726807,-74.2761314984633,31.000001472421));
#6588=CARTESIAN_POINT('Origin',(70.9152577638441,10.1195558572518,-5.));
#6589=CARTESIAN_POINT('',(70.9152577638441,12.1195558572518,31.000001472421));
#6590=CARTESIAN_POINT('',(70.9152577638441,-32.0782878206058,31.000001472421));
#6591=CARTESIAN_POINT('',(70.9152577638441,12.1195558572518,33.9935886896179));
#6592=CARTESIAN_POINT('',(70.9152577638441,10.1195558572518,33.9935886896179));
#6593=CARTESIAN_POINT('',(70.9152577638441,12.1195558572518,4.74839717240448));
#6594=CARTESIAN_POINT('Origin',(70.9152577638441,10.1195558572518,33.9935886896179));
#6595=CARTESIAN_POINT('',(72.9152577638441,12.1195558572518,33.9935886896179));
#6596=CARTESIAN_POINT('',(72.9152577638441,10.1195558572518,33.9935886896179));
#6597=CARTESIAN_POINT('',(58.6837762823626,12.1195558572518,33.9935886896179));
#6598=CARTESIAN_POINT('Origin',(72.9152577638441,10.1195558572518,33.9935886896179));
#6599=CARTESIAN_POINT('',(72.9152577638441,12.1195558572518,31.000001472421));
#6600=CARTESIAN_POINT('',(72.9152577638441,-32.0782878206058,31.000001472421));
#6601=CARTESIAN_POINT('',(72.9152577638441,12.1195558572518,24.2451915172134));
#6602=CARTESIAN_POINT('Origin',(46.4522948008811,12.1195558572518,14.496794344809));
#6603=CARTESIAN_POINT('',(18.5033742582471,12.1195558572518,31.000001472421));
#6604=CARTESIAN_POINT('Origin',(46.4522948008811,12.1195558572518,14.496794344809));
#6605=CARTESIAN_POINT('',(25.878220726807,12.1195558572518,31.000001472421));
#6606=CARTESIAN_POINT('',(23.878220726807,12.1195558572518,31.000001472421));
#6607=CARTESIAN_POINT('',(18.5033742582471,12.1195558572518,31.000001472421));
#6608=CARTESIAN_POINT('',(23.878220726807,12.1195558572518,33.9935886896179));
#6609=CARTESIAN_POINT('',(23.878220726807,12.1195558572518,4.74839717240448));
#6610=CARTESIAN_POINT('',(25.878220726807,12.1195558572518,33.9935886896179));
#6611=CARTESIAN_POINT('',(35.1652577638441,12.1195558572518,33.9935886896179));
#6612=CARTESIAN_POINT('',(25.878220726807,12.1195558572518,24.2451915172134));
#6613=CARTESIAN_POINT('Origin',(25.878220726807,10.1195558572518,33.9935886896179));
#6614=CARTESIAN_POINT('',(25.878220726807,-32.0782878206058,31.000001472421));
#6615=CARTESIAN_POINT('',(25.878220726807,10.1195558572518,33.9935886896179));
#6616=CARTESIAN_POINT('Origin',(23.878220726807,10.1195558572518,33.9935886896179));
#6617=CARTESIAN_POINT('',(23.878220726807,10.1195558572518,33.9935886896179));
#6618=CARTESIAN_POINT('Origin',(23.878220726807,10.1195558572518,-5.));
#6619=CARTESIAN_POINT('',(23.878220726807,-32.0782878206058,31.000001472421));
#6620=CARTESIAN_POINT('Origin',(46.4522948008811,12.1195558572518,14.496794344809));
#6621=CARTESIAN_POINT('',(-7.04770519911888,12.1195558572518,31.000001472421));
#6622=CARTESIAN_POINT('',(-9.04770519911888,12.1195558572518,31.000001472421));
#6623=CARTESIAN_POINT('',(18.5033742582471,12.1195558572518,31.000001472421));
#6624=CARTESIAN_POINT('',(-9.04770519911888,12.1195558572518,33.9935886896179));
#6625=CARTESIAN_POINT('',(-9.04770519911888,12.1195558572518,4.74839717240448));
#6626=CARTESIAN_POINT('',(-7.04770519911888,12.1195558572518,33.9935886896179));
#6627=CARTESIAN_POINT('',(18.7022948008811,12.1195558572518,33.9935886896179));
#6628=CARTESIAN_POINT('',(-7.04770519911888,12.1195558572518,24.2451915172134));
#6629=CARTESIAN_POINT('Origin',(-7.04770519911888,10.1195558572518,33.9935886896179));
#6630=CARTESIAN_POINT('',(-7.04770519911888,-32.0782878206058,31.000001472421));
#6631=CARTESIAN_POINT('',(-7.04770519911888,10.1195558572518,33.9935886896179));
#6632=CARTESIAN_POINT('Origin',(-9.04770519911888,10.1195558572518,33.9935886896179));
#6633=CARTESIAN_POINT('',(-9.04770519911888,10.1195558572518,33.9935886896179));
#6634=CARTESIAN_POINT('Origin',(-9.04770519911888,10.1195558572518,-5.));
#6635=CARTESIAN_POINT('',(-9.04770519911888,-32.0782878206058,31.000001472421));
#6636=CARTESIAN_POINT('Origin',(77.6189614675478,-74.2761314984633,19.7787366741153));
#6637=CARTESIAN_POINT('',(77.6189614675478,-76.2761314984633,33.9935886896179));
#6638=CARTESIAN_POINT('',(77.6189614675478,-74.2761314984633,33.9935886896179));
#6639=CARTESIAN_POINT('',(77.6189614675478,-76.2761314984633,31.000001472421));
#6640=CARTESIAN_POINT('',(77.6189614675478,-76.2761314984633,33.9935886896179));
#6641=CARTESIAN_POINT('',(77.6189614675478,-74.2761314984633,31.000001472421));
#6642=CARTESIAN_POINT('Origin',(75.6189614675477,-74.2761314984633,33.9935886896179));
#6643=CARTESIAN_POINT('',(75.6189614675477,-76.2761314984633,31.000001472421));
#6644=CARTESIAN_POINT('',(75.6189614675477,-74.2761314984633,31.000001472421));
#6645=CARTESIAN_POINT('',(75.6189614675477,-76.2761314984633,33.9935886896179));
#6646=CARTESIAN_POINT('',(75.6189614675477,-76.2761314984633,-5.00641131038207));
#6647=CARTESIAN_POINT('',(75.6189614675477,-74.2761314984633,33.9935886896179));
#6648=CARTESIAN_POINT('Origin',(77.6189614675478,-74.2761314984633,33.9935886896179));
#6649=CARTESIAN_POINT('',(75.6189614675477,-76.2761314984633,33.9935886896179));
#6650=CARTESIAN_POINT('Origin',(76.6189614675477,-76.2761314984633,26.8861626818666));
#6651=CARTESIAN_POINT('',(89.1544831487818,-76.2761314984633,31.000001472421));
#6652=CARTESIAN_POINT('Origin',(87.0263688749552,-74.2761314984633,-5.));
#6653=CARTESIAN_POINT('',(87.0263688749552,-76.2761314984633,33.9935886896179));
#6654=CARTESIAN_POINT('',(87.0263688749552,-74.2761314984633,33.9935886896179));
#6655=CARTESIAN_POINT('',(87.0263688749552,-76.2761314984633,31.000001472421));
#6656=CARTESIAN_POINT('',(87.0263688749552,-76.2761314984633,33.9935886896179));
#6657=CARTESIAN_POINT('',(87.0263688749552,-74.2761314984633,31.000001472421));
#6658=CARTESIAN_POINT('Origin',(85.0263688749552,-74.2761314984633,33.9935886896179));
#6659=CARTESIAN_POINT('',(85.0263688749552,-76.2761314984633,31.000001472421));
#6660=CARTESIAN_POINT('',(85.0263688749552,-52.1511985687863,31.));
#6661=CARTESIAN_POINT('',(85.0263688749552,-76.2761314984633,33.9935886896179));
#6662=CARTESIAN_POINT('',(85.0263688749552,-76.2761314984633,-5.00641131038207));
#6663=CARTESIAN_POINT('',(85.0263688749552,-74.2761314984633,33.9935886896179));
#6664=CARTESIAN_POINT('Origin',(87.0263688749552,-74.2761314984633,33.9935886896179));
#6665=CARTESIAN_POINT('',(85.0263688749552,-76.2761314984633,33.9935886896179));
#6666=CARTESIAN_POINT('Origin',(86.0263688749552,-76.2761314984633,14.496794344809));
#6667=CARTESIAN_POINT('',(93.8581868524855,-76.2761314984633,31.000001472421));
#6668=CARTESIAN_POINT('Origin',(66.2115540601404,10.1195558572518,-5.));
#6669=CARTESIAN_POINT('',(66.2115540601404,12.1195558572518,31.000001472421));
#6670=CARTESIAN_POINT('',(66.2115540601404,-32.0782878206058,31.000001472421));
#6671=CARTESIAN_POINT('',(66.2115540601404,12.1195558572518,33.9935886896179));
#6672=CARTESIAN_POINT('',(66.2115540601404,10.1195558572518,33.9935886896179));
#6673=CARTESIAN_POINT('',(66.2115540601404,12.1195558572518,4.74839717240448));
#6674=CARTESIAN_POINT('Origin',(66.2115540601404,10.1195558572518,33.9935886896179));
#6675=CARTESIAN_POINT('',(68.2115540601404,12.1195558572518,33.9935886896179));
#6676=CARTESIAN_POINT('',(68.2115540601404,10.1195558572518,33.9935886896179));
#6677=CARTESIAN_POINT('',(56.3319244305107,12.1195558572518,33.9935886896179));
#6678=CARTESIAN_POINT('Origin',(68.2115540601404,10.1195558572518,33.9935886896179));
#6679=CARTESIAN_POINT('',(68.2115540601404,12.1195558572518,31.000001472421));
#6680=CARTESIAN_POINT('',(68.2115540601404,-32.0782878206058,31.000001472421));
#6681=CARTESIAN_POINT('',(68.2115540601404,12.1195558572518,24.2451915172134));
#6682=CARTESIAN_POINT('Origin',(46.4522948008811,12.1195558572518,14.496794344809));
#6683=CARTESIAN_POINT('',(18.5033742582471,12.1195558572518,31.000001472421));
#6684=CARTESIAN_POINT('Origin',(37.9893318379181,-74.2761314984633,33.9935886896179));
#6685=CARTESIAN_POINT('',(37.9893318379181,-76.2761314984633,31.000001472421));
#6686=CARTESIAN_POINT('',(37.9893318379181,-52.1511985687863,31.));
#6687=CARTESIAN_POINT('',(37.9893318379181,-76.2761314984633,33.9935886896179));
#6688=CARTESIAN_POINT('',(37.9893318379181,-76.2761314984633,-5.00641131038207));
#6689=CARTESIAN_POINT('',(37.9893318379181,-74.2761314984633,33.9935886896179));
#6690=CARTESIAN_POINT('Origin',(39.9893318379181,-74.2761314984633,19.7787366741153));
#6691=CARTESIAN_POINT('',(39.9893318379181,-76.2761314984633,33.9935886896179));
#6692=CARTESIAN_POINT('',(39.9893318379181,-74.2761314984633,33.9935886896179));
#6693=CARTESIAN_POINT('',(39.9893318379181,-76.2761314984633,31.000001472421));
#6694=CARTESIAN_POINT('',(39.9893318379181,-76.2761314984633,33.9935886896179));
#6695=CARTESIAN_POINT('',(39.9893318379181,-74.2761314984633,31.000001472421));
#6696=CARTESIAN_POINT('Origin',(39.9893318379181,-74.2761314984633,33.9935886896179));
#6697=CARTESIAN_POINT('',(37.9893318379181,-76.2761314984633,33.9935886896179));
#6698=CARTESIAN_POINT('Origin',(38.9893318379181,-76.2761314984633,26.8861626818666));
#6699=CARTESIAN_POINT('',(70.339668333967,-76.2761314984633,31.000001472421));
#6700=CARTESIAN_POINT('Origin',(30.5819244305107,-74.2761314984633,33.9935886896179));
#6701=CARTESIAN_POINT('',(28.5819244305107,-76.2761314984633,33.9935886896179));
#6702=CARTESIAN_POINT('',(28.5819244305107,-74.2761314984633,33.9935886896179));
#6703=CARTESIAN_POINT('',(30.5819244305107,-76.2761314984633,33.9935886896179));
#6704=CARTESIAN_POINT('',(28.5819244305107,-76.2761314984633,33.9935886896179));
#6705=CARTESIAN_POINT('',(30.5819244305107,-74.2761314984633,33.9935886896179));
#6706=CARTESIAN_POINT('Origin',(28.5819244305107,-74.2761314984633,33.9935886896179));
#6707=CARTESIAN_POINT('',(28.5819244305107,-76.2761314984633,31.000001472421));
#6708=CARTESIAN_POINT('',(28.5819244305107,-52.1511985687863,31.));
#6709=CARTESIAN_POINT('',(28.5819244305107,-76.2761314984633,-5.00641131038207));
#6710=CARTESIAN_POINT('Origin',(29.5819244305107,-76.2761314984633,26.8861626818666));
#6711=CARTESIAN_POINT('',(30.5819244305107,-76.2761314984633,31.000001472421));
#6712=CARTESIAN_POINT('',(65.6359646302633,-76.2761314984633,31.000001472421));
#6713=CARTESIAN_POINT('',(30.5819244305107,-76.2761314984633,33.9935886896179));
#6714=CARTESIAN_POINT('Origin',(30.5819244305107,-74.2761314984633,19.7787366741153));
#6715=CARTESIAN_POINT('',(30.5819244305107,-52.1511985687863,31.));
#6716=CARTESIAN_POINT('Origin',(46.3117885276408,-32.0782878206058,31.));
#6717=CARTESIAN_POINT('',(68.2115540601404,-76.2761314984633,31.000001472421));
#6718=CARTESIAN_POINT('',(68.2115540601404,-52.1511985687863,31.));
#6719=CARTESIAN_POINT('',(66.2115540601404,-76.2761314984633,31.000001472421));
#6720=CARTESIAN_POINT('',(84.4507794450781,-76.2761314984633,31.000001472421));
#6721=CARTESIAN_POINT('',(66.2115540601404,-52.1511985687863,31.));
#6722=CARTESIAN_POINT('',(49.3967392453255,-76.2761314984633,31.000001472421));
#6723=CARTESIAN_POINT('',(49.3967392453255,-52.1511985687863,31.));
#6724=CARTESIAN_POINT('',(47.3967392453255,-76.2761314984633,31.000001472421));
#6725=CARTESIAN_POINT('',(75.0433720376707,-76.2761314984633,31.000001472421));
#6726=CARTESIAN_POINT('',(47.3967392453255,-52.1511985687863,31.));
#6727=CARTESIAN_POINT('',(21.1745170231033,-76.2761314984633,31.000001472421));
#6728=CARTESIAN_POINT('',(21.1745170231033,-74.2761314984633,31.000001472421));
#6729=CARTESIAN_POINT('',(19.1745170231033,-76.2761314984633,31.000001472421));
#6730=CARTESIAN_POINT('',(60.9322609265596,-76.2761314984633,31.000001472421));
#6731=CARTESIAN_POINT('',(19.1745170231033,-52.1511985687863,31.));
#6732=CARTESIAN_POINT('',(-9.05303336606833,10.1195558572518,31.));
#6733=CARTESIAN_POINT('',(9.76710961569593,12.1195558572518,31.000001472421));
#6734=CARTESIAN_POINT('',(9.76710961569593,-32.0782878206058,31.000001472421));
#6735=CARTESIAN_POINT('',(11.7671096156959,12.1195558572518,31.000001472421));
#6736=CARTESIAN_POINT('',(18.5033742582471,12.1195558572518,31.000001472421));
#6737=CARTESIAN_POINT('',(11.7671096156959,-32.0782878206058,31.000001472421));
#6738=CARTESIAN_POINT('',(61.5078503564367,12.1195558572518,31.000001472421));
#6739=CARTESIAN_POINT('',(61.5078503564367,-32.0782878206058,31.000001472421));
#6740=CARTESIAN_POINT('',(63.5078503564367,12.1195558572518,31.000001472421));
#6741=CARTESIAN_POINT('',(18.5033742582471,12.1195558572518,31.000001472421));
#6742=CARTESIAN_POINT('',(63.5078503564367,-32.0782878206058,31.000001472421));
#6743=CARTESIAN_POINT('',(80.3226651712515,12.1195558572518,31.000001472421));
#6744=CARTESIAN_POINT('',(80.3226651712515,-32.0782878206058,31.000001472421));
#6745=CARTESIAN_POINT('',(82.3226651712515,12.1195558572518,31.000001472421));
#6746=CARTESIAN_POINT('',(18.5033742582471,12.1195558572518,31.000001472421));
#6747=CARTESIAN_POINT('',(82.3226651712515,-32.0782878206058,31.000001472421));
#6748=CARTESIAN_POINT('',(85.0263688749552,12.1195558572518,31.000001472421));
#6749=CARTESIAN_POINT('',(85.0263688749552,-32.0782878206058,31.000001472421));
#6750=CARTESIAN_POINT('',(87.0263688749552,12.1195558572518,31.000001472421));
#6751=CARTESIAN_POINT('',(18.5033742582471,12.1195558572518,31.000001472421));
#6752=CARTESIAN_POINT('',(87.0263688749552,-32.0782878206058,31.000001472421));
#6753=CARTESIAN_POINT('',(101.67661042135,-74.2761314984633,31.));
#6754=CARTESIAN_POINT('',(101.137479986066,-76.2761314984633,31.000001472421));
#6755=CARTESIAN_POINT('',(101.137479986066,-74.2761314984633,31.000001472421));
#6756=CARTESIAN_POINT('',(99.1374799860663,-76.2761314984633,31.000001472421));
#6757=CARTESIAN_POINT('',(100.913742408041,-76.2761314984633,31.000001472421));
#6758=CARTESIAN_POINT('',(99.1374799860663,-52.1511985687863,31.));
#6759=CARTESIAN_POINT('',(82.3226651712515,-76.2761314984633,31.000001472421));
#6760=CARTESIAN_POINT('',(82.3226651712515,-74.2761314984633,31.000001472421));
#6761=CARTESIAN_POINT('',(80.3226651712515,-76.2761314984633,31.000001472421));
#6762=CARTESIAN_POINT('',(91.5063350006336,-76.2761314984633,31.000001472421));
#6763=CARTESIAN_POINT('',(80.3226651712515,-52.1511985687863,31.));
#6764=CARTESIAN_POINT('',(-4.55848637542575,7.19466964425778,31.));
#6765=CARTESIAN_POINT('Origin',(-6.15848637542575,7.19466964425778,31.));
#6766=CARTESIAN_POINT('',(100.382063430707,7.19466964425778,31.));
#6767=CARTESIAN_POINT('Origin',(98.7820634307074,7.19466964425778,31.));
#6768=CARTESIAN_POINT('',(-4.40000008940697,-69.0000010281802,31.));
#6769=CARTESIAN_POINT('Origin',(-6.00000008940697,-69.0000010281802,31.));
#6770=CARTESIAN_POINT('',(100.223577144689,-69.0000010281802,31.));
#6771=CARTESIAN_POINT('Origin',(98.6235771446886,-69.0000010281802,31.));
#6772=CARTESIAN_POINT('',(14.1784549463817,-40.9052293766143,31.));
#6773=CARTESIAN_POINT('',(37.000000551343,-40.9052293766143,31.));
#6774=CARTESIAN_POINT('',(14.1784549463817,-40.9052293766143,31.));
#6775=CARTESIAN_POINT('',(14.1784549463817,-60.9052293766143,31.));
#6776=CARTESIAN_POINT('',(14.1784549463817,-60.9052293766143,31.));
#6777=CARTESIAN_POINT('',(78.1784549463817,-60.9052293766143,31.));
#6778=CARTESIAN_POINT('',(78.1784549463817,-60.9052293766143,31.));
#6779=CARTESIAN_POINT('',(78.1784549463817,-40.9052293766143,31.));
#6780=CARTESIAN_POINT('',(78.1784549463817,-40.9052293766143,31.));
#6781=CARTESIAN_POINT('',(56.0755782917147,-40.9052293766143,31.));
#6782=CARTESIAN_POINT('',(14.1784549463817,-40.9052293766143,31.));
#6783=CARTESIAN_POINT('',(56.0755782917147,-23.0000003427267,31.));
#6784=CARTESIAN_POINT('',(56.0755782917147,-23.0000003427267,31.));
#6785=CARTESIAN_POINT('',(37.000000551343,-23.0000003427267,31.));
#6786=CARTESIAN_POINT('',(37.000000551343,-23.0000003427267,31.));
#6787=CARTESIAN_POINT('',(37.000000551343,-40.9052293766143,31.));
#6788=CARTESIAN_POINT('Origin',(85.0263688749552,10.1195558572518,-5.));
#6789=CARTESIAN_POINT('',(85.0263688749552,12.1195558572518,33.9935886896179));
#6790=CARTESIAN_POINT('',(85.0263688749552,10.1195558572518,33.9935886896179));
#6791=CARTESIAN_POINT('',(85.0263688749552,12.1195558572518,4.74839717240448));
#6792=CARTESIAN_POINT('Origin',(85.0263688749552,10.1195558572518,33.9935886896179));
#6793=CARTESIAN_POINT('',(87.0263688749552,12.1195558572518,33.9935886896179));
#6794=CARTESIAN_POINT('',(87.0263688749552,10.1195558572518,33.9935886896179));
#6795=CARTESIAN_POINT('',(65.7393318379181,12.1195558572518,33.9935886896179));
#6796=CARTESIAN_POINT('Origin',(87.0263688749552,10.1195558572518,33.9935886896179));
#6797=CARTESIAN_POINT('',(87.0263688749552,12.1195558572518,24.2451915172134));
#6798=CARTESIAN_POINT('Origin',(46.4522948008811,12.1195558572518,14.496794344809));
#6799=CARTESIAN_POINT('Origin',(68.2115540601404,-74.2761314984633,19.7787366741153));
#6800=CARTESIAN_POINT('',(68.2115540601404,-76.2761314984633,33.9935886896179));
#6801=CARTESIAN_POINT('',(68.2115540601404,-74.2761314984633,33.9935886896179));
#6802=CARTESIAN_POINT('',(68.2115540601404,-76.2761314984633,33.9935886896179));
#6803=CARTESIAN_POINT('Origin',(68.2115540601404,-74.2761314984633,33.9935886896179));
#6804=CARTESIAN_POINT('',(66.2115540601404,-76.2761314984633,33.9935886896179));
#6805=CARTESIAN_POINT('',(66.2115540601404,-74.2761314984633,33.9935886896179));
#6806=CARTESIAN_POINT('',(66.2115540601404,-76.2761314984633,33.9935886896179));
#6807=CARTESIAN_POINT('Origin',(67.2115540601404,-76.2761314984633,26.8861626818666));
#6808=CARTESIAN_POINT('',(66.2115540601404,-76.2761314984633,-5.00641131038207));
#6809=CARTESIAN_POINT('Origin',(66.2115540601404,-74.2761314984633,33.9935886896179));
#6810=CARTESIAN_POINT('Origin',(19.1745170231033,-74.2761314984633,33.9935886896179));
#6811=CARTESIAN_POINT('',(19.1745170231033,-76.2761314984633,33.9935886896179));
#6812=CARTESIAN_POINT('',(19.1745170231033,-76.2761314984633,-5.00641131038207));
#6813=CARTESIAN_POINT('',(19.1745170231033,-74.2761314984633,33.9935886896179));
#6814=CARTESIAN_POINT('Origin',(21.1745170231033,-74.2761314984633,19.7787366741153));
#6815=CARTESIAN_POINT('',(21.1745170231033,-76.2761314984633,33.9935886896179));
#6816=CARTESIAN_POINT('',(21.1745170231033,-74.2761314984633,33.9935886896179));
#6817=CARTESIAN_POINT('',(21.1745170231033,-76.2761314984633,33.9935886896179));
#6818=CARTESIAN_POINT('Origin',(21.1745170231033,-74.2761314984633,33.9935886896179));
#6819=CARTESIAN_POINT('',(19.1745170231033,-76.2761314984633,33.9935886896179));
#6820=CARTESIAN_POINT('Origin',(20.1745170231033,-76.2761314984633,26.8861626818666));
#6821=CARTESIAN_POINT('Origin',(46.4522948008811,12.1195558572518,14.496794344809));
#6822=CARTESIAN_POINT('',(9.76710961569593,12.1195558572518,33.9935886896179));
#6823=CARTESIAN_POINT('',(9.76710961569593,12.1195558572518,4.74839717240448));
#6824=CARTESIAN_POINT('',(11.7671096156959,12.1195558572518,33.9935886896179));
#6825=CARTESIAN_POINT('',(28.1097022082885,12.1195558572518,33.9935886896179));
#6826=CARTESIAN_POINT('',(11.7671096156959,12.1195558572518,24.2451915172134));
#6827=CARTESIAN_POINT('Origin',(11.7671096156959,10.1195558572518,33.9935886896179));
#6828=CARTESIAN_POINT('',(11.7671096156959,10.1195558572518,33.9935886896179));
#6829=CARTESIAN_POINT('Origin',(9.76710961569593,10.1195558572518,33.9935886896179));
#6830=CARTESIAN_POINT('',(9.76710961569593,10.1195558572518,33.9935886896179));
#6831=CARTESIAN_POINT('Origin',(9.76710961569593,10.1195558572518,-5.));
#6832=CARTESIAN_POINT('Origin',(46.4522948008811,12.1195558572518,14.496794344809));
#6833=CARTESIAN_POINT('',(80.3226651712515,12.1195558572518,33.9935886896179));
#6834=CARTESIAN_POINT('',(80.3226651712515,12.1195558572518,4.74839717240448));
#6835=CARTESIAN_POINT('',(82.3226651712515,12.1195558572518,33.9935886896179));
#6836=CARTESIAN_POINT('',(63.3874799860663,12.1195558572518,33.9935886896179));
#6837=CARTESIAN_POINT('',(82.3226651712515,12.1195558572518,24.2451915172134));
#6838=CARTESIAN_POINT('Origin',(82.3226651712515,10.1195558572518,33.9935886896179));
#6839=CARTESIAN_POINT('',(82.3226651712515,10.1195558572518,33.9935886896179));
#6840=CARTESIAN_POINT('Origin',(80.3226651712515,10.1195558572518,33.9935886896179));
#6841=CARTESIAN_POINT('',(80.3226651712515,10.1195558572518,33.9935886896179));
#6842=CARTESIAN_POINT('Origin',(80.3226651712515,10.1195558572518,-5.));
#6843=CARTESIAN_POINT('Origin',(61.5078503564367,10.1195558572518,-5.));
#6844=CARTESIAN_POINT('',(61.5078503564367,12.1195558572518,33.9935886896179));
#6845=CARTESIAN_POINT('',(61.5078503564367,10.1195558572518,33.9935886896179));
#6846=CARTESIAN_POINT('',(61.5078503564367,12.1195558572518,4.74839717240448));
#6847=CARTESIAN_POINT('Origin',(61.5078503564367,10.1195558572518,33.9935886896179));
#6848=CARTESIAN_POINT('',(63.5078503564367,12.1195558572518,33.9935886896179));
#6849=CARTESIAN_POINT('',(63.5078503564367,10.1195558572518,33.9935886896179));
#6850=CARTESIAN_POINT('',(53.9800725786589,12.1195558572518,33.9935886896179));
#6851=CARTESIAN_POINT('Origin',(63.5078503564367,10.1195558572518,33.9935886896179));
#6852=CARTESIAN_POINT('',(63.5078503564367,12.1195558572518,24.2451915172134));
#6853=CARTESIAN_POINT('Origin',(46.4522948008811,12.1195558572518,14.496794344809));
#6854=CARTESIAN_POINT('Origin',(49.3967392453255,-74.2761314984633,19.7787366741153));
#6855=CARTESIAN_POINT('',(49.3967392453255,-76.2761314984633,33.9935886896179));
#6856=CARTESIAN_POINT('',(49.3967392453255,-74.2761314984633,33.9935886896179));
#6857=CARTESIAN_POINT('',(49.3967392453255,-76.2761314984633,33.9935886896179));
#6858=CARTESIAN_POINT('Origin',(49.3967392453255,-74.2761314984633,33.9935886896179));
#6859=CARTESIAN_POINT('',(47.3967392453255,-76.2761314984633,33.9935886896179));
#6860=CARTESIAN_POINT('',(47.3967392453255,-74.2761314984633,33.9935886896179));
#6861=CARTESIAN_POINT('',(47.3967392453255,-76.2761314984633,33.9935886896179));
#6862=CARTESIAN_POINT('Origin',(48.3967392453255,-76.2761314984633,26.8861626818666));
#6863=CARTESIAN_POINT('',(47.3967392453255,-76.2761314984633,-5.00641131038207));
#6864=CARTESIAN_POINT('Origin',(47.3967392453255,-74.2761314984633,33.9935886896179));
#6865=CARTESIAN_POINT('Origin',(82.3226651712515,-74.2761314984633,-5.));
#6866=CARTESIAN_POINT('',(82.3226651712515,-76.2761314984633,33.9935886896179));
#6867=CARTESIAN_POINT('',(82.3226651712515,-74.2761314984633,33.9935886896179));
#6868=CARTESIAN_POINT('',(82.3226651712515,-76.2761314984633,33.9935886896179));
#6869=CARTESIAN_POINT('Origin',(81.3226651712515,-76.2761314984633,14.496794344809));
#6870=CARTESIAN_POINT('',(80.3226651712515,-76.2761314984633,33.9935886896179));
#6871=CARTESIAN_POINT('',(80.3226651712515,-76.2761314984633,33.9935886896179));
#6872=CARTESIAN_POINT('',(80.3226651712515,-76.2761314984633,-5.00641131038207));
#6873=CARTESIAN_POINT('Origin',(80.3226651712515,-74.2761314984633,33.9935886896179));
#6874=CARTESIAN_POINT('',(80.3226651712515,-74.2761314984633,33.9935886896179));
#6875=CARTESIAN_POINT('Origin',(82.3226651712515,-74.2761314984633,33.9935886896179));
#6876=CARTESIAN_POINT('Origin',(99.1374799860663,-74.2761314984633,33.9935886896179));
#6877=CARTESIAN_POINT('',(99.1374799860663,-76.2761314984633,33.9935886896179));
#6878=CARTESIAN_POINT('',(99.1374799860663,-76.2761314984633,-5.00641131038207));
#6879=CARTESIAN_POINT('',(99.1374799860663,-74.2761314984633,33.9935886896179));
#6880=CARTESIAN_POINT('Origin',(100.137479986066,-76.2761314984633,14.496794344809));
#6881=CARTESIAN_POINT('',(101.137479986066,-76.2761314984633,33.9935886896179));
#6882=CARTESIAN_POINT('',(101.137479986066,-76.2761314984633,33.9935886896179));
#6883=CARTESIAN_POINT('',(99.1374799860663,-76.2761314984633,33.9935886896179));
#6884=CARTESIAN_POINT('Origin',(101.137479986066,-74.2761314984633,33.9935886896179));
#6885=CARTESIAN_POINT('',(101.137479986066,-74.2761314984633,33.9935886896179));
#6886=CARTESIAN_POINT('Origin',(101.137479986066,-74.2761314984633,-5.));
#6887=CARTESIAN_POINT('Origin',(-6.15848637542575,7.19466964425778,31.));
#6888=CARTESIAN_POINT('',(-4.55848637542575,7.19466964425777,34.));
#6889=CARTESIAN_POINT('Origin',(-6.15848637542575,7.19466964425778,34.));
#6890=CARTESIAN_POINT('',(-4.55848637542575,7.19466964425778,31.));
#6891=CARTESIAN_POINT('Origin',(98.7820634307074,7.19466964425778,31.));
#6892=CARTESIAN_POINT('',(100.382063430707,7.19466964425777,34.));
#6893=CARTESIAN_POINT('Origin',(98.7820634307074,7.19466964425778,34.));
#6894=CARTESIAN_POINT('',(100.382063430707,7.19466964425778,31.));
#6895=CARTESIAN_POINT('Origin',(-6.00000008940697,-69.0000010281802,31.));
#6896=CARTESIAN_POINT('',(-4.40000008940697,-69.0000010281802,34.));
#6897=CARTESIAN_POINT('Origin',(-6.00000008940697,-69.0000010281802,34.));
#6898=CARTESIAN_POINT('',(-4.40000008940697,-69.0000010281802,31.));
#6899=CARTESIAN_POINT('Origin',(98.6235771446886,-69.0000010281802,31.));
#6900=CARTESIAN_POINT('',(100.223577144689,-69.0000010281802,34.));
#6901=CARTESIAN_POINT('Origin',(98.6235771446886,-69.0000010281802,34.));
#6902=CARTESIAN_POINT('',(100.223577144689,-69.0000010281802,31.));
#6903=CARTESIAN_POINT('Origin',(14.1784549463817,-60.9052293766143,31.));
#6904=CARTESIAN_POINT('',(14.1784549463817,-40.9052293766143,34.));
#6905=CARTESIAN_POINT('',(14.1784549463817,-40.9052293766143,31.));
#6906=CARTESIAN_POINT('',(14.1784549463817,-60.9052293766143,34.));
#6907=CARTESIAN_POINT('',(14.1784549463817,-60.9052293766143,34.));
#6908=CARTESIAN_POINT('',(14.1784549463817,-60.9052293766143,31.));
#6909=CARTESIAN_POINT('Origin',(78.1784549463817,-60.9052293766143,31.));
#6910=CARTESIAN_POINT('',(78.1784549463817,-60.9052293766143,34.));
#6911=CARTESIAN_POINT('',(78.1784549463817,-60.9052293766143,34.));
#6912=CARTESIAN_POINT('',(78.1784549463817,-60.9052293766143,31.));
#6913=CARTESIAN_POINT('Origin',(78.1784549463817,-40.9052293766143,31.));
#6914=CARTESIAN_POINT('',(78.1784549463817,-40.9052293766143,34.));
#6915=CARTESIAN_POINT('',(78.1784549463817,-40.9052293766143,34.));
#6916=CARTESIAN_POINT('',(78.1784549463817,-40.9052293766143,31.));
#6917=CARTESIAN_POINT('Origin',(56.0755782917147,-40.9052293766143,31.));
#6918=CARTESIAN_POINT('',(56.0755782917147,-40.9052293766143,34.));
#6919=CARTESIAN_POINT('',(14.1784549463817,-40.9052293766143,34.));
#6920=CARTESIAN_POINT('',(56.0755782917147,-40.9052293766143,31.));
#6921=CARTESIAN_POINT('Origin',(56.0755782917147,-23.0000003427267,31.));
#6922=CARTESIAN_POINT('',(56.0755782917147,-23.0000003427267,34.));
#6923=CARTESIAN_POINT('',(56.0755782917147,-23.0000003427267,34.));
#6924=CARTESIAN_POINT('',(56.0755782917147,-23.0000003427267,31.));
#6925=CARTESIAN_POINT('Origin',(37.000000551343,-23.0000003427267,31.));
#6926=CARTESIAN_POINT('',(37.000000551343,-23.0000003427267,34.));
#6927=CARTESIAN_POINT('',(37.000000551343,-23.0000003427267,34.));
#6928=CARTESIAN_POINT('',(37.000000551343,-23.0000003427267,31.));
#6929=CARTESIAN_POINT('Origin',(37.000000551343,-40.9052293766143,31.));
#6930=CARTESIAN_POINT('',(37.000000551343,-40.9052293766143,34.));
#6931=CARTESIAN_POINT('',(37.000000551343,-40.9052293766143,34.));
#6932=CARTESIAN_POINT('',(37.000000551343,-40.9052293766143,31.));
#6933=CARTESIAN_POINT('Origin',(14.1784549463817,-40.9052293766143,31.));
#6934=CARTESIAN_POINT('',(14.1784549463817,-40.9052293766143,34.));
#6935=CARTESIAN_POINT('Origin',(-9.05303336606833,10.1195558572518,31.));
#6936=CARTESIAN_POINT('',(-9.05303336606833,10.1195558572518,34.));
#6937=CARTESIAN_POINT('Origin',(101.67661042135,-74.2761314984633,31.));
#6938=CARTESIAN_POINT('',(101.67661042135,-74.2761314984633,34.));
#6939=CARTESIAN_POINT('Origin',(46.3117885276408,-32.0782878206058,34.));
#6940=UNCERTAINTY_MEASURE_WITH_UNIT(LENGTH_MEASURE(0.01),#6944,
'DISTANCE_ACCURACY_VALUE',
'Maximum model space distance between geometric entities at asserted c
onnectivities');
#6941=UNCERTAINTY_MEASURE_WITH_UNIT(LENGTH_MEASURE(0.01),#6944,
'DISTANCE_ACCURACY_VALUE',
'Maximum model space distance between geometric entities at asserted c
onnectivities');
#6942=(
GEOMETRIC_REPRESENTATION_CONTEXT(3)
GLOBAL_UNCERTAINTY_ASSIGNED_CONTEXT((#6940))
GLOBAL_UNIT_ASSIGNED_CONTEXT((#6944,#6946,#6947))
REPRESENTATION_CONTEXT('','3D')
);
#6943=(
GEOMETRIC_REPRESENTATION_CONTEXT(3)
GLOBAL_UNCERTAINTY_ASSIGNED_CONTEXT((#6941))
GLOBAL_UNIT_ASSIGNED_CONTEXT((#6944,#6946,#6947))
REPRESENTATION_CONTEXT('','3D')
);
#6944=(
LENGTH_UNIT()
NAMED_UNIT(*)
SI_UNIT(.MILLI.,.METRE.)
);
#6945=(
LENGTH_UNIT()
NAMED_UNIT(*)
SI_UNIT($,.METRE.)
);
#6946=(
NAMED_UNIT(*)
PLANE_ANGLE_UNIT()
SI_UNIT($,.RADIAN.)
);
#6947=(
NAMED_UNIT(*)
SI_UNIT($,.STERADIAN.)
SOLID_ANGLE_UNIT()
);
#6948=SHAPE_DEFINITION_REPRESENTATION(#6949,#6950);
#6949=PRODUCT_DEFINITION_SHAPE('',$,#6952);
#6950=SHAPE_REPRESENTATION('',(#4416),#6942);
#6951=PRODUCT_DEFINITION_CONTEXT('part definition',#6956,'design');
#6952=PRODUCT_DEFINITION('2026-09-16-17-29-25-314','Final Top',#6953,#6951);
#6953=PRODUCT_DEFINITION_FORMATION('',$,#6958);
#6954=PRODUCT_RELATED_PRODUCT_CATEGORY('Final Top','Final Top',(#6958));
#6955=APPLICATION_PROTOCOL_DEFINITION('international standard',
'automotive_design',2009,#6956);
#6956=APPLICATION_CONTEXT(
'Core Data for Automotive Mechanical Design Process');
#6957=PRODUCT_CONTEXT('part definition',#6956,'mechanical');
#6958=PRODUCT('2026-09-16-17-29-25-314','Final Top',$,(#6957));
#6959=PRESENTATION_STYLE_ASSIGNMENT((#6960));
#6960=SURFACE_STYLE_USAGE(.BOTH.,#6961);
#6961=SURFACE_SIDE_STYLE('',(#6962));
#6962=SURFACE_STYLE_FILL_AREA(#6963);
#6963=FILL_AREA_STYLE('Steel - Satin',(#6964));
#6964=FILL_AREA_STYLE_COLOUR('Steel - Satin',#6965);
#6965=COLOUR_RGB('Steel - Satin',0.627450980392157,0.627450980392157,0.627450980392157);
ENDSEC;
END-ISO-10303-21;
