ISO-10303-21;
HEADER;
/* Generated by software containing ST-Developer
 * from STEP Tools, Inc. (www.steptools.com) 
 */

FILE_DESCRIPTION(
/* description */ (''),
/* implementation_level */ '2;1');

FILE_NAME(
/* name */ 'Final Body Clock.step',
/* time_stamp */ '2026-09-23T12:15:16-04:00',
/* author */ (''),
/* organization */ (''),
/* preprocessor_version */ 'ST-DEVELOPER v20.2',
/* originating_system */ 'Autodesk Translation Framework v15.15.0.0',
/* authorisation */ '');

FILE_SCHEMA (('AUTOMOTIVE_DESIGN { 1 0 10303 214 3 1 1 }'));
ENDSEC;

DATA;
#10=MECHANICAL_DESIGN_GEOMETRIC_PRESENTATION_REPRESENTATION('',(#13),#12780);
#11=SHAPE_REPRESENTATION_RELATIONSHIP('SRR','None',#12787,#12);
#12=ADVANCED_BREP_SHAPE_REPRESENTATION('',(#14),#12779);
#13=STYLED_ITEM('',(#12797),#14);
#14=MANIFOLD_SOLID_BREP('Final Body Clock',#7966);
#15=FACE_BOUND('',#805,.T.);
#16=FACE_BOUND('',#810,.T.);
#17=FACE_BOUND('',#812,.T.);
#18=FACE_BOUND('',#817,.T.);
#19=FACE_BOUND('',#822,.T.);
#20=FACE_BOUND('',#862,.T.);
#21=FACE_BOUND('',#1125,.T.);
#22=FACE_BOUND('',#1126,.T.);
#23=FACE_BOUND('',#1127,.T.);
#24=FACE_BOUND('',#1128,.T.);
#25=FACE_BOUND('',#1129,.T.);
#26=PLANE('',#7983);
#27=PLANE('',#7987);
#28=PLANE('',#7991);
#29=PLANE('',#7995);
#30=PLANE('',#7996);
#31=PLANE('',#7997);
#32=PLANE('',#7998);
#33=PLANE('',#7999);
#34=PLANE('',#8000);
#35=PLANE('',#8001);
#36=PLANE('',#8002);
#37=PLANE('',#8003);
#38=PLANE('',#8006);
#39=PLANE('',#8007);
#40=PLANE('',#8008);
#41=PLANE('',#8009);
#42=PLANE('',#8010);
#43=PLANE('',#8011);
#44=PLANE('',#8012);
#45=PLANE('',#8013);
#46=PLANE('',#8014);
#47=PLANE('',#8015);
#48=PLANE('',#8016);
#49=PLANE('',#8017);
#50=PLANE('',#8018);
#51=PLANE('',#8019);
#52=PLANE('',#8020);
#53=PLANE('',#8021);
#54=PLANE('',#8022);
#55=PLANE('',#8023);
#56=PLANE('',#8024);
#57=PLANE('',#8025);
#58=PLANE('',#8026);
#59=PLANE('',#8027);
#60=PLANE('',#8029);
#61=PLANE('',#8030);
#62=PLANE('',#8031);
#63=PLANE('',#8032);
#64=PLANE('',#8034);
#65=PLANE('',#8036);
#66=PLANE('',#8038);
#67=PLANE('',#8039);
#68=PLANE('',#8040);
#69=PLANE('',#8045);
#70=PLANE('',#8050);
#71=PLANE('',#8051);
#72=PLANE('',#8052);
#73=PLANE('',#8056);
#74=PLANE('',#8060);
#75=PLANE('',#8064);
#76=PLANE('',#8068);
#77=PLANE('',#8069);
#78=PLANE('',#8070);
#79=PLANE('',#8071);
#80=PLANE('',#8072);
#81=PLANE('',#8073);
#82=PLANE('',#8074);
#83=PLANE('',#8075);
#84=PLANE('',#8076);
#85=PLANE('',#8078);
#86=PLANE('',#8081);
#87=PLANE('',#8082);
#88=PLANE('',#8083);
#89=PLANE('',#8084);
#90=PLANE('',#8085);
#91=PLANE('',#8086);
#92=PLANE('',#8087);
#93=PLANE('',#8088);
#94=PLANE('',#8089);
#95=PLANE('',#8090);
#96=PLANE('',#8091);
#97=PLANE('',#8092);
#98=PLANE('',#8093);
#99=PLANE('',#8094);
#100=PLANE('',#8095);
#101=PLANE('',#8096);
#102=PLANE('',#8097);
#103=PLANE('',#8098);
#104=PLANE('',#8099);
#105=PLANE('',#8100);
#106=PLANE('',#8101);
#107=PLANE('',#8103);
#108=PLANE('',#8106);
#109=PLANE('',#8107);
#110=PLANE('',#8108);
#111=PLANE('',#8111);
#112=PLANE('',#8114);
#113=PLANE('',#8115);
#114=PLANE('',#8116);
#115=PLANE('',#8117);
#116=PLANE('',#8118);
#117=PLANE('',#8121);
#118=PLANE('',#8122);
#119=PLANE('',#8123);
#120=PLANE('',#8124);
#121=PLANE('',#8125);
#122=PLANE('',#8126);
#123=PLANE('',#8127);
#124=PLANE('',#8128);
#125=PLANE('',#8129);
#126=PLANE('',#8130);
#127=PLANE('',#8131);
#128=PLANE('',#8132);
#129=PLANE('',#8135);
#130=PLANE('',#8138);
#131=PLANE('',#8139);
#132=PLANE('',#8140);
#133=PLANE('',#8143);
#134=PLANE('',#8146);
#135=PLANE('',#8147);
#136=PLANE('',#8148);
#137=PLANE('',#8149);
#138=PLANE('',#8150);
#139=PLANE('',#8151);
#140=PLANE('',#8152);
#141=PLANE('',#8153);
#142=PLANE('',#8154);
#143=PLANE('',#8155);
#144=PLANE('',#8156);
#145=PLANE('',#8157);
#146=PLANE('',#8158);
#147=PLANE('',#8159);
#148=PLANE('',#8160);
#149=PLANE('',#8161);
#150=PLANE('',#8162);
#151=PLANE('',#8163);
#152=PLANE('',#8164);
#153=PLANE('',#8165);
#154=PLANE('',#8168);
#155=PLANE('',#8171);
#156=PLANE('',#8172);
#157=PLANE('',#8195);
#158=PLANE('',#8196);
#159=PLANE('',#8197);
#160=PLANE('',#8198);
#161=PLANE('',#8199);
#162=PLANE('',#8200);
#163=PLANE('',#8201);
#164=PLANE('',#8202);
#165=PLANE('',#8203);
#166=PLANE('',#8204);
#167=PLANE('',#8205);
#168=PLANE('',#8206);
#169=PLANE('',#8207);
#170=PLANE('',#8208);
#171=PLANE('',#8209);
#172=PLANE('',#8210);
#173=PLANE('',#8211);
#174=PLANE('',#8212);
#175=PLANE('',#8213);
#176=PLANE('',#8214);
#177=PLANE('',#8215);
#178=PLANE('',#8216);
#179=PLANE('',#8217);
#180=PLANE('',#8218);
#181=PLANE('',#8219);
#182=PLANE('',#8244);
#183=PLANE('',#8245);
#184=PLANE('',#8246);
#185=PLANE('',#8247);
#186=PLANE('',#8248);
#187=PLANE('',#8249);
#188=PLANE('',#8250);
#189=PLANE('',#8251);
#190=PLANE('',#8252);
#191=PLANE('',#8253);
#192=PLANE('',#8254);
#193=PLANE('',#8255);
#194=PLANE('',#8256);
#195=PLANE('',#8257);
#196=PLANE('',#8258);
#197=PLANE('',#8259);
#198=PLANE('',#8260);
#199=PLANE('',#8261);
#200=PLANE('',#8262);
#201=PLANE('',#8263);
#202=PLANE('',#8264);
#203=PLANE('',#8265);
#204=PLANE('',#8266);
#205=PLANE('',#8267);
#206=PLANE('',#8268);
#207=PLANE('',#8269);
#208=PLANE('',#8270);
#209=PLANE('',#8271);
#210=PLANE('',#8272);
#211=PLANE('',#8273);
#212=PLANE('',#8274);
#213=PLANE('',#8275);
#214=PLANE('',#8276);
#215=PLANE('',#8277);
#216=PLANE('',#8278);
#217=PLANE('',#8279);
#218=PLANE('',#8280);
#219=PLANE('',#8281);
#220=PLANE('',#8282);
#221=PLANE('',#8283);
#222=PLANE('',#8284);
#223=PLANE('',#8285);
#224=PLANE('',#8286);
#225=PLANE('',#8287);
#226=PLANE('',#8288);
#227=PLANE('',#8289);
#228=PLANE('',#8290);
#229=PLANE('',#8291);
#230=PLANE('',#8292);
#231=PLANE('',#8293);
#232=PLANE('',#8294);
#233=PLANE('',#8295);
#234=PLANE('',#8296);
#235=PLANE('',#8297);
#236=PLANE('',#8298);
#237=PLANE('',#8299);
#238=PLANE('',#8300);
#239=PLANE('',#8301);
#240=PLANE('',#8302);
#241=PLANE('',#8303);
#242=PLANE('',#8304);
#243=PLANE('',#8305);
#244=PLANE('',#8306);
#245=PLANE('',#8307);
#246=PLANE('',#8308);
#247=PLANE('',#8309);
#248=PLANE('',#8310);
#249=PLANE('',#8311);
#250=PLANE('',#8312);
#251=PLANE('',#8313);
#252=PLANE('',#8314);
#253=PLANE('',#8315);
#254=PLANE('',#8316);
#255=PLANE('',#8317);
#256=PLANE('',#8318);
#257=PLANE('',#8319);
#258=PLANE('',#8320);
#259=PLANE('',#8321);
#260=PLANE('',#8322);
#261=PLANE('',#8323);
#262=PLANE('',#8324);
#263=PLANE('',#8325);
#264=PLANE('',#8326);
#265=PLANE('',#8327);
#266=PLANE('',#8328);
#267=PLANE('',#8329);
#268=PLANE('',#8330);
#269=PLANE('',#8331);
#270=PLANE('',#8332);
#271=PLANE('',#8333);
#272=PLANE('',#8334);
#273=PLANE('',#8335);
#274=PLANE('',#8336);
#275=PLANE('',#8337);
#276=PLANE('',#8338);
#277=PLANE('',#8339);
#278=PLANE('',#8340);
#279=PLANE('',#8341);
#280=PLANE('',#8342);
#281=PLANE('',#8343);
#282=PLANE('',#8344);
#283=PLANE('',#8345);
#284=PLANE('',#8346);
#285=PLANE('',#8347);
#286=PLANE('',#8348);
#287=PLANE('',#8349);
#288=PLANE('',#8350);
#289=PLANE('',#8351);
#290=PLANE('',#8352);
#291=PLANE('',#8353);
#292=PLANE('',#8354);
#293=PLANE('',#8355);
#294=PLANE('',#8356);
#295=PLANE('',#8357);
#296=PLANE('',#8358);
#297=PLANE('',#8359);
#298=PLANE('',#8360);
#299=PLANE('',#8361);
#300=PLANE('',#8362);
#301=PLANE('',#8363);
#302=PLANE('',#8364);
#303=PLANE('',#8365);
#304=PLANE('',#8366);
#305=PLANE('',#8367);
#306=PLANE('',#8368);
#307=PLANE('',#8369);
#308=PLANE('',#8370);
#309=PLANE('',#8371);
#310=PLANE('',#8372);
#311=PLANE('',#8373);
#312=PLANE('',#8374);
#313=PLANE('',#8375);
#314=PLANE('',#8376);
#315=PLANE('',#8377);
#316=PLANE('',#8378);
#317=PLANE('',#8379);
#318=PLANE('',#8380);
#319=PLANE('',#8381);
#320=PLANE('',#8382);
#321=PLANE('',#8383);
#322=PLANE('',#8384);
#323=PLANE('',#8385);
#324=PLANE('',#8386);
#325=PLANE('',#8387);
#326=PLANE('',#8388);
#327=PLANE('',#8389);
#328=PLANE('',#8390);
#329=PLANE('',#8391);
#330=PLANE('',#8392);
#331=PLANE('',#8393);
#332=PLANE('',#8394);
#333=PLANE('',#8395);
#334=PLANE('',#8396);
#335=PLANE('',#8397);
#336=PLANE('',#8398);
#337=PLANE('',#8399);
#338=PLANE('',#8400);
#339=PLANE('',#8401);
#340=PLANE('',#8402);
#341=PLANE('',#8403);
#342=PLANE('',#8404);
#343=PLANE('',#8405);
#344=PLANE('',#8406);
#345=PLANE('',#8407);
#346=PLANE('',#8408);
#347=PLANE('',#8409);
#348=PLANE('',#8410);
#349=PLANE('',#8411);
#350=PLANE('',#8412);
#351=PLANE('',#8413);
#352=PLANE('',#8414);
#353=PLANE('',#8415);
#354=PLANE('',#8416);
#355=PLANE('',#8417);
#356=PLANE('',#8418);
#357=PLANE('',#8419);
#358=PLANE('',#8420);
#359=PLANE('',#8421);
#360=PLANE('',#8422);
#361=PLANE('',#8423);
#362=PLANE('',#8424);
#363=PLANE('',#8425);
#364=PLANE('',#8426);
#365=PLANE('',#8427);
#366=PLANE('',#8428);
#367=PLANE('',#8429);
#368=PLANE('',#8430);
#369=PLANE('',#8431);
#370=PLANE('',#8432);
#371=PLANE('',#8433);
#372=PLANE('',#8434);
#373=PLANE('',#8435);
#374=PLANE('',#8436);
#375=PLANE('',#8437);
#376=PLANE('',#8438);
#377=PLANE('',#8439);
#378=PLANE('',#8440);
#379=PLANE('',#8441);
#380=PLANE('',#8442);
#381=PLANE('',#8443);
#382=PLANE('',#8444);
#383=PLANE('',#8445);
#384=PLANE('',#8446);
#385=PLANE('',#8447);
#386=PLANE('',#8448);
#387=PLANE('',#8449);
#388=PLANE('',#8450);
#389=PLANE('',#8451);
#390=PLANE('',#8452);
#391=PLANE('',#8453);
#392=PLANE('',#8454);
#393=PLANE('',#8455);
#394=PLANE('',#8456);
#395=PLANE('',#8457);
#396=PLANE('',#8458);
#397=PLANE('',#8459);
#398=PLANE('',#8460);
#399=PLANE('',#8461);
#400=PLANE('',#8462);
#401=PLANE('',#8463);
#402=PLANE('',#8464);
#403=PLANE('',#8465);
#404=FACE_OUTER_BOUND('',#794,.T.);
#405=FACE_OUTER_BOUND('',#795,.T.);
#406=FACE_OUTER_BOUND('',#796,.T.);
#407=FACE_OUTER_BOUND('',#797,.T.);
#408=FACE_OUTER_BOUND('',#798,.T.);
#409=FACE_OUTER_BOUND('',#799,.T.);
#410=FACE_OUTER_BOUND('',#800,.T.);
#411=FACE_OUTER_BOUND('',#801,.T.);
#412=FACE_OUTER_BOUND('',#802,.T.);
#413=FACE_OUTER_BOUND('',#803,.T.);
#414=FACE_OUTER_BOUND('',#804,.T.);
#415=FACE_OUTER_BOUND('',#806,.T.);
#416=FACE_OUTER_BOUND('',#807,.T.);
#417=FACE_OUTER_BOUND('',#808,.T.);
#418=FACE_OUTER_BOUND('',#809,.T.);
#419=FACE_OUTER_BOUND('',#811,.T.);
#420=FACE_OUTER_BOUND('',#813,.T.);
#421=FACE_OUTER_BOUND('',#814,.T.);
#422=FACE_OUTER_BOUND('',#815,.T.);
#423=FACE_OUTER_BOUND('',#816,.T.);
#424=FACE_OUTER_BOUND('',#818,.T.);
#425=FACE_OUTER_BOUND('',#819,.T.);
#426=FACE_OUTER_BOUND('',#820,.T.);
#427=FACE_OUTER_BOUND('',#821,.T.);
#428=FACE_OUTER_BOUND('',#823,.T.);
#429=FACE_OUTER_BOUND('',#824,.T.);
#430=FACE_OUTER_BOUND('',#825,.T.);
#431=FACE_OUTER_BOUND('',#826,.T.);
#432=FACE_OUTER_BOUND('',#827,.T.);
#433=FACE_OUTER_BOUND('',#828,.T.);
#434=FACE_OUTER_BOUND('',#829,.T.);
#435=FACE_OUTER_BOUND('',#830,.T.);
#436=FACE_OUTER_BOUND('',#831,.T.);
#437=FACE_OUTER_BOUND('',#832,.T.);
#438=FACE_OUTER_BOUND('',#833,.T.);
#439=FACE_OUTER_BOUND('',#834,.T.);
#440=FACE_OUTER_BOUND('',#835,.T.);
#441=FACE_OUTER_BOUND('',#836,.T.);
#442=FACE_OUTER_BOUND('',#837,.T.);
#443=FACE_OUTER_BOUND('',#838,.T.);
#444=FACE_OUTER_BOUND('',#839,.T.);
#445=FACE_OUTER_BOUND('',#840,.T.);
#446=FACE_OUTER_BOUND('',#841,.T.);
#447=FACE_OUTER_BOUND('',#842,.T.);
#448=FACE_OUTER_BOUND('',#843,.T.);
#449=FACE_OUTER_BOUND('',#844,.T.);
#450=FACE_OUTER_BOUND('',#845,.T.);
#451=FACE_OUTER_BOUND('',#846,.T.);
#452=FACE_OUTER_BOUND('',#847,.T.);
#453=FACE_OUTER_BOUND('',#848,.T.);
#454=FACE_OUTER_BOUND('',#849,.T.);
#455=FACE_OUTER_BOUND('',#850,.T.);
#456=FACE_OUTER_BOUND('',#851,.T.);
#457=FACE_OUTER_BOUND('',#852,.T.);
#458=FACE_OUTER_BOUND('',#853,.T.);
#459=FACE_OUTER_BOUND('',#854,.T.);
#460=FACE_OUTER_BOUND('',#855,.T.);
#461=FACE_OUTER_BOUND('',#856,.T.);
#462=FACE_OUTER_BOUND('',#857,.T.);
#463=FACE_OUTER_BOUND('',#858,.T.);
#464=FACE_OUTER_BOUND('',#859,.T.);
#465=FACE_OUTER_BOUND('',#860,.T.);
#466=FACE_OUTER_BOUND('',#861,.T.);
#467=FACE_OUTER_BOUND('',#863,.T.);
#468=FACE_OUTER_BOUND('',#864,.T.);
#469=FACE_OUTER_BOUND('',#865,.T.);
#470=FACE_OUTER_BOUND('',#866,.T.);
#471=FACE_OUTER_BOUND('',#867,.T.);
#472=FACE_OUTER_BOUND('',#868,.T.);
#473=FACE_OUTER_BOUND('',#869,.T.);
#474=FACE_OUTER_BOUND('',#870,.T.);
#475=FACE_OUTER_BOUND('',#871,.T.);
#476=FACE_OUTER_BOUND('',#872,.T.);
#477=FACE_OUTER_BOUND('',#873,.T.);
#478=FACE_OUTER_BOUND('',#874,.T.);
#479=FACE_OUTER_BOUND('',#875,.T.);
#480=FACE_OUTER_BOUND('',#876,.T.);
#481=FACE_OUTER_BOUND('',#877,.T.);
#482=FACE_OUTER_BOUND('',#878,.T.);
#483=FACE_OUTER_BOUND('',#879,.T.);
#484=FACE_OUTER_BOUND('',#880,.T.);
#485=FACE_OUTER_BOUND('',#881,.T.);
#486=FACE_OUTER_BOUND('',#882,.T.);
#487=FACE_OUTER_BOUND('',#883,.T.);
#488=FACE_OUTER_BOUND('',#884,.T.);
#489=FACE_OUTER_BOUND('',#885,.T.);
#490=FACE_OUTER_BOUND('',#886,.T.);
#491=FACE_OUTER_BOUND('',#887,.T.);
#492=FACE_OUTER_BOUND('',#888,.T.);
#493=FACE_OUTER_BOUND('',#889,.T.);
#494=FACE_OUTER_BOUND('',#890,.T.);
#495=FACE_OUTER_BOUND('',#891,.T.);
#496=FACE_OUTER_BOUND('',#892,.T.);
#497=FACE_OUTER_BOUND('',#893,.T.);
#498=FACE_OUTER_BOUND('',#894,.T.);
#499=FACE_OUTER_BOUND('',#895,.T.);
#500=FACE_OUTER_BOUND('',#896,.T.);
#501=FACE_OUTER_BOUND('',#897,.T.);
#502=FACE_OUTER_BOUND('',#898,.T.);
#503=FACE_OUTER_BOUND('',#899,.T.);
#504=FACE_OUTER_BOUND('',#900,.T.);
#505=FACE_OUTER_BOUND('',#901,.T.);
#506=FACE_OUTER_BOUND('',#902,.T.);
#507=FACE_OUTER_BOUND('',#903,.T.);
#508=FACE_OUTER_BOUND('',#904,.T.);
#509=FACE_OUTER_BOUND('',#905,.T.);
#510=FACE_OUTER_BOUND('',#906,.T.);
#511=FACE_OUTER_BOUND('',#907,.T.);
#512=FACE_OUTER_BOUND('',#908,.T.);
#513=FACE_OUTER_BOUND('',#909,.T.);
#514=FACE_OUTER_BOUND('',#910,.T.);
#515=FACE_OUTER_BOUND('',#911,.T.);
#516=FACE_OUTER_BOUND('',#912,.T.);
#517=FACE_OUTER_BOUND('',#913,.T.);
#518=FACE_OUTER_BOUND('',#914,.T.);
#519=FACE_OUTER_BOUND('',#915,.T.);
#520=FACE_OUTER_BOUND('',#916,.T.);
#521=FACE_OUTER_BOUND('',#917,.T.);
#522=FACE_OUTER_BOUND('',#918,.T.);
#523=FACE_OUTER_BOUND('',#919,.T.);
#524=FACE_OUTER_BOUND('',#920,.T.);
#525=FACE_OUTER_BOUND('',#921,.T.);
#526=FACE_OUTER_BOUND('',#922,.T.);
#527=FACE_OUTER_BOUND('',#923,.T.);
#528=FACE_OUTER_BOUND('',#924,.T.);
#529=FACE_OUTER_BOUND('',#925,.T.);
#530=FACE_OUTER_BOUND('',#926,.T.);
#531=FACE_OUTER_BOUND('',#927,.T.);
#532=FACE_OUTER_BOUND('',#928,.T.);
#533=FACE_OUTER_BOUND('',#929,.T.);
#534=FACE_OUTER_BOUND('',#930,.T.);
#535=FACE_OUTER_BOUND('',#931,.T.);
#536=FACE_OUTER_BOUND('',#932,.T.);
#537=FACE_OUTER_BOUND('',#933,.T.);
#538=FACE_OUTER_BOUND('',#934,.T.);
#539=FACE_OUTER_BOUND('',#935,.T.);
#540=FACE_OUTER_BOUND('',#936,.T.);
#541=FACE_OUTER_BOUND('',#937,.T.);
#542=FACE_OUTER_BOUND('',#938,.T.);
#543=FACE_OUTER_BOUND('',#939,.T.);
#544=FACE_OUTER_BOUND('',#940,.T.);
#545=FACE_OUTER_BOUND('',#941,.T.);
#546=FACE_OUTER_BOUND('',#942,.T.);
#547=FACE_OUTER_BOUND('',#943,.T.);
#548=FACE_OUTER_BOUND('',#944,.T.);
#549=FACE_OUTER_BOUND('',#945,.T.);
#550=FACE_OUTER_BOUND('',#946,.T.);
#551=FACE_OUTER_BOUND('',#947,.T.);
#552=FACE_OUTER_BOUND('',#948,.T.);
#553=FACE_OUTER_BOUND('',#949,.T.);
#554=FACE_OUTER_BOUND('',#950,.T.);
#555=FACE_OUTER_BOUND('',#951,.T.);
#556=FACE_OUTER_BOUND('',#952,.T.);
#557=FACE_OUTER_BOUND('',#953,.T.);
#558=FACE_OUTER_BOUND('',#954,.T.);
#559=FACE_OUTER_BOUND('',#955,.T.);
#560=FACE_OUTER_BOUND('',#956,.T.);
#561=FACE_OUTER_BOUND('',#957,.T.);
#562=FACE_OUTER_BOUND('',#958,.T.);
#563=FACE_OUTER_BOUND('',#959,.T.);
#564=FACE_OUTER_BOUND('',#960,.T.);
#565=FACE_OUTER_BOUND('',#961,.T.);
#566=FACE_OUTER_BOUND('',#962,.T.);
#567=FACE_OUTER_BOUND('',#963,.T.);
#568=FACE_OUTER_BOUND('',#964,.T.);
#569=FACE_OUTER_BOUND('',#965,.T.);
#570=FACE_OUTER_BOUND('',#966,.T.);
#571=FACE_OUTER_BOUND('',#967,.T.);
#572=FACE_OUTER_BOUND('',#968,.T.);
#573=FACE_OUTER_BOUND('',#969,.T.);
#574=FACE_OUTER_BOUND('',#970,.T.);
#575=FACE_OUTER_BOUND('',#971,.T.);
#576=FACE_OUTER_BOUND('',#972,.T.);
#577=FACE_OUTER_BOUND('',#973,.T.);
#578=FACE_OUTER_BOUND('',#974,.T.);
#579=FACE_OUTER_BOUND('',#975,.T.);
#580=FACE_OUTER_BOUND('',#976,.T.);
#581=FACE_OUTER_BOUND('',#977,.T.);
#582=FACE_OUTER_BOUND('',#978,.T.);
#583=FACE_OUTER_BOUND('',#979,.T.);
#584=FACE_OUTER_BOUND('',#980,.T.);
#585=FACE_OUTER_BOUND('',#981,.T.);
#586=FACE_OUTER_BOUND('',#982,.T.);
#587=FACE_OUTER_BOUND('',#983,.T.);
#588=FACE_OUTER_BOUND('',#984,.T.);
#589=FACE_OUTER_BOUND('',#985,.T.);
#590=FACE_OUTER_BOUND('',#986,.T.);
#591=FACE_OUTER_BOUND('',#987,.T.);
#592=FACE_OUTER_BOUND('',#988,.T.);
#593=FACE_OUTER_BOUND('',#989,.T.);
#594=FACE_OUTER_BOUND('',#990,.T.);
#595=FACE_OUTER_BOUND('',#991,.T.);
#596=FACE_OUTER_BOUND('',#992,.T.);
#597=FACE_OUTER_BOUND('',#993,.T.);
#598=FACE_OUTER_BOUND('',#994,.T.);
#599=FACE_OUTER_BOUND('',#995,.T.);
#600=FACE_OUTER_BOUND('',#996,.T.);
#601=FACE_OUTER_BOUND('',#997,.T.);
#602=FACE_OUTER_BOUND('',#998,.T.);
#603=FACE_OUTER_BOUND('',#999,.T.);
#604=FACE_OUTER_BOUND('',#1000,.T.);
#605=FACE_OUTER_BOUND('',#1001,.T.);
#606=FACE_OUTER_BOUND('',#1002,.T.);
#607=FACE_OUTER_BOUND('',#1003,.T.);
#608=FACE_OUTER_BOUND('',#1004,.T.);
#609=FACE_OUTER_BOUND('',#1005,.T.);
#610=FACE_OUTER_BOUND('',#1006,.T.);
#611=FACE_OUTER_BOUND('',#1007,.T.);
#612=FACE_OUTER_BOUND('',#1008,.T.);
#613=FACE_OUTER_BOUND('',#1009,.T.);
#614=FACE_OUTER_BOUND('',#1010,.T.);
#615=FACE_OUTER_BOUND('',#1011,.T.);
#616=FACE_OUTER_BOUND('',#1012,.T.);
#617=FACE_OUTER_BOUND('',#1013,.T.);
#618=FACE_OUTER_BOUND('',#1014,.T.);
#619=FACE_OUTER_BOUND('',#1015,.T.);
#620=FACE_OUTER_BOUND('',#1016,.T.);
#621=FACE_OUTER_BOUND('',#1017,.T.);
#622=FACE_OUTER_BOUND('',#1018,.T.);
#623=FACE_OUTER_BOUND('',#1019,.T.);
#624=FACE_OUTER_BOUND('',#1020,.T.);
#625=FACE_OUTER_BOUND('',#1021,.T.);
#626=FACE_OUTER_BOUND('',#1022,.T.);
#627=FACE_OUTER_BOUND('',#1023,.T.);
#628=FACE_OUTER_BOUND('',#1024,.T.);
#629=FACE_OUTER_BOUND('',#1025,.T.);
#630=FACE_OUTER_BOUND('',#1026,.T.);
#631=FACE_OUTER_BOUND('',#1027,.T.);
#632=FACE_OUTER_BOUND('',#1028,.T.);
#633=FACE_OUTER_BOUND('',#1029,.T.);
#634=FACE_OUTER_BOUND('',#1030,.T.);
#635=FACE_OUTER_BOUND('',#1031,.T.);
#636=FACE_OUTER_BOUND('',#1032,.T.);
#637=FACE_OUTER_BOUND('',#1033,.T.);
#638=FACE_OUTER_BOUND('',#1034,.T.);
#639=FACE_OUTER_BOUND('',#1035,.T.);
#640=FACE_OUTER_BOUND('',#1036,.T.);
#641=FACE_OUTER_BOUND('',#1037,.T.);
#642=FACE_OUTER_BOUND('',#1038,.T.);
#643=FACE_OUTER_BOUND('',#1039,.T.);
#644=FACE_OUTER_BOUND('',#1040,.T.);
#645=FACE_OUTER_BOUND('',#1041,.T.);
#646=FACE_OUTER_BOUND('',#1042,.T.);
#647=FACE_OUTER_BOUND('',#1043,.T.);
#648=FACE_OUTER_BOUND('',#1044,.T.);
#649=FACE_OUTER_BOUND('',#1045,.T.);
#650=FACE_OUTER_BOUND('',#1046,.T.);
#651=FACE_OUTER_BOUND('',#1047,.T.);
#652=FACE_OUTER_BOUND('',#1048,.T.);
#653=FACE_OUTER_BOUND('',#1049,.T.);
#654=FACE_OUTER_BOUND('',#1050,.T.);
#655=FACE_OUTER_BOUND('',#1051,.T.);
#656=FACE_OUTER_BOUND('',#1052,.T.);
#657=FACE_OUTER_BOUND('',#1053,.T.);
#658=FACE_OUTER_BOUND('',#1054,.T.);
#659=FACE_OUTER_BOUND('',#1055,.T.);
#660=FACE_OUTER_BOUND('',#1056,.T.);
#661=FACE_OUTER_BOUND('',#1057,.T.);
#662=FACE_OUTER_BOUND('',#1058,.T.);
#663=FACE_OUTER_BOUND('',#1059,.T.);
#664=FACE_OUTER_BOUND('',#1060,.T.);
#665=FACE_OUTER_BOUND('',#1061,.T.);
#666=FACE_OUTER_BOUND('',#1062,.T.);
#667=FACE_OUTER_BOUND('',#1063,.T.);
#668=FACE_OUTER_BOUND('',#1064,.T.);
#669=FACE_OUTER_BOUND('',#1065,.T.);
#670=FACE_OUTER_BOUND('',#1066,.T.);
#671=FACE_OUTER_BOUND('',#1067,.T.);
#672=FACE_OUTER_BOUND('',#1068,.T.);
#673=FACE_OUTER_BOUND('',#1069,.T.);
#674=FACE_OUTER_BOUND('',#1070,.T.);
#675=FACE_OUTER_BOUND('',#1071,.T.);
#676=FACE_OUTER_BOUND('',#1072,.T.);
#677=FACE_OUTER_BOUND('',#1073,.T.);
#678=FACE_OUTER_BOUND('',#1074,.T.);
#679=FACE_OUTER_BOUND('',#1075,.T.);
#680=FACE_OUTER_BOUND('',#1076,.T.);
#681=FACE_OUTER_BOUND('',#1077,.T.);
#682=FACE_OUTER_BOUND('',#1078,.T.);
#683=FACE_OUTER_BOUND('',#1079,.T.);
#684=FACE_OUTER_BOUND('',#1080,.T.);
#685=FACE_OUTER_BOUND('',#1081,.T.);
#686=FACE_OUTER_BOUND('',#1082,.T.);
#687=FACE_OUTER_BOUND('',#1083,.T.);
#688=FACE_OUTER_BOUND('',#1084,.T.);
#689=FACE_OUTER_BOUND('',#1085,.T.);
#690=FACE_OUTER_BOUND('',#1086,.T.);
#691=FACE_OUTER_BOUND('',#1087,.T.);
#692=FACE_OUTER_BOUND('',#1088,.T.);
#693=FACE_OUTER_BOUND('',#1089,.T.);
#694=FACE_OUTER_BOUND('',#1090,.T.);
#695=FACE_OUTER_BOUND('',#1091,.T.);
#696=FACE_OUTER_BOUND('',#1092,.T.);
#697=FACE_OUTER_BOUND('',#1093,.T.);
#698=FACE_OUTER_BOUND('',#1094,.T.);
#699=FACE_OUTER_BOUND('',#1095,.T.);
#700=FACE_OUTER_BOUND('',#1096,.T.);
#701=FACE_OUTER_BOUND('',#1097,.T.);
#702=FACE_OUTER_BOUND('',#1098,.T.);
#703=FACE_OUTER_BOUND('',#1099,.T.);
#704=FACE_OUTER_BOUND('',#1100,.T.);
#705=FACE_OUTER_BOUND('',#1101,.T.);
#706=FACE_OUTER_BOUND('',#1102,.T.);
#707=FACE_OUTER_BOUND('',#1103,.T.);
#708=FACE_OUTER_BOUND('',#1104,.T.);
#709=FACE_OUTER_BOUND('',#1105,.T.);
#710=FACE_OUTER_BOUND('',#1106,.T.);
#711=FACE_OUTER_BOUND('',#1107,.T.);
#712=FACE_OUTER_BOUND('',#1108,.T.);
#713=FACE_OUTER_BOUND('',#1109,.T.);
#714=FACE_OUTER_BOUND('',#1110,.T.);
#715=FACE_OUTER_BOUND('',#1111,.T.);
#716=FACE_OUTER_BOUND('',#1112,.T.);
#717=FACE_OUTER_BOUND('',#1113,.T.);
#718=FACE_OUTER_BOUND('',#1114,.T.);
#719=FACE_OUTER_BOUND('',#1115,.T.);
#720=FACE_OUTER_BOUND('',#1116,.T.);
#721=FACE_OUTER_BOUND('',#1117,.T.);
#722=FACE_OUTER_BOUND('',#1118,.T.);
#723=FACE_OUTER_BOUND('',#1119,.T.);
#724=FACE_OUTER_BOUND('',#1120,.T.);
#725=FACE_OUTER_BOUND('',#1121,.T.);
#726=FACE_OUTER_BOUND('',#1122,.T.);
#727=FACE_OUTER_BOUND('',#1123,.T.);
#728=FACE_OUTER_BOUND('',#1124,.T.);
#729=FACE_OUTER_BOUND('',#1130,.T.);
#730=FACE_OUTER_BOUND('',#1131,.T.);
#731=FACE_OUTER_BOUND('',#1132,.T.);
#732=FACE_OUTER_BOUND('',#1133,.T.);
#733=FACE_OUTER_BOUND('',#1134,.T.);
#734=FACE_OUTER_BOUND('',#1135,.T.);
#735=FACE_OUTER_BOUND('',#1136,.T.);
#736=FACE_OUTER_BOUND('',#1137,.T.);
#737=FACE_OUTER_BOUND('',#1138,.T.);
#738=FACE_OUTER_BOUND('',#1139,.T.);
#739=FACE_OUTER_BOUND('',#1140,.T.);
#740=FACE_OUTER_BOUND('',#1141,.T.);
#741=FACE_OUTER_BOUND('',#1142,.T.);
#742=FACE_OUTER_BOUND('',#1143,.T.);
#743=FACE_OUTER_BOUND('',#1144,.T.);
#744=FACE_OUTER_BOUND('',#1145,.T.);
#745=FACE_OUTER_BOUND('',#1146,.T.);
#746=FACE_OUTER_BOUND('',#1147,.T.);
#747=FACE_OUTER_BOUND('',#1148,.T.);
#748=FACE_OUTER_BOUND('',#1149,.T.);
#749=FACE_OUTER_BOUND('',#1150,.T.);
#750=FACE_OUTER_BOUND('',#1151,.T.);
#751=FACE_OUTER_BOUND('',#1152,.T.);
#752=FACE_OUTER_BOUND('',#1153,.T.);
#753=FACE_OUTER_BOUND('',#1154,.T.);
#754=FACE_OUTER_BOUND('',#1155,.T.);
#755=FACE_OUTER_BOUND('',#1156,.T.);
#756=FACE_OUTER_BOUND('',#1157,.T.);
#757=FACE_OUTER_BOUND('',#1158,.T.);
#758=FACE_OUTER_BOUND('',#1159,.T.);
#759=FACE_OUTER_BOUND('',#1160,.T.);
#760=FACE_OUTER_BOUND('',#1161,.T.);
#761=FACE_OUTER_BOUND('',#1162,.T.);
#762=FACE_OUTER_BOUND('',#1163,.T.);
#763=FACE_OUTER_BOUND('',#1164,.T.);
#764=FACE_OUTER_BOUND('',#1165,.T.);
#765=FACE_OUTER_BOUND('',#1166,.T.);
#766=FACE_OUTER_BOUND('',#1167,.T.);
#767=FACE_OUTER_BOUND('',#1168,.T.);
#768=FACE_OUTER_BOUND('',#1169,.T.);
#769=FACE_OUTER_BOUND('',#1170,.T.);
#770=FACE_OUTER_BOUND('',#1171,.T.);
#771=FACE_OUTER_BOUND('',#1172,.T.);
#772=FACE_OUTER_BOUND('',#1173,.T.);
#773=FACE_OUTER_BOUND('',#1174,.T.);
#774=FACE_OUTER_BOUND('',#1175,.T.);
#775=FACE_OUTER_BOUND('',#1176,.T.);
#776=FACE_OUTER_BOUND('',#1177,.T.);
#777=FACE_OUTER_BOUND('',#1178,.T.);
#778=FACE_OUTER_BOUND('',#1179,.T.);
#779=FACE_OUTER_BOUND('',#1180,.T.);
#780=FACE_OUTER_BOUND('',#1181,.T.);
#781=FACE_OUTER_BOUND('',#1182,.T.);
#782=FACE_OUTER_BOUND('',#1183,.T.);
#783=FACE_OUTER_BOUND('',#1184,.T.);
#784=FACE_OUTER_BOUND('',#1185,.T.);
#785=FACE_OUTER_BOUND('',#1186,.T.);
#786=FACE_OUTER_BOUND('',#1187,.T.);
#787=FACE_OUTER_BOUND('',#1188,.T.);
#788=FACE_OUTER_BOUND('',#1189,.T.);
#789=FACE_OUTER_BOUND('',#1190,.T.);
#790=FACE_OUTER_BOUND('',#1191,.T.);
#791=FACE_OUTER_BOUND('',#1192,.T.);
#792=FACE_OUTER_BOUND('',#1193,.T.);
#793=FACE_OUTER_BOUND('',#1194,.T.);
#794=EDGE_LOOP('',(#5282,#5283,#5284,#5285));
#795=EDGE_LOOP('',(#5286));
#796=EDGE_LOOP('',(#5287,#5288,#5289,#5290));
#797=EDGE_LOOP('',(#5291));
#798=EDGE_LOOP('',(#5292,#5293,#5294,#5295));
#799=EDGE_LOOP('',(#5296));
#800=EDGE_LOOP('',(#5297,#5298,#5299,#5300));
#801=EDGE_LOOP('',(#5301));
#802=EDGE_LOOP('',(#5302,#5303,#5304,#5305));
#803=EDGE_LOOP('',(#5306,#5307,#5308,#5309));
#804=EDGE_LOOP('',(#5310,#5311,#5312,#5313));
#805=EDGE_LOOP('',(#5314));
#806=EDGE_LOOP('',(#5315,#5316,#5317,#5318,#5319,#5320,#5321,#5322));
#807=EDGE_LOOP('',(#5323,#5324,#5325,#5326));
#808=EDGE_LOOP('',(#5327,#5328,#5329,#5330));
#809=EDGE_LOOP('',(#5331,#5332,#5333,#5334));
#810=EDGE_LOOP('',(#5335));
#811=EDGE_LOOP('',(#5336,#5337,#5338,#5339,#5340,#5341,#5342,#5343));
#812=EDGE_LOOP('',(#5344,#5345,#5346,#5347));
#813=EDGE_LOOP('',(#5348,#5349,#5350,#5351,#5352,#5353,#5354,#5355,#5356,
#5357,#5358,#5359,#5360,#5361));
#814=EDGE_LOOP('',(#5362,#5363,#5364,#5365));
#815=EDGE_LOOP('',(#5366,#5367,#5368,#5369));
#816=EDGE_LOOP('',(#5370,#5371,#5372,#5373));
#817=EDGE_LOOP('',(#5374));
#818=EDGE_LOOP('',(#5375,#5376,#5377,#5378,#5379,#5380,#5381,#5382));
#819=EDGE_LOOP('',(#5383,#5384,#5385,#5386));
#820=EDGE_LOOP('',(#5387,#5388,#5389,#5390));
#821=EDGE_LOOP('',(#5391,#5392,#5393,#5394));
#822=EDGE_LOOP('',(#5395));
#823=EDGE_LOOP('',(#5396,#5397,#5398,#5399));
#824=EDGE_LOOP('',(#5400,#5401,#5402,#5403,#5404,#5405));
#825=EDGE_LOOP('',(#5406,#5407,#5408,#5409,#5410));
#826=EDGE_LOOP('',(#5411,#5412,#5413,#5414));
#827=EDGE_LOOP('',(#5415,#5416,#5417,#5418,#5419,#5420));
#828=EDGE_LOOP('',(#5421,#5422,#5423,#5424,#5425,#5426));
#829=EDGE_LOOP('',(#5427,#5428,#5429,#5430));
#830=EDGE_LOOP('',(#5431,#5432,#5433,#5434));
#831=EDGE_LOOP('',(#5435,#5436,#5437,#5438));
#832=EDGE_LOOP('',(#5439,#5440,#5441,#5442));
#833=EDGE_LOOP('',(#5443,#5444,#5445,#5446));
#834=EDGE_LOOP('',(#5447,#5448,#5449,#5450));
#835=EDGE_LOOP('',(#5451,#5452,#5453,#5454));
#836=EDGE_LOOP('',(#5455,#5456,#5457,#5458));
#837=EDGE_LOOP('',(#5459,#5460,#5461,#5462));
#838=EDGE_LOOP('',(#5463,#5464,#5465,#5466));
#839=EDGE_LOOP('',(#5467,#5468,#5469,#5470));
#840=EDGE_LOOP('',(#5471,#5472,#5473,#5474));
#841=EDGE_LOOP('',(#5475,#5476,#5477,#5478,#5479));
#842=EDGE_LOOP('',(#5480,#5481,#5482,#5483,#5484));
#843=EDGE_LOOP('',(#5485,#5486,#5487,#5488));
#844=EDGE_LOOP('',(#5489,#5490,#5491,#5492));
#845=EDGE_LOOP('',(#5493,#5494,#5495,#5496));
#846=EDGE_LOOP('',(#5497,#5498,#5499,#5500,#5501,#5502,#5503,#5504,#5505,
#5506,#5507,#5508));
#847=EDGE_LOOP('',(#5509,#5510,#5511,#5512,#5513,#5514,#5515,#5516,#5517,
#5518));
#848=EDGE_LOOP('',(#5519,#5520,#5521,#5522,#5523,#5524,#5525,#5526,#5527,
#5528,#5529,#5530));
#849=EDGE_LOOP('',(#5531,#5532,#5533,#5534,#5535,#5536,#5537,#5538,#5539,
#5540));
#850=EDGE_LOOP('',(#5541,#5542,#5543,#5544));
#851=EDGE_LOOP('',(#5545,#5546,#5547,#5548));
#852=EDGE_LOOP('',(#5549,#5550,#5551,#5552));
#853=EDGE_LOOP('',(#5553));
#854=EDGE_LOOP('',(#5554,#5555,#5556,#5557));
#855=EDGE_LOOP('',(#5558));
#856=EDGE_LOOP('',(#5559,#5560,#5561,#5562));
#857=EDGE_LOOP('',(#5563));
#858=EDGE_LOOP('',(#5564,#5565,#5566,#5567));
#859=EDGE_LOOP('',(#5568));
#860=EDGE_LOOP('',(#5569,#5570,#5571,#5572));
#861=EDGE_LOOP('',(#5573,#5574,#5575,#5576));
#862=EDGE_LOOP('',(#5577,#5578,#5579,#5580));
#863=EDGE_LOOP('',(#5581,#5582,#5583,#5584));
#864=EDGE_LOOP('',(#5585,#5586,#5587,#5588));
#865=EDGE_LOOP('',(#5589,#5590,#5591,#5592,#5593,#5594));
#866=EDGE_LOOP('',(#5595,#5596,#5597,#5598));
#867=EDGE_LOOP('',(#5599,#5600,#5601,#5602,#5603,#5604,#5605,#5606,#5607,
#5608,#5609,#5610,#5611,#5612,#5613,#5614,#5615,#5616,#5617,#5618,#5619,
#5620,#5621,#5622,#5623,#5624,#5625,#5626,#5627,#5628,#5629,#5630,#5631,
#5632,#5633,#5634,#5635,#5636,#5637,#5638,#5639,#5640,#5641,#5642,#5643,
#5644,#5645,#5646,#5647,#5648,#5649,#5650,#5651,#5652,#5653,#5654,#5655,
#5656,#5657,#5658,#5659,#5660,#5661,#5662,#5663,#5664,#5665,#5666,#5667,
#5668,#5669,#5670,#5671,#5672,#5673,#5674,#5675,#5676,#5677,#5678,#5679,
#5680,#5681,#5682,#5683,#5684,#5685,#5686,#5687,#5688,#5689,#5690,#5691,
#5692,#5693,#5694,#5695,#5696,#5697,#5698,#5699,#5700,#5701,#5702,#5703,
#5704,#5705,#5706,#5707,#5708,#5709,#5710,#5711,#5712,#5713,#5714,#5715,
#5716,#5717,#5718,#5719,#5720,#5721,#5722,#5723,#5724,#5725,#5726,#5727,
#5728,#5729,#5730,#5731,#5732,#5733,#5734,#5735,#5736,#5737,#5738,#5739,
#5740,#5741,#5742,#5743,#5744,#5745,#5746,#5747,#5748,#5749,#5750,#5751,
#5752,#5753,#5754,#5755,#5756,#5757,#5758,#5759,#5760,#5761,#5762,#5763,
#5764,#5765,#5766,#5767,#5768,#5769,#5770,#5771,#5772,#5773,#5774,#5775,
#5776,#5777,#5778,#5779,#5780,#5781,#5782,#5783,#5784,#5785,#5786,#5787,
#5788,#5789,#5790,#5791,#5792,#5793,#5794));
#868=EDGE_LOOP('',(#5795,#5796));
#869=EDGE_LOOP('',(#5797,#5798,#5799,#5800));
#870=EDGE_LOOP('',(#5801,#5802,#5803,#5804));
#871=EDGE_LOOP('',(#5805,#5806,#5807,#5808));
#872=EDGE_LOOP('',(#5809,#5810,#5811,#5812,#5813,#5814,#5815,#5816,#5817,
#5818,#5819,#5820,#5821,#5822,#5823,#5824,#5825,#5826,#5827,#5828,#5829,
#5830,#5831,#5832,#5833,#5834,#5835,#5836,#5837,#5838,#5839,#5840,#5841,
#5842,#5843,#5844,#5845,#5846,#5847,#5848,#5849,#5850,#5851,#5852,#5853,
#5854,#5855,#5856,#5857,#5858,#5859,#5860,#5861,#5862,#5863,#5864));
#873=EDGE_LOOP('',(#5865,#5866,#5867,#5868));
#874=EDGE_LOOP('',(#5869,#5870,#5871,#5872));
#875=EDGE_LOOP('',(#5873,#5874,#5875,#5876));
#876=EDGE_LOOP('',(#5877,#5878,#5879,#5880));
#877=EDGE_LOOP('',(#5881,#5882,#5883,#5884));
#878=EDGE_LOOP('',(#5885,#5886,#5887,#5888));
#879=EDGE_LOOP('',(#5889,#5890,#5891,#5892));
#880=EDGE_LOOP('',(#5893,#5894,#5895,#5896));
#881=EDGE_LOOP('',(#5897,#5898,#5899,#5900));
#882=EDGE_LOOP('',(#5901,#5902,#5903,#5904));
#883=EDGE_LOOP('',(#5905,#5906,#5907,#5908));
#884=EDGE_LOOP('',(#5909,#5910,#5911,#5912));
#885=EDGE_LOOP('',(#5913,#5914,#5915,#5916));
#886=EDGE_LOOP('',(#5917,#5918,#5919,#5920));
#887=EDGE_LOOP('',(#5921,#5922,#5923,#5924));
#888=EDGE_LOOP('',(#5925,#5926,#5927,#5928));
#889=EDGE_LOOP('',(#5929,#5930,#5931,#5932));
#890=EDGE_LOOP('',(#5933,#5934));
#891=EDGE_LOOP('',(#5935,#5936,#5937,#5938));
#892=EDGE_LOOP('',(#5939,#5940,#5941,#5942));
#893=EDGE_LOOP('',(#5943,#5944,#5945,#5946));
#894=EDGE_LOOP('',(#5947,#5948,#5949,#5950));
#895=EDGE_LOOP('',(#5951,#5952,#5953,#5954));
#896=EDGE_LOOP('',(#5955,#5956,#5957,#5958));
#897=EDGE_LOOP('',(#5959,#5960,#5961,#5962));
#898=EDGE_LOOP('',(#5963,#5964,#5965,#5966));
#899=EDGE_LOOP('',(#5967,#5968,#5969,#5970));
#900=EDGE_LOOP('',(#5971,#5972,#5973,#5974,#5975,#5976,#5977));
#901=EDGE_LOOP('',(#5978,#5979,#5980,#5981));
#902=EDGE_LOOP('',(#5982,#5983,#5984,#5985));
#903=EDGE_LOOP('',(#5986,#5987,#5988,#5989));
#904=EDGE_LOOP('',(#5990,#5991,#5992,#5993));
#905=EDGE_LOOP('',(#5994,#5995,#5996,#5997));
#906=EDGE_LOOP('',(#5998,#5999,#6000,#6001));
#907=EDGE_LOOP('',(#6002,#6003,#6004,#6005));
#908=EDGE_LOOP('',(#6006,#6007,#6008,#6009));
#909=EDGE_LOOP('',(#6010,#6011,#6012,#6013));
#910=EDGE_LOOP('',(#6014,#6015,#6016,#6017));
#911=EDGE_LOOP('',(#6018,#6019,#6020,#6021));
#912=EDGE_LOOP('',(#6022,#6023,#6024,#6025));
#913=EDGE_LOOP('',(#6026,#6027,#6028,#6029));
#914=EDGE_LOOP('',(#6030,#6031,#6032,#6033));
#915=EDGE_LOOP('',(#6034,#6035,#6036,#6037));
#916=EDGE_LOOP('',(#6038,#6039,#6040,#6041));
#917=EDGE_LOOP('',(#6042,#6043,#6044,#6045));
#918=EDGE_LOOP('',(#6046,#6047,#6048,#6049));
#919=EDGE_LOOP('',(#6050,#6051,#6052,#6053));
#920=EDGE_LOOP('',(#6054,#6055,#6056,#6057));
#921=EDGE_LOOP('',(#6058,#6059,#6060,#6061));
#922=EDGE_LOOP('',(#6062,#6063,#6064,#6065));
#923=EDGE_LOOP('',(#6066,#6067,#6068,#6069));
#924=EDGE_LOOP('',(#6070,#6071,#6072,#6073));
#925=EDGE_LOOP('',(#6074,#6075,#6076,#6077));
#926=EDGE_LOOP('',(#6078,#6079,#6080,#6081));
#927=EDGE_LOOP('',(#6082,#6083,#6084,#6085));
#928=EDGE_LOOP('',(#6086,#6087,#6088,#6089));
#929=EDGE_LOOP('',(#6090,#6091,#6092,#6093));
#930=EDGE_LOOP('',(#6094,#6095,#6096,#6097));
#931=EDGE_LOOP('',(#6098,#6099,#6100,#6101));
#932=EDGE_LOOP('',(#6102,#6103,#6104,#6105));
#933=EDGE_LOOP('',(#6106,#6107,#6108,#6109));
#934=EDGE_LOOP('',(#6110,#6111,#6112,#6113));
#935=EDGE_LOOP('',(#6114,#6115,#6116,#6117));
#936=EDGE_LOOP('',(#6118,#6119,#6120,#6121));
#937=EDGE_LOOP('',(#6122,#6123,#6124,#6125));
#938=EDGE_LOOP('',(#6126,#6127,#6128,#6129));
#939=EDGE_LOOP('',(#6130,#6131,#6132,#6133));
#940=EDGE_LOOP('',(#6134,#6135,#6136,#6137));
#941=EDGE_LOOP('',(#6138,#6139,#6140,#6141,#6142,#6143,#6144,#6145,#6146,
#6147,#6148,#6149,#6150,#6151,#6152,#6153,#6154,#6155,#6156,#6157,#6158,
#6159,#6160,#6161,#6162,#6163,#6164,#6165,#6166,#6167,#6168,#6169,#6170,
#6171,#6172,#6173,#6174,#6175,#6176,#6177,#6178,#6179,#6180,#6181,#6182,
#6183,#6184,#6185,#6186,#6187,#6188,#6189,#6190,#6191,#6192,#6193,#6194,
#6195,#6196,#6197,#6198,#6199,#6200,#6201,#6202,#6203,#6204,#6205));
#942=EDGE_LOOP('',(#6206,#6207,#6208,#6209));
#943=EDGE_LOOP('',(#6210,#6211,#6212,#6213));
#944=EDGE_LOOP('',(#6214,#6215,#6216,#6217));
#945=EDGE_LOOP('',(#6218,#6219,#6220,#6221));
#946=EDGE_LOOP('',(#6222,#6223,#6224,#6225));
#947=EDGE_LOOP('',(#6226,#6227,#6228,#6229));
#948=EDGE_LOOP('',(#6230,#6231,#6232,#6233));
#949=EDGE_LOOP('',(#6234,#6235,#6236,#6237));
#950=EDGE_LOOP('',(#6238,#6239,#6240,#6241));
#951=EDGE_LOOP('',(#6242,#6243,#6244,#6245));
#952=EDGE_LOOP('',(#6246,#6247,#6248,#6249));
#953=EDGE_LOOP('',(#6250,#6251,#6252,#6253));
#954=EDGE_LOOP('',(#6254,#6255,#6256,#6257));
#955=EDGE_LOOP('',(#6258,#6259,#6260,#6261));
#956=EDGE_LOOP('',(#6262,#6263,#6264,#6265));
#957=EDGE_LOOP('',(#6266,#6267,#6268,#6269));
#958=EDGE_LOOP('',(#6270,#6271,#6272,#6273));
#959=EDGE_LOOP('',(#6274,#6275,#6276,#6277));
#960=EDGE_LOOP('',(#6278,#6279,#6280,#6281));
#961=EDGE_LOOP('',(#6282,#6283,#6284,#6285));
#962=EDGE_LOOP('',(#6286,#6287,#6288,#6289));
#963=EDGE_LOOP('',(#6290,#6291,#6292,#6293,#6294,#6295,#6296,#6297,#6298,
#6299,#6300,#6301,#6302,#6303,#6304,#6305,#6306,#6307,#6308,#6309,#6310,
#6311,#6312,#6313,#6314,#6315,#6316,#6317,#6318,#6319,#6320,#6321,#6322,
#6323,#6324,#6325,#6326,#6327,#6328,#6329,#6330,#6331,#6332,#6333,#6334,
#6335,#6336,#6337,#6338,#6339,#6340,#6341,#6342,#6343,#6344,#6345));
#964=EDGE_LOOP('',(#6346,#6347,#6348,#6349));
#965=EDGE_LOOP('',(#6350,#6351,#6352,#6353));
#966=EDGE_LOOP('',(#6354,#6355,#6356,#6357));
#967=EDGE_LOOP('',(#6358,#6359,#6360,#6361,#6362,#6363,#6364,#6365,#6366,
#6367,#6368,#6369,#6370,#6371,#6372,#6373,#6374,#6375,#6376,#6377,#6378,
#6379,#6380,#6381,#6382,#6383,#6384,#6385,#6386,#6387,#6388,#6389,#6390,
#6391,#6392,#6393,#6394,#6395,#6396,#6397,#6398,#6399,#6400,#6401,#6402,
#6403,#6404,#6405,#6406,#6407,#6408,#6409,#6410,#6411,#6412,#6413,#6414,
#6415,#6416,#6417,#6418,#6419,#6420,#6421,#6422,#6423,#6424,#6425));
#968=EDGE_LOOP('',(#6426,#6427,#6428,#6429));
#969=EDGE_LOOP('',(#6430,#6431,#6432,#6433));
#970=EDGE_LOOP('',(#6434,#6435,#6436,#6437));
#971=EDGE_LOOP('',(#6438,#6439,#6440,#6441));
#972=EDGE_LOOP('',(#6442,#6443,#6444,#6445));
#973=EDGE_LOOP('',(#6446,#6447,#6448,#6449));
#974=EDGE_LOOP('',(#6450,#6451,#6452,#6453));
#975=EDGE_LOOP('',(#6454,#6455,#6456,#6457));
#976=EDGE_LOOP('',(#6458,#6459));
#977=EDGE_LOOP('',(#6460,#6461,#6462,#6463));
#978=EDGE_LOOP('',(#6464,#6465,#6466,#6467));
#979=EDGE_LOOP('',(#6468,#6469,#6470,#6471));
#980=EDGE_LOOP('',(#6472,#6473,#6474,#6475));
#981=EDGE_LOOP('',(#6476,#6477,#6478,#6479));
#982=EDGE_LOOP('',(#6480,#6481,#6482,#6483));
#983=EDGE_LOOP('',(#6484,#6485,#6486,#6487));
#984=EDGE_LOOP('',(#6488,#6489,#6490,#6491));
#985=EDGE_LOOP('',(#6492,#6493,#6494,#6495));
#986=EDGE_LOOP('',(#6496,#6497,#6498,#6499));
#987=EDGE_LOOP('',(#6500,#6501,#6502,#6503));
#988=EDGE_LOOP('',(#6504,#6505,#6506,#6507));
#989=EDGE_LOOP('',(#6508,#6509,#6510,#6511));
#990=EDGE_LOOP('',(#6512,#6513,#6514,#6515));
#991=EDGE_LOOP('',(#6516,#6517,#6518,#6519));
#992=EDGE_LOOP('',(#6520,#6521,#6522,#6523));
#993=EDGE_LOOP('',(#6524,#6525,#6526,#6527,#6528,#6529));
#994=EDGE_LOOP('',(#6530,#6531,#6532,#6533));
#995=EDGE_LOOP('',(#6534,#6535,#6536,#6537));
#996=EDGE_LOOP('',(#6538,#6539,#6540,#6541));
#997=EDGE_LOOP('',(#6542,#6543,#6544,#6545));
#998=EDGE_LOOP('',(#6546,#6547,#6548,#6549));
#999=EDGE_LOOP('',(#6550,#6551,#6552,#6553));
#1000=EDGE_LOOP('',(#6554,#6555,#6556,#6557));
#1001=EDGE_LOOP('',(#6558,#6559,#6560,#6561));
#1002=EDGE_LOOP('',(#6562,#6563,#6564,#6565));
#1003=EDGE_LOOP('',(#6566,#6567,#6568,#6569));
#1004=EDGE_LOOP('',(#6570,#6571,#6572,#6573));
#1005=EDGE_LOOP('',(#6574,#6575,#6576,#6577));
#1006=EDGE_LOOP('',(#6578,#6579,#6580,#6581));
#1007=EDGE_LOOP('',(#6582,#6583,#6584,#6585,#6586,#6587,#6588));
#1008=EDGE_LOOP('',(#6589,#6590,#6591,#6592));
#1009=EDGE_LOOP('',(#6593,#6594,#6595,#6596));
#1010=EDGE_LOOP('',(#6597,#6598,#6599,#6600));
#1011=EDGE_LOOP('',(#6601,#6602,#6603,#6604));
#1012=EDGE_LOOP('',(#6605,#6606,#6607,#6608));
#1013=EDGE_LOOP('',(#6609,#6610,#6611,#6612));
#1014=EDGE_LOOP('',(#6613,#6614,#6615,#6616));
#1015=EDGE_LOOP('',(#6617,#6618,#6619,#6620));
#1016=EDGE_LOOP('',(#6621,#6622,#6623,#6624));
#1017=EDGE_LOOP('',(#6625,#6626,#6627,#6628));
#1018=EDGE_LOOP('',(#6629,#6630,#6631,#6632));
#1019=EDGE_LOOP('',(#6633,#6634));
#1020=EDGE_LOOP('',(#6635,#6636,#6637,#6638));
#1021=EDGE_LOOP('',(#6639,#6640,#6641,#6642));
#1022=EDGE_LOOP('',(#6643,#6644,#6645,#6646));
#1023=EDGE_LOOP('',(#6647,#6648,#6649,#6650));
#1024=EDGE_LOOP('',(#6651,#6652,#6653,#6654));
#1025=EDGE_LOOP('',(#6655,#6656,#6657,#6658,#6659));
#1026=EDGE_LOOP('',(#6660,#6661,#6662,#6663));
#1027=EDGE_LOOP('',(#6664,#6665,#6666,#6667));
#1028=EDGE_LOOP('',(#6668,#6669,#6670,#6671,#6672));
#1029=EDGE_LOOP('',(#6673,#6674,#6675,#6676));
#1030=EDGE_LOOP('',(#6677,#6678,#6679,#6680));
#1031=EDGE_LOOP('',(#6681,#6682,#6683,#6684,#6685,#6686,#6687));
#1032=EDGE_LOOP('',(#6688,#6689,#6690,#6691));
#1033=EDGE_LOOP('',(#6692,#6693,#6694,#6695));
#1034=EDGE_LOOP('',(#6696,#6697,#6698,#6699));
#1035=EDGE_LOOP('',(#6700,#6701,#6702,#6703));
#1036=EDGE_LOOP('',(#6704,#6705,#6706,#6707,#6708,#6709,#6710,#6711));
#1037=EDGE_LOOP('',(#6712,#6713,#6714,#6715));
#1038=EDGE_LOOP('',(#6716,#6717,#6718,#6719));
#1039=EDGE_LOOP('',(#6720,#6721,#6722,#6723));
#1040=EDGE_LOOP('',(#6724,#6725,#6726,#6727));
#1041=EDGE_LOOP('',(#6728,#6729,#6730,#6731));
#1042=EDGE_LOOP('',(#6732,#6733,#6734,#6735));
#1043=EDGE_LOOP('',(#6736,#6737,#6738,#6739));
#1044=EDGE_LOOP('',(#6740,#6741,#6742,#6743));
#1045=EDGE_LOOP('',(#6744,#6745,#6746,#6747,#6748,#6749,#6750));
#1046=EDGE_LOOP('',(#6751,#6752,#6753,#6754));
#1047=EDGE_LOOP('',(#6755,#6756,#6757,#6758));
#1048=EDGE_LOOP('',(#6759,#6760,#6761,#6762));
#1049=EDGE_LOOP('',(#6763,#6764,#6765,#6766));
#1050=EDGE_LOOP('',(#6767,#6768,#6769,#6770,#6771,#6772,#6773,#6774));
#1051=EDGE_LOOP('',(#6775,#6776,#6777,#6778));
#1052=EDGE_LOOP('',(#6779,#6780,#6781,#6782,#6783,#6784,#6785));
#1053=EDGE_LOOP('',(#6786,#6787,#6788,#6789));
#1054=EDGE_LOOP('',(#6790,#6791,#6792,#6793));
#1055=EDGE_LOOP('',(#6794,#6795,#6796,#6797));
#1056=EDGE_LOOP('',(#6798,#6799,#6800,#6801));
#1057=EDGE_LOOP('',(#6802,#6803,#6804,#6805));
#1058=EDGE_LOOP('',(#6806,#6807,#6808,#6809));
#1059=EDGE_LOOP('',(#6810,#6811,#6812,#6813));
#1060=EDGE_LOOP('',(#6814,#6815,#6816,#6817));
#1061=EDGE_LOOP('',(#6818,#6819,#6820,#6821));
#1062=EDGE_LOOP('',(#6822,#6823,#6824,#6825));
#1063=EDGE_LOOP('',(#6826,#6827,#6828,#6829));
#1064=EDGE_LOOP('',(#6830,#6831,#6832,#6833));
#1065=EDGE_LOOP('',(#6834,#6835,#6836,#6837));
#1066=EDGE_LOOP('',(#6838,#6839,#6840,#6841));
#1067=EDGE_LOOP('',(#6842,#6843,#6844,#6845));
#1068=EDGE_LOOP('',(#6846,#6847,#6848,#6849));
#1069=EDGE_LOOP('',(#6850,#6851,#6852,#6853));
#1070=EDGE_LOOP('',(#6854,#6855,#6856,#6857));
#1071=EDGE_LOOP('',(#6858,#6859,#6860,#6861));
#1072=EDGE_LOOP('',(#6862,#6863,#6864,#6865));
#1073=EDGE_LOOP('',(#6866,#6867,#6868,#6869));
#1074=EDGE_LOOP('',(#6870,#6871,#6872,#6873));
#1075=EDGE_LOOP('',(#6874,#6875,#6876,#6877));
#1076=EDGE_LOOP('',(#6878,#6879,#6880,#6881));
#1077=EDGE_LOOP('',(#6882,#6883,#6884,#6885));
#1078=EDGE_LOOP('',(#6886,#6887,#6888,#6889));
#1079=EDGE_LOOP('',(#6890,#6891,#6892,#6893));
#1080=EDGE_LOOP('',(#6894,#6895,#6896,#6897));
#1081=EDGE_LOOP('',(#6898,#6899,#6900,#6901));
#1082=EDGE_LOOP('',(#6902,#6903,#6904,#6905));
#1083=EDGE_LOOP('',(#6906,#6907,#6908,#6909));
#1084=EDGE_LOOP('',(#6910,#6911,#6912,#6913));
#1085=EDGE_LOOP('',(#6914,#6915,#6916,#6917));
#1086=EDGE_LOOP('',(#6918,#6919,#6920,#6921));
#1087=EDGE_LOOP('',(#6922,#6923,#6924,#6925));
#1088=EDGE_LOOP('',(#6926,#6927,#6928,#6929));
#1089=EDGE_LOOP('',(#6930,#6931,#6932,#6933));
#1090=EDGE_LOOP('',(#6934,#6935,#6936,#6937));
#1091=EDGE_LOOP('',(#6938,#6939,#6940,#6941));
#1092=EDGE_LOOP('',(#6942,#6943,#6944,#6945));
#1093=EDGE_LOOP('',(#6946,#6947,#6948,#6949));
#1094=EDGE_LOOP('',(#6950,#6951,#6952,#6953));
#1095=EDGE_LOOP('',(#6954,#6955,#6956,#6957));
#1096=EDGE_LOOP('',(#6958,#6959,#6960,#6961));
#1097=EDGE_LOOP('',(#6962,#6963,#6964,#6965));
#1098=EDGE_LOOP('',(#6966,#6967,#6968,#6969));
#1099=EDGE_LOOP('',(#6970,#6971,#6972,#6973));
#1100=EDGE_LOOP('',(#6974,#6975,#6976,#6977));
#1101=EDGE_LOOP('',(#6978,#6979,#6980,#6981));
#1102=EDGE_LOOP('',(#6982,#6983,#6984,#6985));
#1103=EDGE_LOOP('',(#6986,#6987,#6988,#6989));
#1104=EDGE_LOOP('',(#6990,#6991,#6992,#6993));
#1105=EDGE_LOOP('',(#6994,#6995,#6996,#6997));
#1106=EDGE_LOOP('',(#6998,#6999,#7000,#7001));
#1107=EDGE_LOOP('',(#7002,#7003,#7004,#7005));
#1108=EDGE_LOOP('',(#7006,#7007,#7008,#7009));
#1109=EDGE_LOOP('',(#7010,#7011,#7012,#7013,#7014,#7015));
#1110=EDGE_LOOP('',(#7016,#7017,#7018,#7019,#7020,#7021));
#1111=EDGE_LOOP('',(#7022,#7023,#7024,#7025));
#1112=EDGE_LOOP('',(#7026,#7027,#7028,#7029,#7030,#7031));
#1113=EDGE_LOOP('',(#7032,#7033,#7034,#7035,#7036,#7037));
#1114=EDGE_LOOP('',(#7038,#7039,#7040,#7041));
#1115=EDGE_LOOP('',(#7042,#7043,#7044,#7045,#7046,#7047));
#1116=EDGE_LOOP('',(#7048,#7049,#7050,#7051,#7052,#7053));
#1117=EDGE_LOOP('',(#7054,#7055,#7056,#7057));
#1118=EDGE_LOOP('',(#7058,#7059,#7060,#7061,#7062,#7063));
#1119=EDGE_LOOP('',(#7064,#7065,#7066,#7067,#7068,#7069));
#1120=EDGE_LOOP('',(#7070,#7071,#7072,#7073));
#1121=EDGE_LOOP('',(#7074,#7075,#7076,#7077,#7078,#7079));
#1122=EDGE_LOOP('',(#7080,#7081,#7082,#7083));
#1123=EDGE_LOOP('',(#7084,#7085,#7086,#7087,#7088,#7089));
#1124=EDGE_LOOP('',(#7090,#7091,#7092,#7093,#7094,#7095,#7096,#7097,#7098,
#7099,#7100,#7101,#7102,#7103,#7104,#7105,#7106,#7107,#7108,#7109,#7110,
#7111,#7112,#7113,#7114,#7115,#7116,#7117,#7118,#7119,#7120,#7121,#7122,
#7123,#7124,#7125,#7126,#7127,#7128,#7129,#7130,#7131,#7132,#7133,#7134,
#7135,#7136,#7137,#7138,#7139,#7140,#7141,#7142,#7143,#7144,#7145,#7146,
#7147,#7148,#7149,#7150,#7151,#7152,#7153,#7154,#7155,#7156,#7157,#7158,
#7159,#7160,#7161,#7162,#7163,#7164,#7165,#7166,#7167,#7168,#7169,#7170,
#7171,#7172,#7173,#7174,#7175,#7176,#7177,#7178,#7179,#7180,#7181,#7182,
#7183,#7184,#7185,#7186,#7187,#7188,#7189,#7190,#7191,#7192,#7193,#7194,
#7195,#7196,#7197,#7198,#7199,#7200,#7201,#7202,#7203,#7204,#7205,#7206,
#7207,#7208,#7209,#7210,#7211,#7212,#7213,#7214,#7215,#7216,#7217,#7218,
#7219,#7220,#7221,#7222,#7223,#7224,#7225,#7226,#7227,#7228,#7229,#7230,
#7231,#7232,#7233,#7234,#7235,#7236,#7237,#7238,#7239,#7240,#7241,#7242,
#7243,#7244,#7245,#7246,#7247,#7248,#7249,#7250,#7251,#7252,#7253,#7254,
#7255,#7256,#7257,#7258,#7259,#7260,#7261,#7262,#7263,#7264,#7265,#7266,
#7267,#7268,#7269,#7270,#7271,#7272,#7273,#7274,#7275,#7276,#7277,#7278,
#7279,#7280,#7281,#7282,#7283,#7284,#7285));
#1125=EDGE_LOOP('',(#7286,#7287,#7288,#7289,#7290,#7291,#7292,#7293,#7294,
#7295,#7296,#7297));
#1126=EDGE_LOOP('',(#7298));
#1127=EDGE_LOOP('',(#7299));
#1128=EDGE_LOOP('',(#7300));
#1129=EDGE_LOOP('',(#7301));
#1130=EDGE_LOOP('',(#7302,#7303,#7304,#7305));
#1131=EDGE_LOOP('',(#7306,#7307,#7308,#7309));
#1132=EDGE_LOOP('',(#7310,#7311,#7312,#7313));
#1133=EDGE_LOOP('',(#7314,#7315,#7316,#7317));
#1134=EDGE_LOOP('',(#7318,#7319,#7320,#7321));
#1135=EDGE_LOOP('',(#7322,#7323,#7324,#7325));
#1136=EDGE_LOOP('',(#7326,#7327,#7328,#7329));
#1137=EDGE_LOOP('',(#7330,#7331,#7332,#7333));
#1138=EDGE_LOOP('',(#7334,#7335,#7336,#7337));
#1139=EDGE_LOOP('',(#7338,#7339,#7340,#7341));
#1140=EDGE_LOOP('',(#7342,#7343,#7344,#7345));
#1141=EDGE_LOOP('',(#7346,#7347,#7348,#7349));
#1142=EDGE_LOOP('',(#7350,#7351,#7352,#7353));
#1143=EDGE_LOOP('',(#7354,#7355,#7356,#7357));
#1144=EDGE_LOOP('',(#7358,#7359,#7360,#7361));
#1145=EDGE_LOOP('',(#7362,#7363,#7364,#7365));
#1146=EDGE_LOOP('',(#7366,#7367,#7368,#7369));
#1147=EDGE_LOOP('',(#7370,#7371,#7372,#7373));
#1148=EDGE_LOOP('',(#7374,#7375,#7376,#7377));
#1149=EDGE_LOOP('',(#7378,#7379,#7380,#7381));
#1150=EDGE_LOOP('',(#7382,#7383,#7384,#7385));
#1151=EDGE_LOOP('',(#7386,#7387,#7388,#7389));
#1152=EDGE_LOOP('',(#7390,#7391,#7392,#7393));
#1153=EDGE_LOOP('',(#7394,#7395,#7396,#7397));
#1154=EDGE_LOOP('',(#7398,#7399,#7400,#7401));
#1155=EDGE_LOOP('',(#7402,#7403,#7404,#7405));
#1156=EDGE_LOOP('',(#7406,#7407,#7408,#7409));
#1157=EDGE_LOOP('',(#7410,#7411,#7412,#7413));
#1158=EDGE_LOOP('',(#7414,#7415,#7416,#7417,#7418,#7419));
#1159=EDGE_LOOP('',(#7420,#7421,#7422,#7423));
#1160=EDGE_LOOP('',(#7424,#7425,#7426,#7427));
#1161=EDGE_LOOP('',(#7428,#7429,#7430,#7431));
#1162=EDGE_LOOP('',(#7432,#7433,#7434,#7435));
#1163=EDGE_LOOP('',(#7436,#7437,#7438,#7439));
#1164=EDGE_LOOP('',(#7440,#7441,#7442,#7443));
#1165=EDGE_LOOP('',(#7444,#7445,#7446,#7447));
#1166=EDGE_LOOP('',(#7448,#7449,#7450,#7451));
#1167=EDGE_LOOP('',(#7452,#7453,#7454,#7455));
#1168=EDGE_LOOP('',(#7456,#7457,#7458,#7459));
#1169=EDGE_LOOP('',(#7460,#7461,#7462,#7463));
#1170=EDGE_LOOP('',(#7464,#7465,#7466,#7467));
#1171=EDGE_LOOP('',(#7468,#7469,#7470,#7471));
#1172=EDGE_LOOP('',(#7472,#7473,#7474,#7475));
#1173=EDGE_LOOP('',(#7476,#7477,#7478,#7479));
#1174=EDGE_LOOP('',(#7480,#7481,#7482,#7483));
#1175=EDGE_LOOP('',(#7484,#7485,#7486,#7487));
#1176=EDGE_LOOP('',(#7488,#7489,#7490,#7491));
#1177=EDGE_LOOP('',(#7492,#7493,#7494,#7495));
#1178=EDGE_LOOP('',(#7496,#7497,#7498,#7499));
#1179=EDGE_LOOP('',(#7500,#7501,#7502,#7503));
#1180=EDGE_LOOP('',(#7504,#7505,#7506,#7507));
#1181=EDGE_LOOP('',(#7508,#7509,#7510,#7511));
#1182=EDGE_LOOP('',(#7512,#7513,#7514,#7515));
#1183=EDGE_LOOP('',(#7516,#7517,#7518,#7519));
#1184=EDGE_LOOP('',(#7520,#7521,#7522,#7523));
#1185=EDGE_LOOP('',(#7524,#7525,#7526,#7527));
#1186=EDGE_LOOP('',(#7528,#7529,#7530,#7531));
#1187=EDGE_LOOP('',(#7532,#7533,#7534,#7535));
#1188=EDGE_LOOP('',(#7536,#7537,#7538,#7539));
#1189=EDGE_LOOP('',(#7540,#7541,#7542,#7543));
#1190=EDGE_LOOP('',(#7544,#7545,#7546,#7547));
#1191=EDGE_LOOP('',(#7548,#7549,#7550,#7551));
#1192=EDGE_LOOP('',(#7552,#7553,#7554,#7555));
#1193=EDGE_LOOP('',(#7556,#7557,#7558,#7559));
#1194=EDGE_LOOP('',(#7560,#7561,#7562,#7563));
#1195=LINE('',#10490,#2240);
#1196=LINE('',#10497,#2241);
#1197=LINE('',#10504,#2242);
#1198=LINE('',#10511,#2243);
#1199=LINE('',#10517,#2244);
#1200=LINE('',#10519,#2245);
#1201=LINE('',#10521,#2246);
#1202=LINE('',#10522,#2247);
#1203=LINE('',#10525,#2248);
#1204=LINE('',#10527,#2249);
#1205=LINE('',#10528,#2250);
#1206=LINE('',#10531,#2251);
#1207=LINE('',#10532,#2252);
#1208=LINE('',#10535,#2253);
#1209=LINE('',#10537,#2254);
#1210=LINE('',#10539,#2255);
#1211=LINE('',#10541,#2256);
#1212=LINE('',#10543,#2257);
#1213=LINE('',#10544,#2258);
#1214=LINE('',#10548,#2259);
#1215=LINE('',#10550,#2260);
#1216=LINE('',#10552,#2261);
#1217=LINE('',#10553,#2262);
#1218=LINE('',#10555,#2263);
#1219=LINE('',#10556,#2264);
#1220=LINE('',#10558,#2265);
#1221=LINE('',#10561,#2266);
#1222=LINE('',#10563,#2267);
#1223=LINE('',#10565,#2268);
#1224=LINE('',#10567,#2269);
#1225=LINE('',#10568,#2270);
#1226=LINE('',#10573,#2271);
#1227=LINE('',#10576,#2272);
#1228=LINE('',#10579,#2273);
#1229=LINE('',#10581,#2274);
#1230=LINE('',#10583,#2275);
#1231=LINE('',#10585,#2276);
#1232=LINE('',#10587,#2277);
#1233=LINE('',#10589,#2278);
#1234=LINE('',#10591,#2279);
#1235=LINE('',#10592,#2280);
#1236=LINE('',#10595,#2281);
#1237=LINE('',#10597,#2282);
#1238=LINE('',#10598,#2283);
#1239=LINE('',#10601,#2284);
#1240=LINE('',#10602,#2285);
#1241=LINE('',#10605,#2286);
#1242=LINE('',#10606,#2287);
#1243=LINE('',#10609,#2288);
#1244=LINE('',#10610,#2289);
#1245=LINE('',#10612,#2290);
#1246=LINE('',#10613,#2291);
#1247=LINE('',#10616,#2292);
#1248=LINE('',#10617,#2293);
#1249=LINE('',#10619,#2294);
#1250=LINE('',#10623,#2295);
#1251=LINE('',#10625,#2296);
#1252=LINE('',#10626,#2297);
#1253=LINE('',#10630,#2298);
#1254=LINE('',#10632,#2299);
#1255=LINE('',#10634,#2300);
#1256=LINE('',#10636,#2301);
#1257=LINE('',#10638,#2302);
#1258=LINE('',#10639,#2303);
#1259=LINE('',#10642,#2304);
#1260=LINE('',#10643,#2305);
#1261=LINE('',#10644,#2306);
#1262=LINE('',#10646,#2307);
#1263=LINE('',#10648,#2308);
#1264=LINE('',#10651,#2309);
#1265=LINE('',#10652,#2310);
#1266=LINE('',#10656,#2311);
#1267=LINE('',#10658,#2312);
#1268=LINE('',#10660,#2313);
#1269=LINE('',#10661,#2314);
#1270=LINE('',#10665,#2315);
#1271=LINE('',#10667,#2316);
#1272=LINE('',#10669,#2317);
#1273=LINE('',#10670,#2318);
#1274=LINE('',#10673,#2319);
#1275=LINE('',#10675,#2320);
#1276=LINE('',#10676,#2321);
#1277=LINE('',#10680,#2322);
#1278=LINE('',#10682,#2323);
#1279=LINE('',#10684,#2324);
#1280=LINE('',#10685,#2325);
#1281=LINE('',#10689,#2326);
#1282=LINE('',#10691,#2327);
#1283=LINE('',#10693,#2328);
#1284=LINE('',#10694,#2329);
#1285=LINE('',#10698,#2330);
#1286=LINE('',#10700,#2331);
#1287=LINE('',#10702,#2332);
#1288=LINE('',#10703,#2333);
#1289=LINE('',#10707,#2334);
#1290=LINE('',#10709,#2335);
#1291=LINE('',#10711,#2336);
#1292=LINE('',#10712,#2337);
#1293=LINE('',#10717,#2338);
#1294=LINE('',#10718,#2339);
#1295=LINE('',#10721,#2340);
#1296=LINE('',#10723,#2341);
#1297=LINE('',#10724,#2342);
#1298=LINE('',#10728,#2343);
#1299=LINE('',#10730,#2344);
#1300=LINE('',#10732,#2345);
#1301=LINE('',#10733,#2346);
#1302=LINE('',#10737,#2347);
#1303=LINE('',#10739,#2348);
#1304=LINE('',#10741,#2349);
#1305=LINE('',#10742,#2350);
#1306=LINE('',#10747,#2351);
#1307=LINE('',#10748,#2352);
#1308=LINE('',#10753,#2353);
#1309=LINE('',#10755,#2354);
#1310=LINE('',#10756,#2355);
#1311=LINE('',#10759,#2356);
#1312=LINE('',#10761,#2357);
#1313=LINE('',#10763,#2358);
#1314=LINE('',#10767,#2359);
#1315=LINE('',#10769,#2360);
#1316=LINE('',#10770,#2361);
#1317=LINE('',#10773,#2362);
#1318=LINE('',#10775,#2363);
#1319=LINE('',#10776,#2364);
#1320=LINE('',#10779,#2365);
#1321=LINE('',#10781,#2366);
#1322=LINE('',#10782,#2367);
#1323=LINE('',#10787,#2368);
#1324=LINE('',#10789,#2369);
#1325=LINE('',#10792,#2370);
#1326=LINE('',#10794,#2371);
#1327=LINE('',#10795,#2372);
#1328=LINE('',#10797,#2373);
#1329=LINE('',#10798,#2374);
#1330=LINE('',#10800,#2375);
#1331=LINE('',#10802,#2376);
#1332=LINE('',#10807,#2377);
#1333=LINE('',#10808,#2378);
#1334=LINE('',#10812,#2379);
#1335=LINE('',#10814,#2380);
#1336=LINE('',#10816,#2381);
#1337=LINE('',#10817,#2382);
#1338=LINE('',#10821,#2383);
#1339=LINE('',#10823,#2384);
#1340=LINE('',#10825,#2385);
#1341=LINE('',#10826,#2386);
#1342=LINE('',#10831,#2387);
#1343=LINE('',#10838,#2388);
#1344=LINE('',#10845,#2389);
#1345=LINE('',#10852,#2390);
#1346=LINE('',#10858,#2391);
#1347=LINE('',#10860,#2392);
#1348=LINE('',#10862,#2393);
#1349=LINE('',#10863,#2394);
#1350=LINE('',#10866,#2395);
#1351=LINE('',#10868,#2396);
#1352=LINE('',#10869,#2397);
#1353=LINE('',#10872,#2398);
#1354=LINE('',#10874,#2399);
#1355=LINE('',#10876,#2400);
#1356=LINE('',#10877,#2401);
#1357=LINE('',#10880,#2402);
#1358=LINE('',#10882,#2403);
#1359=LINE('',#10883,#2404);
#1360=LINE('',#10886,#2405);
#1361=LINE('',#10888,#2406);
#1362=LINE('',#10889,#2407);
#1363=LINE('',#10891,#2408);
#1364=LINE('',#10893,#2409);
#1365=LINE('',#10894,#2410);
#1366=LINE('',#10896,#2411);
#1367=LINE('',#10900,#2412);
#1368=LINE('',#10902,#2413);
#1369=LINE('',#10904,#2414);
#1370=LINE('',#10906,#2415);
#1371=LINE('',#10908,#2416);
#1372=LINE('',#10910,#2417);
#1373=LINE('',#10912,#2418);
#1374=LINE('',#10914,#2419);
#1375=LINE('',#10916,#2420);
#1376=LINE('',#10918,#2421);
#1377=LINE('',#10920,#2422);
#1378=LINE('',#10922,#2423);
#1379=LINE('',#10924,#2424);
#1380=LINE('',#10926,#2425);
#1381=LINE('',#10928,#2426);
#1382=LINE('',#10930,#2427);
#1383=LINE('',#10932,#2428);
#1384=LINE('',#10934,#2429);
#1385=LINE('',#10936,#2430);
#1386=LINE('',#10938,#2431);
#1387=LINE('',#10940,#2432);
#1388=LINE('',#10942,#2433);
#1389=LINE('',#10944,#2434);
#1390=LINE('',#10946,#2435);
#1391=LINE('',#10948,#2436);
#1392=LINE('',#10950,#2437);
#1393=LINE('',#10952,#2438);
#1394=LINE('',#10954,#2439);
#1395=LINE('',#10956,#2440);
#1396=LINE('',#10958,#2441);
#1397=LINE('',#10960,#2442);
#1398=LINE('',#10962,#2443);
#1399=LINE('',#10964,#2444);
#1400=LINE('',#10966,#2445);
#1401=LINE('',#10968,#2446);
#1402=LINE('',#10970,#2447);
#1403=LINE('',#10972,#2448);
#1404=LINE('',#10974,#2449);
#1405=LINE('',#10976,#2450);
#1406=LINE('',#10978,#2451);
#1407=LINE('',#10980,#2452);
#1408=LINE('',#10982,#2453);
#1409=LINE('',#10984,#2454);
#1410=LINE('',#10986,#2455);
#1411=LINE('',#10988,#2456);
#1412=LINE('',#10990,#2457);
#1413=LINE('',#10992,#2458);
#1414=LINE('',#10994,#2459);
#1415=LINE('',#10996,#2460);
#1416=LINE('',#10998,#2461);
#1417=LINE('',#11000,#2462);
#1418=LINE('',#11002,#2463);
#1419=LINE('',#11004,#2464);
#1420=LINE('',#11006,#2465);
#1421=LINE('',#11008,#2466);
#1422=LINE('',#11010,#2467);
#1423=LINE('',#11012,#2468);
#1424=LINE('',#11014,#2469);
#1425=LINE('',#11016,#2470);
#1426=LINE('',#11018,#2471);
#1427=LINE('',#11020,#2472);
#1428=LINE('',#11022,#2473);
#1429=LINE('',#11024,#2474);
#1430=LINE('',#11026,#2475);
#1431=LINE('',#11028,#2476);
#1432=LINE('',#11030,#2477);
#1433=LINE('',#11032,#2478);
#1434=LINE('',#11034,#2479);
#1435=LINE('',#11036,#2480);
#1436=LINE('',#11038,#2481);
#1437=LINE('',#11039,#2482);
#1438=LINE('',#11040,#2483);
#1439=LINE('',#11041,#2484);
#1440=LINE('',#11042,#2485);
#1441=LINE('',#11044,#2486);
#1442=LINE('',#11046,#2487);
#1443=LINE('',#11048,#2488);
#1444=LINE('',#11050,#2489);
#1445=LINE('',#11052,#2490);
#1446=LINE('',#11054,#2491);
#1447=LINE('',#11056,#2492);
#1448=LINE('',#11058,#2493);
#1449=LINE('',#11060,#2494);
#1450=LINE('',#11062,#2495);
#1451=LINE('',#11064,#2496);
#1452=LINE('',#11066,#2497);
#1453=LINE('',#11068,#2498);
#1454=LINE('',#11070,#2499);
#1455=LINE('',#11072,#2500);
#1456=LINE('',#11074,#2501);
#1457=LINE('',#11076,#2502);
#1458=LINE('',#11078,#2503);
#1459=LINE('',#11080,#2504);
#1460=LINE('',#11082,#2505);
#1461=LINE('',#11084,#2506);
#1462=LINE('',#11086,#2507);
#1463=LINE('',#11088,#2508);
#1464=LINE('',#11090,#2509);
#1465=LINE('',#11092,#2510);
#1466=LINE('',#11094,#2511);
#1467=LINE('',#11096,#2512);
#1468=LINE('',#11098,#2513);
#1469=LINE('',#11100,#2514);
#1470=LINE('',#11102,#2515);
#1471=LINE('',#11104,#2516);
#1472=LINE('',#11106,#2517);
#1473=LINE('',#11108,#2518);
#1474=LINE('',#11110,#2519);
#1475=LINE('',#11112,#2520);
#1476=LINE('',#11114,#2521);
#1477=LINE('',#11116,#2522);
#1478=LINE('',#11118,#2523);
#1479=LINE('',#11120,#2524);
#1480=LINE('',#11122,#2525);
#1481=LINE('',#11124,#2526);
#1482=LINE('',#11126,#2527);
#1483=LINE('',#11128,#2528);
#1484=LINE('',#11130,#2529);
#1485=LINE('',#11132,#2530);
#1486=LINE('',#11134,#2531);
#1487=LINE('',#11136,#2532);
#1488=LINE('',#11138,#2533);
#1489=LINE('',#11140,#2534);
#1490=LINE('',#11142,#2535);
#1491=LINE('',#11144,#2536);
#1492=LINE('',#11146,#2537);
#1493=LINE('',#11148,#2538);
#1494=LINE('',#11150,#2539);
#1495=LINE('',#11152,#2540);
#1496=LINE('',#11154,#2541);
#1497=LINE('',#11156,#2542);
#1498=LINE('',#11158,#2543);
#1499=LINE('',#11160,#2544);
#1500=LINE('',#11162,#2545);
#1501=LINE('',#11164,#2546);
#1502=LINE('',#11166,#2547);
#1503=LINE('',#11168,#2548);
#1504=LINE('',#11170,#2549);
#1505=LINE('',#11172,#2550);
#1506=LINE('',#11174,#2551);
#1507=LINE('',#11176,#2552);
#1508=LINE('',#11178,#2553);
#1509=LINE('',#11180,#2554);
#1510=LINE('',#11182,#2555);
#1511=LINE('',#11184,#2556);
#1512=LINE('',#11186,#2557);
#1513=LINE('',#11188,#2558);
#1514=LINE('',#11190,#2559);
#1515=LINE('',#11192,#2560);
#1516=LINE('',#11194,#2561);
#1517=LINE('',#11196,#2562);
#1518=LINE('',#11198,#2563);
#1519=LINE('',#11200,#2564);
#1520=LINE('',#11202,#2565);
#1521=LINE('',#11204,#2566);
#1522=LINE('',#11206,#2567);
#1523=LINE('',#11208,#2568);
#1524=LINE('',#11210,#2569);
#1525=LINE('',#11212,#2570);
#1526=LINE('',#11214,#2571);
#1527=LINE('',#11216,#2572);
#1528=LINE('',#11218,#2573);
#1529=LINE('',#11220,#2574);
#1530=LINE('',#11222,#2575);
#1531=LINE('',#11224,#2576);
#1532=LINE('',#11226,#2577);
#1533=LINE('',#11228,#2578);
#1534=LINE('',#11230,#2579);
#1535=LINE('',#11232,#2580);
#1536=LINE('',#11234,#2581);
#1537=LINE('',#11236,#2582);
#1538=LINE('',#11238,#2583);
#1539=LINE('',#11240,#2584);
#1540=LINE('',#11242,#2585);
#1541=LINE('',#11244,#2586);
#1542=LINE('',#11246,#2587);
#1543=LINE('',#11248,#2588);
#1544=LINE('',#11250,#2589);
#1545=LINE('',#11252,#2590);
#1546=LINE('',#11254,#2591);
#1547=LINE('',#11256,#2592);
#1548=LINE('',#11258,#2593);
#1549=LINE('',#11260,#2594);
#1550=LINE('',#11262,#2595);
#1551=LINE('',#11264,#2596);
#1552=LINE('',#11265,#2597);
#1553=LINE('',#11269,#2598);
#1554=LINE('',#11276,#2599);
#1555=LINE('',#11279,#2600);
#1556=LINE('',#11281,#2601);
#1557=LINE('',#11282,#2602);
#1558=LINE('',#11286,#2603);
#1559=LINE('',#11287,#2604);
#1560=LINE('',#11288,#2605);
#1561=LINE('',#11292,#2606);
#1562=LINE('',#11294,#2607);
#1563=LINE('',#11296,#2608);
#1564=LINE('',#11298,#2609);
#1565=LINE('',#11300,#2610);
#1566=LINE('',#11302,#2611);
#1567=LINE('',#11304,#2612);
#1568=LINE('',#11306,#2613);
#1569=LINE('',#11308,#2614);
#1570=LINE('',#11310,#2615);
#1571=LINE('',#11312,#2616);
#1572=LINE('',#11314,#2617);
#1573=LINE('',#11316,#2618);
#1574=LINE('',#11318,#2619);
#1575=LINE('',#11320,#2620);
#1576=LINE('',#11322,#2621);
#1577=LINE('',#11324,#2622);
#1578=LINE('',#11326,#2623);
#1579=LINE('',#11328,#2624);
#1580=LINE('',#11330,#2625);
#1581=LINE('',#11332,#2626);
#1582=LINE('',#11334,#2627);
#1583=LINE('',#11336,#2628);
#1584=LINE('',#11338,#2629);
#1585=LINE('',#11340,#2630);
#1586=LINE('',#11342,#2631);
#1587=LINE('',#11344,#2632);
#1588=LINE('',#11346,#2633);
#1589=LINE('',#11348,#2634);
#1590=LINE('',#11350,#2635);
#1591=LINE('',#11352,#2636);
#1592=LINE('',#11354,#2637);
#1593=LINE('',#11356,#2638);
#1594=LINE('',#11358,#2639);
#1595=LINE('',#11360,#2640);
#1596=LINE('',#11362,#2641);
#1597=LINE('',#11364,#2642);
#1598=LINE('',#11366,#2643);
#1599=LINE('',#11368,#2644);
#1600=LINE('',#11370,#2645);
#1601=LINE('',#11372,#2646);
#1602=LINE('',#11374,#2647);
#1603=LINE('',#11376,#2648);
#1604=LINE('',#11378,#2649);
#1605=LINE('',#11380,#2650);
#1606=LINE('',#11382,#2651);
#1607=LINE('',#11384,#2652);
#1608=LINE('',#11386,#2653);
#1609=LINE('',#11387,#2654);
#1610=LINE('',#11389,#2655);
#1611=LINE('',#11391,#2656);
#1612=LINE('',#11393,#2657);
#1613=LINE('',#11394,#2658);
#1614=LINE('',#11398,#2659);
#1615=LINE('',#11399,#2660);
#1616=LINE('',#11400,#2661);
#1617=LINE('',#11403,#2662);
#1618=LINE('',#11404,#2663);
#1619=LINE('',#11407,#2664);
#1620=LINE('',#11409,#2665);
#1621=LINE('',#11410,#2666);
#1622=LINE('',#11414,#2667);
#1623=LINE('',#11415,#2668);
#1624=LINE('',#11416,#2669);
#1625=LINE('',#11418,#2670);
#1626=LINE('',#11421,#2671);
#1627=LINE('',#11422,#2672);
#1628=LINE('',#11425,#2673);
#1629=LINE('',#11427,#2674);
#1630=LINE('',#11428,#2675);
#1631=LINE('',#11432,#2676);
#1632=LINE('',#11433,#2677);
#1633=LINE('',#11434,#2678);
#1634=LINE('',#11436,#2679);
#1635=LINE('',#11439,#2680);
#1636=LINE('',#11440,#2681);
#1637=LINE('',#11443,#2682);
#1638=LINE('',#11445,#2683);
#1639=LINE('',#11446,#2684);
#1640=LINE('',#11450,#2685);
#1641=LINE('',#11451,#2686);
#1642=LINE('',#11452,#2687);
#1643=LINE('',#11454,#2688);
#1644=LINE('',#11457,#2689);
#1645=LINE('',#11458,#2690);
#1646=LINE('',#11462,#2691);
#1647=LINE('',#11463,#2692);
#1648=LINE('',#11464,#2693);
#1649=LINE('',#11468,#2694);
#1650=LINE('',#11470,#2695);
#1651=LINE('',#11472,#2696);
#1652=LINE('',#11473,#2697);
#1653=LINE('',#11475,#2698);
#1654=LINE('',#11476,#2699);
#1655=LINE('',#11480,#2700);
#1656=LINE('',#11487,#2701);
#1657=LINE('',#11490,#2702);
#1658=LINE('',#11492,#2703);
#1659=LINE('',#11493,#2704);
#1660=LINE('',#11497,#2705);
#1661=LINE('',#11498,#2706);
#1662=LINE('',#11499,#2707);
#1663=LINE('',#11503,#2708);
#1664=LINE('',#11511,#2709);
#1665=LINE('',#11514,#2710);
#1666=LINE('',#11516,#2711);
#1667=LINE('',#11517,#2712);
#1668=LINE('',#11521,#2713);
#1669=LINE('',#11522,#2714);
#1670=LINE('',#11523,#2715);
#1671=LINE('',#11527,#2716);
#1672=LINE('',#11529,#2717);
#1673=LINE('',#11531,#2718);
#1674=LINE('',#11532,#2719);
#1675=LINE('',#11534,#2720);
#1676=LINE('',#11535,#2721);
#1677=LINE('',#11538,#2722);
#1678=LINE('',#11539,#2723);
#1679=LINE('',#11543,#2724);
#1680=LINE('',#11548,#2725);
#1681=LINE('',#11549,#2726);
#1682=LINE('',#11550,#2727);
#1683=LINE('',#11553,#2728);
#1684=LINE('',#11554,#2729);
#1685=LINE('',#11556,#2730);
#1686=LINE('',#11559,#2731);
#1687=LINE('',#11561,#2732);
#1688=LINE('',#11562,#2733);
#1689=LINE('',#11566,#2734);
#1690=LINE('',#11567,#2735);
#1691=LINE('',#11568,#2736);
#1692=LINE('',#11570,#2737);
#1693=LINE('',#11572,#2738);
#1694=LINE('',#11575,#2739);
#1695=LINE('',#11577,#2740);
#1696=LINE('',#11578,#2741);
#1697=LINE('',#11582,#2742);
#1698=LINE('',#11583,#2743);
#1699=LINE('',#11584,#2744);
#1700=LINE('',#11586,#2745);
#1701=LINE('',#11588,#2746);
#1702=LINE('',#11592,#2747);
#1703=LINE('',#11600,#2748);
#1704=LINE('',#11603,#2749);
#1705=LINE('',#11605,#2750);
#1706=LINE('',#11606,#2751);
#1707=LINE('',#11610,#2752);
#1708=LINE('',#11611,#2753);
#1709=LINE('',#11612,#2754);
#1710=LINE('',#11616,#2755);
#1711=LINE('',#11624,#2756);
#1712=LINE('',#11627,#2757);
#1713=LINE('',#11629,#2758);
#1714=LINE('',#11630,#2759);
#1715=LINE('',#11634,#2760);
#1716=LINE('',#11635,#2761);
#1717=LINE('',#11636,#2762);
#1718=LINE('',#11639,#2763);
#1719=LINE('',#11640,#2764);
#1720=LINE('',#11644,#2765);
#1721=LINE('',#11645,#2766);
#1722=LINE('',#11646,#2767);
#1723=LINE('',#11649,#2768);
#1724=LINE('',#11650,#2769);
#1725=LINE('',#11654,#2770);
#1726=LINE('',#11655,#2771);
#1727=LINE('',#11656,#2772);
#1728=LINE('',#11658,#2773);
#1729=LINE('',#11661,#2774);
#1730=LINE('',#11662,#2775);
#1731=LINE('',#11665,#2776);
#1732=LINE('',#11666,#2777);
#1733=LINE('',#11670,#2778);
#1734=LINE('',#11671,#2779);
#1735=LINE('',#11672,#2780);
#1736=LINE('',#11674,#2781);
#1737=LINE('',#11677,#2782);
#1738=LINE('',#11678,#2783);
#1739=LINE('',#11681,#2784);
#1740=LINE('',#11682,#2785);
#1741=LINE('',#11686,#2786);
#1742=LINE('',#11687,#2787);
#1743=LINE('',#11688,#2788);
#1744=LINE('',#11690,#2789);
#1745=LINE('',#11693,#2790);
#1746=LINE('',#11694,#2791);
#1747=LINE('',#11698,#2792);
#1748=LINE('',#11699,#2793);
#1749=LINE('',#11700,#2794);
#1750=LINE('',#11704,#2795);
#1751=LINE('',#11706,#2796);
#1752=LINE('',#11708,#2797);
#1753=LINE('',#11709,#2798);
#1754=LINE('',#11711,#2799);
#1755=LINE('',#11712,#2800);
#1756=LINE('',#11716,#2801);
#1757=LINE('',#11720,#2802);
#1758=LINE('',#11727,#2803);
#1759=LINE('',#11730,#2804);
#1760=LINE('',#11732,#2805);
#1761=LINE('',#11733,#2806);
#1762=LINE('',#11735,#2807);
#1763=LINE('',#11736,#2808);
#1764=LINE('',#11743,#2809);
#1765=LINE('',#11746,#2810);
#1766=LINE('',#11750,#2811);
#1767=LINE('',#11754,#2812);
#1768=LINE('',#11758,#2813);
#1769=LINE('',#11762,#2814);
#1770=LINE('',#11766,#2815);
#1771=LINE('',#11770,#2816);
#1772=LINE('',#11774,#2817);
#1773=LINE('',#11778,#2818);
#1774=LINE('',#11782,#2819);
#1775=LINE('',#11786,#2820);
#1776=LINE('',#11790,#2821);
#1777=LINE('',#11794,#2822);
#1778=LINE('',#11798,#2823);
#1779=LINE('',#11802,#2824);
#1780=LINE('',#11806,#2825);
#1781=LINE('',#11810,#2826);
#1782=LINE('',#11813,#2827);
#1783=LINE('',#11816,#2828);
#1784=LINE('',#11818,#2829);
#1785=LINE('',#11820,#2830);
#1786=LINE('',#11821,#2831);
#1787=LINE('',#11827,#2832);
#1788=LINE('',#11828,#2833);
#1789=LINE('',#11829,#2834);
#1790=LINE('',#11833,#2835);
#1791=LINE('',#11835,#2836);
#1792=LINE('',#11837,#2837);
#1793=LINE('',#11838,#2838);
#1794=LINE('',#11840,#2839);
#1795=LINE('',#11841,#2840);
#1796=LINE('',#11845,#2841);
#1797=LINE('',#11847,#2842);
#1798=LINE('',#11849,#2843);
#1799=LINE('',#11850,#2844);
#1800=LINE('',#11852,#2845);
#1801=LINE('',#11853,#2846);
#1802=LINE('',#11857,#2847);
#1803=LINE('',#11858,#2848);
#1804=LINE('',#11859,#2849);
#1805=LINE('',#11862,#2850);
#1806=LINE('',#11863,#2851);
#1807=LINE('',#11865,#2852);
#1808=LINE('',#11868,#2853);
#1809=LINE('',#11869,#2854);
#1810=LINE('',#11873,#2855);
#1811=LINE('',#11874,#2856);
#1812=LINE('',#11875,#2857);
#1813=LINE('',#11877,#2858);
#1814=LINE('',#11879,#2859);
#1815=LINE('',#11882,#2860);
#1816=LINE('',#11883,#2861);
#1817=LINE('',#11887,#2862);
#1818=LINE('',#11888,#2863);
#1819=LINE('',#11889,#2864);
#1820=LINE('',#11891,#2865);
#1821=LINE('',#11893,#2866);
#1822=LINE('',#11896,#2867);
#1823=LINE('',#11897,#2868);
#1824=LINE('',#11899,#2869);
#1825=LINE('',#11901,#2870);
#1826=LINE('',#11903,#2871);
#1827=LINE('',#11905,#2872);
#1828=LINE('',#11906,#2873);
#1829=LINE('',#11908,#2874);
#1830=LINE('',#11909,#2875);
#1831=LINE('',#11912,#2876);
#1832=LINE('',#11919,#2877);
#1833=LINE('',#11923,#2878);
#1834=LINE('',#11928,#2879);
#1835=LINE('',#11932,#2880);
#1836=LINE('',#11936,#2881);
#1837=LINE('',#11940,#2882);
#1838=LINE('',#11944,#2883);
#1839=LINE('',#11948,#2884);
#1840=LINE('',#11952,#2885);
#1841=LINE('',#11956,#2886);
#1842=LINE('',#11960,#2887);
#1843=LINE('',#11964,#2888);
#1844=LINE('',#11968,#2889);
#1845=LINE('',#11972,#2890);
#1846=LINE('',#11976,#2891);
#1847=LINE('',#11980,#2892);
#1848=LINE('',#11984,#2893);
#1849=LINE('',#11988,#2894);
#1850=LINE('',#11993,#2895);
#1851=LINE('',#11996,#2896);
#1852=LINE('',#11998,#2897);
#1853=LINE('',#12000,#2898);
#1854=LINE('',#12001,#2899);
#1855=LINE('',#12004,#2900);
#1856=LINE('',#12007,#2901);
#1857=LINE('',#12008,#2902);
#1858=LINE('',#12010,#2903);
#1859=LINE('',#12012,#2904);
#1860=LINE('',#12014,#2905);
#1861=LINE('',#12016,#2906);
#1862=LINE('',#12017,#2907);
#1863=LINE('',#12019,#2908);
#1864=LINE('',#12022,#2909);
#1865=LINE('',#12023,#2910);
#1866=LINE('',#12025,#2911);
#1867=LINE('',#12027,#2912);
#1868=LINE('',#12031,#2913);
#1869=LINE('',#12032,#2914);
#1870=LINE('',#12033,#2915);
#1871=LINE('',#12037,#2916);
#1872=LINE('',#12038,#2917);
#1873=LINE('',#12039,#2918);
#1874=LINE('',#12043,#2919);
#1875=LINE('',#12044,#2920);
#1876=LINE('',#12045,#2921);
#1877=LINE('',#12047,#2922);
#1878=LINE('',#12049,#2923);
#1879=LINE('',#12050,#2924);
#1880=LINE('',#12053,#2925);
#1881=LINE('',#12057,#2926);
#1882=LINE('',#12058,#2927);
#1883=LINE('',#12059,#2928);
#1884=LINE('',#12062,#2929);
#1885=LINE('',#12063,#2930);
#1886=LINE('',#12067,#2931);
#1887=LINE('',#12068,#2932);
#1888=LINE('',#12069,#2933);
#1889=LINE('',#12072,#2934);
#1890=LINE('',#12073,#2935);
#1891=LINE('',#12077,#2936);
#1892=LINE('',#12078,#2937);
#1893=LINE('',#12079,#2938);
#1894=LINE('',#12081,#2939);
#1895=LINE('',#12083,#2940);
#1896=LINE('',#12084,#2941);
#1897=LINE('',#12086,#2942);
#1898=LINE('',#12091,#2943);
#1899=LINE('',#12092,#2944);
#1900=LINE('',#12093,#2945);
#1901=LINE('',#12097,#2946);
#1902=LINE('',#12098,#2947);
#1903=LINE('',#12099,#2948);
#1904=LINE('',#12103,#2949);
#1905=LINE('',#12104,#2950);
#1906=LINE('',#12105,#2951);
#1907=LINE('',#12107,#2952);
#1908=LINE('',#12109,#2953);
#1909=LINE('',#12111,#2954);
#1910=LINE('',#12112,#2955);
#1911=LINE('',#12117,#2956);
#1912=LINE('',#12118,#2957);
#1913=LINE('',#12119,#2958);
#1914=LINE('',#12121,#2959);
#1915=LINE('',#12123,#2960);
#1916=LINE('',#12124,#2961);
#1917=LINE('',#12130,#2962);
#1918=LINE('',#12131,#2963);
#1919=LINE('',#12132,#2964);
#1920=LINE('',#12136,#2965);
#1921=LINE('',#12137,#2966);
#1922=LINE('',#12138,#2967);
#1923=LINE('',#12142,#2968);
#1924=LINE('',#12143,#2969);
#1925=LINE('',#12144,#2970);
#1926=LINE('',#12148,#2971);
#1927=LINE('',#12149,#2972);
#1928=LINE('',#12150,#2973);
#1929=LINE('',#12154,#2974);
#1930=LINE('',#12155,#2975);
#1931=LINE('',#12156,#2976);
#1932=LINE('',#12160,#2977);
#1933=LINE('',#12161,#2978);
#1934=LINE('',#12162,#2979);
#1935=LINE('',#12164,#2980);
#1936=LINE('',#12166,#2981);
#1937=LINE('',#12168,#2982);
#1938=LINE('',#12169,#2983);
#1939=LINE('',#12175,#2984);
#1940=LINE('',#12176,#2985);
#1941=LINE('',#12177,#2986);
#1942=LINE('',#12181,#2987);
#1943=LINE('',#12182,#2988);
#1944=LINE('',#12183,#2989);
#1945=LINE('',#12186,#2990);
#1946=LINE('',#12187,#2991);
#1947=LINE('',#12190,#2992);
#1948=LINE('',#12191,#2993);
#1949=LINE('',#12197,#2994);
#1950=LINE('',#12198,#2995);
#1951=LINE('',#12199,#2996);
#1952=LINE('',#12203,#2997);
#1953=LINE('',#12204,#2998);
#1954=LINE('',#12205,#2999);
#1955=LINE('',#12208,#3000);
#1956=LINE('',#12209,#3001);
#1957=LINE('',#12213,#3002);
#1958=LINE('',#12214,#3003);
#1959=LINE('',#12215,#3004);
#1960=LINE('',#12219,#3005);
#1961=LINE('',#12220,#3006);
#1962=LINE('',#12221,#3007);
#1963=LINE('',#12225,#3008);
#1964=LINE('',#12226,#3009);
#1965=LINE('',#12227,#3010);
#1966=LINE('',#12231,#3011);
#1967=LINE('',#12232,#3012);
#1968=LINE('',#12233,#3013);
#1969=LINE('',#12237,#3014);
#1970=LINE('',#12238,#3015);
#1971=LINE('',#12239,#3016);
#1972=LINE('',#12243,#3017);
#1973=LINE('',#12244,#3018);
#1974=LINE('',#12245,#3019);
#1975=LINE('',#12249,#3020);
#1976=LINE('',#12250,#3021);
#1977=LINE('',#12251,#3022);
#1978=LINE('',#12255,#3023);
#1979=LINE('',#12256,#3024);
#1980=LINE('',#12257,#3025);
#1981=LINE('',#12261,#3026);
#1982=LINE('',#12262,#3027);
#1983=LINE('',#12263,#3028);
#1984=LINE('',#12267,#3029);
#1985=LINE('',#12268,#3030);
#1986=LINE('',#12269,#3031);
#1987=LINE('',#12273,#3032);
#1988=LINE('',#12274,#3033);
#1989=LINE('',#12275,#3034);
#1990=LINE('',#12279,#3035);
#1991=LINE('',#12280,#3036);
#1992=LINE('',#12281,#3037);
#1993=LINE('',#12285,#3038);
#1994=LINE('',#12286,#3039);
#1995=LINE('',#12287,#3040);
#1996=LINE('',#12290,#3041);
#1997=LINE('',#12291,#3042);
#1998=LINE('',#12295,#3043);
#1999=LINE('',#12296,#3044);
#2000=LINE('',#12297,#3045);
#2001=LINE('',#12301,#3046);
#2002=LINE('',#12302,#3047);
#2003=LINE('',#12303,#3048);
#2004=LINE('',#12307,#3049);
#2005=LINE('',#12308,#3050);
#2006=LINE('',#12309,#3051);
#2007=LINE('',#12313,#3052);
#2008=LINE('',#12314,#3053);
#2009=LINE('',#12315,#3054);
#2010=LINE('',#12319,#3055);
#2011=LINE('',#12320,#3056);
#2012=LINE('',#12321,#3057);
#2013=LINE('',#12324,#3058);
#2014=LINE('',#12325,#3059);
#2015=LINE('',#12327,#3060);
#2016=LINE('',#12330,#3061);
#2017=LINE('',#12331,#3062);
#2018=LINE('',#12333,#3063);
#2019=LINE('',#12336,#3064);
#2020=LINE('',#12337,#3065);
#2021=LINE('',#12340,#3066);
#2022=LINE('',#12341,#3067);
#2023=LINE('',#12344,#3068);
#2024=LINE('',#12345,#3069);
#2025=LINE('',#12347,#3070);
#2026=LINE('',#12350,#3071);
#2027=LINE('',#12351,#3072);
#2028=LINE('',#12353,#3073);
#2029=LINE('',#12356,#3074);
#2030=LINE('',#12357,#3075);
#2031=LINE('',#12360,#3076);
#2032=LINE('',#12361,#3077);
#2033=LINE('',#12363,#3078);
#2034=LINE('',#12366,#3079);
#2035=LINE('',#12367,#3080);
#2036=LINE('',#12370,#3081);
#2037=LINE('',#12371,#3082);
#2038=LINE('',#12374,#3083);
#2039=LINE('',#12375,#3084);
#2040=LINE('',#12377,#3085);
#2041=LINE('',#12380,#3086);
#2042=LINE('',#12381,#3087);
#2043=LINE('',#12383,#3088);
#2044=LINE('',#12386,#3089);
#2045=LINE('',#12387,#3090);
#2046=LINE('',#12390,#3091);
#2047=LINE('',#12391,#3092);
#2048=LINE('',#12393,#3093);
#2049=LINE('',#12396,#3094);
#2050=LINE('',#12397,#3095);
#2051=LINE('',#12400,#3096);
#2052=LINE('',#12401,#3097);
#2053=LINE('',#12404,#3098);
#2054=LINE('',#12405,#3099);
#2055=LINE('',#12407,#3100);
#2056=LINE('',#12410,#3101);
#2057=LINE('',#12411,#3102);
#2058=LINE('',#12413,#3103);
#2059=LINE('',#12416,#3104);
#2060=LINE('',#12417,#3105);
#2061=LINE('',#12420,#3106);
#2062=LINE('',#12421,#3107);
#2063=LINE('',#12424,#3108);
#2064=LINE('',#12425,#3109);
#2065=LINE('',#12427,#3110);
#2066=LINE('',#12430,#3111);
#2067=LINE('',#12431,#3112);
#2068=LINE('',#12433,#3113);
#2069=LINE('',#12436,#3114);
#2070=LINE('',#12437,#3115);
#2071=LINE('',#12440,#3116);
#2072=LINE('',#12441,#3117);
#2073=LINE('',#12443,#3118);
#2074=LINE('',#12446,#3119);
#2075=LINE('',#12447,#3120);
#2076=LINE('',#12450,#3121);
#2077=LINE('',#12451,#3122);
#2078=LINE('',#12453,#3123);
#2079=LINE('',#12456,#3124);
#2080=LINE('',#12457,#3125);
#2081=LINE('',#12460,#3126);
#2082=LINE('',#12461,#3127);
#2083=LINE('',#12463,#3128);
#2084=LINE('',#12466,#3129);
#2085=LINE('',#12467,#3130);
#2086=LINE('',#12470,#3131);
#2087=LINE('',#12471,#3132);
#2088=LINE('',#12473,#3133);
#2089=LINE('',#12476,#3134);
#2090=LINE('',#12477,#3135);
#2091=LINE('',#12480,#3136);
#2092=LINE('',#12481,#3137);
#2093=LINE('',#12483,#3138);
#2094=LINE('',#12486,#3139);
#2095=LINE('',#12487,#3140);
#2096=LINE('',#12490,#3141);
#2097=LINE('',#12491,#3142);
#2098=LINE('',#12493,#3143);
#2099=LINE('',#12496,#3144);
#2100=LINE('',#12497,#3145);
#2101=LINE('',#12500,#3146);
#2102=LINE('',#12501,#3147);
#2103=LINE('',#12503,#3148);
#2104=LINE('',#12506,#3149);
#2105=LINE('',#12507,#3150);
#2106=LINE('',#12510,#3151);
#2107=LINE('',#12511,#3152);
#2108=LINE('',#12513,#3153);
#2109=LINE('',#12516,#3154);
#2110=LINE('',#12517,#3155);
#2111=LINE('',#12520,#3156);
#2112=LINE('',#12521,#3157);
#2113=LINE('',#12523,#3158);
#2114=LINE('',#12526,#3159);
#2115=LINE('',#12527,#3160);
#2116=LINE('',#12530,#3161);
#2117=LINE('',#12531,#3162);
#2118=LINE('',#12533,#3163);
#2119=LINE('',#12536,#3164);
#2120=LINE('',#12537,#3165);
#2121=LINE('',#12540,#3166);
#2122=LINE('',#12541,#3167);
#2123=LINE('',#12543,#3168);
#2124=LINE('',#12546,#3169);
#2125=LINE('',#12547,#3170);
#2126=LINE('',#12550,#3171);
#2127=LINE('',#12551,#3172);
#2128=LINE('',#12553,#3173);
#2129=LINE('',#12556,#3174);
#2130=LINE('',#12557,#3175);
#2131=LINE('',#12560,#3176);
#2132=LINE('',#12561,#3177);
#2133=LINE('',#12563,#3178);
#2134=LINE('',#12566,#3179);
#2135=LINE('',#12568,#3180);
#2136=LINE('',#12569,#3181);
#2137=LINE('',#12571,#3182);
#2138=LINE('',#12573,#3183);
#2139=LINE('',#12574,#3184);
#2140=LINE('',#12576,#3185);
#2141=LINE('',#12578,#3186);
#2142=LINE('',#12579,#3187);
#2143=LINE('',#12581,#3188);
#2144=LINE('',#12583,#3189);
#2145=LINE('',#12584,#3190);
#2146=LINE('',#12586,#3191);
#2147=LINE('',#12588,#3192);
#2148=LINE('',#12589,#3193);
#2149=LINE('',#12591,#3194);
#2150=LINE('',#12593,#3195);
#2151=LINE('',#12594,#3196);
#2152=LINE('',#12596,#3197);
#2153=LINE('',#12598,#3198);
#2154=LINE('',#12599,#3199);
#2155=LINE('',#12601,#3200);
#2156=LINE('',#12603,#3201);
#2157=LINE('',#12604,#3202);
#2158=LINE('',#12606,#3203);
#2159=LINE('',#12608,#3204);
#2160=LINE('',#12609,#3205);
#2161=LINE('',#12611,#3206);
#2162=LINE('',#12612,#3207);
#2163=LINE('',#12613,#3208);
#2164=LINE('',#12614,#3209);
#2165=LINE('',#12615,#3210);
#2166=LINE('',#12617,#3211);
#2167=LINE('',#12619,#3212);
#2168=LINE('',#12620,#3213);
#2169=LINE('',#12622,#3214);
#2170=LINE('',#12624,#3215);
#2171=LINE('',#12625,#3216);
#2172=LINE('',#12627,#3217);
#2173=LINE('',#12629,#3218);
#2174=LINE('',#12630,#3219);
#2175=LINE('',#12632,#3220);
#2176=LINE('',#12634,#3221);
#2177=LINE('',#12635,#3222);
#2178=LINE('',#12637,#3223);
#2179=LINE('',#12639,#3224);
#2180=LINE('',#12640,#3225);
#2181=LINE('',#12642,#3226);
#2182=LINE('',#12644,#3227);
#2183=LINE('',#12645,#3228);
#2184=LINE('',#12647,#3229);
#2185=LINE('',#12649,#3230);
#2186=LINE('',#12650,#3231);
#2187=LINE('',#12652,#3232);
#2188=LINE('',#12654,#3233);
#2189=LINE('',#12655,#3234);
#2190=LINE('',#12657,#3235);
#2191=LINE('',#12659,#3236);
#2192=LINE('',#12660,#3237);
#2193=LINE('',#12662,#3238);
#2194=LINE('',#12664,#3239);
#2195=LINE('',#12665,#3240);
#2196=LINE('',#12667,#3241);
#2197=LINE('',#12669,#3242);
#2198=LINE('',#12670,#3243);
#2199=LINE('',#12672,#3244);
#2200=LINE('',#12674,#3245);
#2201=LINE('',#12677,#3246);
#2202=LINE('',#12679,#3247);
#2203=LINE('',#12682,#3248);
#2204=LINE('',#12684,#3249);
#2205=LINE('',#12687,#3250);
#2206=LINE('',#12689,#3251);
#2207=LINE('',#12692,#3252);
#2208=LINE('',#12694,#3253);
#2209=LINE('',#12697,#3254);
#2210=LINE('',#12699,#3255);
#2211=LINE('',#12702,#3256);
#2212=LINE('',#12704,#3257);
#2213=LINE('',#12707,#3258);
#2214=LINE('',#12709,#3259);
#2215=LINE('',#12712,#3260);
#2216=LINE('',#12714,#3261);
#2217=LINE('',#12717,#3262);
#2218=LINE('',#12723,#3263);
#2219=LINE('',#12725,#3264);
#2220=LINE('',#12728,#3265);
#2221=LINE('',#12730,#3266);
#2222=LINE('',#12733,#3267);
#2223=LINE('',#12735,#3268);
#2224=LINE('',#12738,#3269);
#2225=LINE('',#12740,#3270);
#2226=LINE('',#12742,#3271);
#2227=LINE('',#12745,#3272);
#2228=LINE('',#12748,#3273);
#2229=LINE('',#12750,#3274);
#2230=LINE('',#12752,#3275);
#2231=LINE('',#12755,#3276);
#2232=LINE('',#12758,#3277);
#2233=LINE('',#12760,#3278);
#2234=LINE('',#12762,#3279);
#2235=LINE('',#12765,#3280);
#2236=LINE('',#12768,#3281);
#2237=LINE('',#12770,#3282);
#2238=LINE('',#12772,#3283);
#2239=LINE('',#12775,#3284);
#2240=VECTOR('',#8472,2.35000000000001);
#2241=VECTOR('',#8481,2.34999999999999);
#2242=VECTOR('',#8490,2.35);
#2243=VECTOR('',#8499,2.35);
#2244=VECTOR('',#8506,10.);
#2245=VECTOR('',#8507,10.);
#2246=VECTOR('',#8508,10.);
#2247=VECTOR('',#8509,10.);
#2248=VECTOR('',#8512,10.);
#2249=VECTOR('',#8513,10.);
#2250=VECTOR('',#8514,10.);
#2251=VECTOR('',#8517,10.);
#2252=VECTOR('',#8518,10.);
#2253=VECTOR('',#8521,10.);
#2254=VECTOR('',#8522,10.);
#2255=VECTOR('',#8523,10.);
#2256=VECTOR('',#8524,10.);
#2257=VECTOR('',#8525,10.);
#2258=VECTOR('',#8526,10.);
#2259=VECTOR('',#8529,10.);
#2260=VECTOR('',#8530,10.);
#2261=VECTOR('',#8531,10.);
#2262=VECTOR('',#8532,10.);
#2263=VECTOR('',#8535,10.);
#2264=VECTOR('',#8536,10.);
#2265=VECTOR('',#8539,10.);
#2266=VECTOR('',#8542,10.);
#2267=VECTOR('',#8543,10.);
#2268=VECTOR('',#8544,10.);
#2269=VECTOR('',#8545,10.);
#2270=VECTOR('',#8546,10.);
#2271=VECTOR('',#8549,10.);
#2272=VECTOR('',#8552,10.);
#2273=VECTOR('',#8555,10.);
#2274=VECTOR('',#8556,10.);
#2275=VECTOR('',#8557,10.);
#2276=VECTOR('',#8558,10.);
#2277=VECTOR('',#8559,10.);
#2278=VECTOR('',#8560,10.);
#2279=VECTOR('',#8561,10.);
#2280=VECTOR('',#8562,10.);
#2281=VECTOR('',#8565,10.);
#2282=VECTOR('',#8566,10.);
#2283=VECTOR('',#8567,10.);
#2284=VECTOR('',#8570,10.);
#2285=VECTOR('',#8571,10.);
#2286=VECTOR('',#8574,10.);
#2287=VECTOR('',#8575,10.);
#2288=VECTOR('',#8578,10.);
#2289=VECTOR('',#8579,10.);
#2290=VECTOR('',#8580,10.);
#2291=VECTOR('',#8581,10.);
#2292=VECTOR('',#8584,10.);
#2293=VECTOR('',#8585,10.);
#2294=VECTOR('',#8588,10.);
#2295=VECTOR('',#8593,10.);
#2296=VECTOR('',#8594,10.);
#2297=VECTOR('',#8595,10.);
#2298=VECTOR('',#8598,10.);
#2299=VECTOR('',#8599,10.);
#2300=VECTOR('',#8600,10.);
#2301=VECTOR('',#8601,10.);
#2302=VECTOR('',#8602,10.);
#2303=VECTOR('',#8603,10.);
#2304=VECTOR('',#8606,10.);
#2305=VECTOR('',#8607,10.);
#2306=VECTOR('',#8608,10.);
#2307=VECTOR('',#8611,10.);
#2308=VECTOR('',#8614,10.);
#2309=VECTOR('',#8617,10.);
#2310=VECTOR('',#8618,10.);
#2311=VECTOR('',#8621,10.);
#2312=VECTOR('',#8622,10.);
#2313=VECTOR('',#8623,10.);
#2314=VECTOR('',#8624,10.);
#2315=VECTOR('',#8627,10.);
#2316=VECTOR('',#8628,10.);
#2317=VECTOR('',#8629,10.);
#2318=VECTOR('',#8630,10.);
#2319=VECTOR('',#8633,10.);
#2320=VECTOR('',#8634,10.);
#2321=VECTOR('',#8635,10.);
#2322=VECTOR('',#8638,10.);
#2323=VECTOR('',#8639,10.);
#2324=VECTOR('',#8640,10.);
#2325=VECTOR('',#8641,10.);
#2326=VECTOR('',#8644,10.);
#2327=VECTOR('',#8645,10.);
#2328=VECTOR('',#8646,10.);
#2329=VECTOR('',#8647,10.);
#2330=VECTOR('',#8650,10.);
#2331=VECTOR('',#8651,10.);
#2332=VECTOR('',#8652,10.);
#2333=VECTOR('',#8653,10.);
#2334=VECTOR('',#8656,10.);
#2335=VECTOR('',#8657,10.);
#2336=VECTOR('',#8658,10.);
#2337=VECTOR('',#8659,10.);
#2338=VECTOR('',#8664,10.);
#2339=VECTOR('',#8665,10.);
#2340=VECTOR('',#8668,10.);
#2341=VECTOR('',#8669,10.);
#2342=VECTOR('',#8670,10.);
#2343=VECTOR('',#8673,10.);
#2344=VECTOR('',#8674,10.);
#2345=VECTOR('',#8675,10.);
#2346=VECTOR('',#8676,10.);
#2347=VECTOR('',#8679,10.);
#2348=VECTOR('',#8680,10.);
#2349=VECTOR('',#8681,10.);
#2350=VECTOR('',#8682,10.);
#2351=VECTOR('',#8687,10.);
#2352=VECTOR('',#8688,10.);
#2353=VECTOR('',#8693,10.);
#2354=VECTOR('',#8694,10.);
#2355=VECTOR('',#8695,10.);
#2356=VECTOR('',#8698,10.);
#2357=VECTOR('',#8699,10.);
#2358=VECTOR('',#8700,10.);
#2359=VECTOR('',#8705,10.);
#2360=VECTOR('',#8706,10.);
#2361=VECTOR('',#8707,10.);
#2362=VECTOR('',#8710,10.);
#2363=VECTOR('',#8711,10.);
#2364=VECTOR('',#8712,10.);
#2365=VECTOR('',#8715,10.);
#2366=VECTOR('',#8716,10.);
#2367=VECTOR('',#8717,10.);
#2368=VECTOR('',#8722,10.);
#2369=VECTOR('',#8723,10.);
#2370=VECTOR('',#8728,10.);
#2371=VECTOR('',#8731,10.);
#2372=VECTOR('',#8732,10.);
#2373=VECTOR('',#8733,10.);
#2374=VECTOR('',#8734,10.);
#2375=VECTOR('',#8737,10.);
#2376=VECTOR('',#8738,10.);
#2377=VECTOR('',#8747,10.);
#2378=VECTOR('',#8748,10.);
#2379=VECTOR('',#8751,10.);
#2380=VECTOR('',#8752,10.);
#2381=VECTOR('',#8753,10.);
#2382=VECTOR('',#8754,10.);
#2383=VECTOR('',#8757,10.);
#2384=VECTOR('',#8758,10.);
#2385=VECTOR('',#8759,10.);
#2386=VECTOR('',#8760,10.);
#2387=VECTOR('',#8765,2.3);
#2388=VECTOR('',#8774,2.3);
#2389=VECTOR('',#8783,2.3);
#2390=VECTOR('',#8792,2.3);
#2391=VECTOR('',#8799,10.);
#2392=VECTOR('',#8800,10.);
#2393=VECTOR('',#8801,10.);
#2394=VECTOR('',#8802,10.);
#2395=VECTOR('',#8805,10.);
#2396=VECTOR('',#8806,10.);
#2397=VECTOR('',#8807,10.);
#2398=VECTOR('',#8808,10.);
#2399=VECTOR('',#8809,10.);
#2400=VECTOR('',#8810,10.);
#2401=VECTOR('',#8811,10.);
#2402=VECTOR('',#8814,10.);
#2403=VECTOR('',#8815,10.);
#2404=VECTOR('',#8816,10.);
#2405=VECTOR('',#8819,10.);
#2406=VECTOR('',#8820,10.);
#2407=VECTOR('',#8821,10.);
#2408=VECTOR('',#8824,10.);
#2409=VECTOR('',#8825,10.);
#2410=VECTOR('',#8826,10.);
#2411=VECTOR('',#8829,10.);
#2412=VECTOR('',#8832,10.);
#2413=VECTOR('',#8833,10.);
#2414=VECTOR('',#8834,10.);
#2415=VECTOR('',#8835,10.);
#2416=VECTOR('',#8836,10.);
#2417=VECTOR('',#8837,10.);
#2418=VECTOR('',#8838,10.);
#2419=VECTOR('',#8839,10.);
#2420=VECTOR('',#8840,10.);
#2421=VECTOR('',#8841,10.);
#2422=VECTOR('',#8842,10.);
#2423=VECTOR('',#8843,10.);
#2424=VECTOR('',#8844,10.);
#2425=VECTOR('',#8845,10.);
#2426=VECTOR('',#8846,10.);
#2427=VECTOR('',#8847,10.);
#2428=VECTOR('',#8848,10.);
#2429=VECTOR('',#8849,10.);
#2430=VECTOR('',#8850,10.);
#2431=VECTOR('',#8851,10.);
#2432=VECTOR('',#8852,10.);
#2433=VECTOR('',#8853,10.);
#2434=VECTOR('',#8854,10.);
#2435=VECTOR('',#8855,10.);
#2436=VECTOR('',#8856,10.);
#2437=VECTOR('',#8857,10.);
#2438=VECTOR('',#8858,10.);
#2439=VECTOR('',#8859,10.);
#2440=VECTOR('',#8860,10.);
#2441=VECTOR('',#8861,10.);
#2442=VECTOR('',#8862,10.);
#2443=VECTOR('',#8863,10.);
#2444=VECTOR('',#8864,10.);
#2445=VECTOR('',#8865,10.);
#2446=VECTOR('',#8866,10.);
#2447=VECTOR('',#8867,10.);
#2448=VECTOR('',#8868,10.);
#2449=VECTOR('',#8869,10.);
#2450=VECTOR('',#8870,10.);
#2451=VECTOR('',#8871,10.);
#2452=VECTOR('',#8872,10.);
#2453=VECTOR('',#8873,10.);
#2454=VECTOR('',#8874,10.);
#2455=VECTOR('',#8875,10.);
#2456=VECTOR('',#8876,10.);
#2457=VECTOR('',#8877,10.);
#2458=VECTOR('',#8878,10.);
#2459=VECTOR('',#8879,10.);
#2460=VECTOR('',#8880,10.);
#2461=VECTOR('',#8881,10.);
#2462=VECTOR('',#8882,10.);
#2463=VECTOR('',#8883,10.);
#2464=VECTOR('',#8884,10.);
#2465=VECTOR('',#8885,10.);
#2466=VECTOR('',#8886,10.);
#2467=VECTOR('',#8887,10.);
#2468=VECTOR('',#8888,10.);
#2469=VECTOR('',#8889,10.);
#2470=VECTOR('',#8890,10.);
#2471=VECTOR('',#8891,10.);
#2472=VECTOR('',#8892,10.);
#2473=VECTOR('',#8893,10.);
#2474=VECTOR('',#8894,10.);
#2475=VECTOR('',#8895,10.);
#2476=VECTOR('',#8896,10.);
#2477=VECTOR('',#8897,10.);
#2478=VECTOR('',#8898,10.);
#2479=VECTOR('',#8899,10.);
#2480=VECTOR('',#8900,10.);
#2481=VECTOR('',#8901,10.);
#2482=VECTOR('',#8902,10.);
#2483=VECTOR('',#8903,10.);
#2484=VECTOR('',#8904,10.);
#2485=VECTOR('',#8905,10.);
#2486=VECTOR('',#8906,10.);
#2487=VECTOR('',#8907,10.);
#2488=VECTOR('',#8908,10.);
#2489=VECTOR('',#8909,10.);
#2490=VECTOR('',#8910,10.);
#2491=VECTOR('',#8911,10.);
#2492=VECTOR('',#8912,10.);
#2493=VECTOR('',#8913,10.);
#2494=VECTOR('',#8914,10.);
#2495=VECTOR('',#8915,10.);
#2496=VECTOR('',#8916,10.);
#2497=VECTOR('',#8917,10.);
#2498=VECTOR('',#8918,10.);
#2499=VECTOR('',#8919,10.);
#2500=VECTOR('',#8920,10.);
#2501=VECTOR('',#8921,10.);
#2502=VECTOR('',#8922,10.);
#2503=VECTOR('',#8923,10.);
#2504=VECTOR('',#8924,10.);
#2505=VECTOR('',#8925,10.);
#2506=VECTOR('',#8926,10.);
#2507=VECTOR('',#8927,10.);
#2508=VECTOR('',#8928,10.);
#2509=VECTOR('',#8929,10.);
#2510=VECTOR('',#8930,10.);
#2511=VECTOR('',#8931,10.);
#2512=VECTOR('',#8932,10.);
#2513=VECTOR('',#8933,10.);
#2514=VECTOR('',#8934,10.);
#2515=VECTOR('',#8935,10.);
#2516=VECTOR('',#8936,10.);
#2517=VECTOR('',#8937,10.);
#2518=VECTOR('',#8938,10.);
#2519=VECTOR('',#8939,10.);
#2520=VECTOR('',#8940,10.);
#2521=VECTOR('',#8941,10.);
#2522=VECTOR('',#8942,10.);
#2523=VECTOR('',#8943,10.);
#2524=VECTOR('',#8944,10.);
#2525=VECTOR('',#8945,10.);
#2526=VECTOR('',#8946,10.);
#2527=VECTOR('',#8947,10.);
#2528=VECTOR('',#8948,10.);
#2529=VECTOR('',#8949,10.);
#2530=VECTOR('',#8950,10.);
#2531=VECTOR('',#8951,10.);
#2532=VECTOR('',#8952,10.);
#2533=VECTOR('',#8953,10.);
#2534=VECTOR('',#8954,10.);
#2535=VECTOR('',#8955,10.);
#2536=VECTOR('',#8956,10.);
#2537=VECTOR('',#8957,10.);
#2538=VECTOR('',#8958,10.);
#2539=VECTOR('',#8959,10.);
#2540=VECTOR('',#8960,10.);
#2541=VECTOR('',#8961,10.);
#2542=VECTOR('',#8962,10.);
#2543=VECTOR('',#8963,10.);
#2544=VECTOR('',#8964,10.);
#2545=VECTOR('',#8965,10.);
#2546=VECTOR('',#8966,10.);
#2547=VECTOR('',#8967,10.);
#2548=VECTOR('',#8968,10.);
#2549=VECTOR('',#8969,10.);
#2550=VECTOR('',#8970,10.);
#2551=VECTOR('',#8971,10.);
#2552=VECTOR('',#8972,10.);
#2553=VECTOR('',#8973,10.);
#2554=VECTOR('',#8974,10.);
#2555=VECTOR('',#8975,10.);
#2556=VECTOR('',#8976,10.);
#2557=VECTOR('',#8977,10.);
#2558=VECTOR('',#8978,10.);
#2559=VECTOR('',#8979,10.);
#2560=VECTOR('',#8980,10.);
#2561=VECTOR('',#8981,10.);
#2562=VECTOR('',#8982,10.);
#2563=VECTOR('',#8983,10.);
#2564=VECTOR('',#8984,10.);
#2565=VECTOR('',#8985,10.);
#2566=VECTOR('',#8986,10.);
#2567=VECTOR('',#8987,10.);
#2568=VECTOR('',#8988,10.);
#2569=VECTOR('',#8989,10.);
#2570=VECTOR('',#8990,10.);
#2571=VECTOR('',#8991,10.);
#2572=VECTOR('',#8992,10.);
#2573=VECTOR('',#8993,10.);
#2574=VECTOR('',#8994,10.);
#2575=VECTOR('',#8995,10.);
#2576=VECTOR('',#8996,10.);
#2577=VECTOR('',#8997,10.);
#2578=VECTOR('',#8998,10.);
#2579=VECTOR('',#8999,10.);
#2580=VECTOR('',#9000,10.);
#2581=VECTOR('',#9001,10.);
#2582=VECTOR('',#9002,10.);
#2583=VECTOR('',#9003,10.);
#2584=VECTOR('',#9004,10.);
#2585=VECTOR('',#9005,10.);
#2586=VECTOR('',#9006,10.);
#2587=VECTOR('',#9007,10.);
#2588=VECTOR('',#9008,10.);
#2589=VECTOR('',#9009,10.);
#2590=VECTOR('',#9010,10.);
#2591=VECTOR('',#9011,10.);
#2592=VECTOR('',#9012,10.);
#2593=VECTOR('',#9013,10.);
#2594=VECTOR('',#9014,10.);
#2595=VECTOR('',#9015,10.);
#2596=VECTOR('',#9016,10.);
#2597=VECTOR('',#9017,10.);
#2598=VECTOR('',#9020,10.);
#2599=VECTOR('',#9027,10.);
#2600=VECTOR('',#9030,10.);
#2601=VECTOR('',#9033,10.);
#2602=VECTOR('',#9034,10.);
#2603=VECTOR('',#9037,10.);
#2604=VECTOR('',#9038,10.);
#2605=VECTOR('',#9039,10.);
#2606=VECTOR('',#9042,10.);
#2607=VECTOR('',#9043,10.);
#2608=VECTOR('',#9044,10.);
#2609=VECTOR('',#9045,10.);
#2610=VECTOR('',#9046,10.);
#2611=VECTOR('',#9047,10.);
#2612=VECTOR('',#9048,10.);
#2613=VECTOR('',#9049,10.);
#2614=VECTOR('',#9050,10.);
#2615=VECTOR('',#9051,10.);
#2616=VECTOR('',#9052,10.);
#2617=VECTOR('',#9053,10.);
#2618=VECTOR('',#9054,10.);
#2619=VECTOR('',#9055,10.);
#2620=VECTOR('',#9056,10.);
#2621=VECTOR('',#9057,10.);
#2622=VECTOR('',#9058,10.);
#2623=VECTOR('',#9059,10.);
#2624=VECTOR('',#9060,10.);
#2625=VECTOR('',#9061,10.);
#2626=VECTOR('',#9062,10.);
#2627=VECTOR('',#9063,10.);
#2628=VECTOR('',#9064,10.);
#2629=VECTOR('',#9065,10.);
#2630=VECTOR('',#9066,10.);
#2631=VECTOR('',#9067,10.);
#2632=VECTOR('',#9068,10.);
#2633=VECTOR('',#9069,10.);
#2634=VECTOR('',#9070,10.);
#2635=VECTOR('',#9071,10.);
#2636=VECTOR('',#9072,10.);
#2637=VECTOR('',#9073,10.);
#2638=VECTOR('',#9074,10.);
#2639=VECTOR('',#9075,10.);
#2640=VECTOR('',#9076,10.);
#2641=VECTOR('',#9077,10.);
#2642=VECTOR('',#9078,10.);
#2643=VECTOR('',#9079,10.);
#2644=VECTOR('',#9080,10.);
#2645=VECTOR('',#9081,10.);
#2646=VECTOR('',#9082,10.);
#2647=VECTOR('',#9083,10.);
#2648=VECTOR('',#9084,10.);
#2649=VECTOR('',#9085,10.);
#2650=VECTOR('',#9086,10.);
#2651=VECTOR('',#9087,10.);
#2652=VECTOR('',#9088,10.);
#2653=VECTOR('',#9089,10.);
#2654=VECTOR('',#9090,10.);
#2655=VECTOR('',#9091,10.);
#2656=VECTOR('',#9092,10.);
#2657=VECTOR('',#9093,10.);
#2658=VECTOR('',#9094,10.);
#2659=VECTOR('',#9097,10.);
#2660=VECTOR('',#9098,10.);
#2661=VECTOR('',#9099,10.);
#2662=VECTOR('',#9102,10.);
#2663=VECTOR('',#9103,10.);
#2664=VECTOR('',#9106,10.);
#2665=VECTOR('',#9107,10.);
#2666=VECTOR('',#9108,10.);
#2667=VECTOR('',#9111,10.);
#2668=VECTOR('',#9112,10.);
#2669=VECTOR('',#9113,10.);
#2670=VECTOR('',#9116,10.);
#2671=VECTOR('',#9119,10.);
#2672=VECTOR('',#9120,10.);
#2673=VECTOR('',#9123,10.);
#2674=VECTOR('',#9124,10.);
#2675=VECTOR('',#9125,10.);
#2676=VECTOR('',#9128,10.);
#2677=VECTOR('',#9129,10.);
#2678=VECTOR('',#9130,10.);
#2679=VECTOR('',#9133,10.);
#2680=VECTOR('',#9136,10.);
#2681=VECTOR('',#9137,10.);
#2682=VECTOR('',#9140,10.);
#2683=VECTOR('',#9141,10.);
#2684=VECTOR('',#9142,10.);
#2685=VECTOR('',#9145,10.);
#2686=VECTOR('',#9146,10.);
#2687=VECTOR('',#9147,10.);
#2688=VECTOR('',#9150,10.);
#2689=VECTOR('',#9153,10.);
#2690=VECTOR('',#9154,10.);
#2691=VECTOR('',#9157,10.);
#2692=VECTOR('',#9158,10.);
#2693=VECTOR('',#9159,10.);
#2694=VECTOR('',#9162,10.);
#2695=VECTOR('',#9163,10.);
#2696=VECTOR('',#9164,10.);
#2697=VECTOR('',#9165,10.);
#2698=VECTOR('',#9168,10.);
#2699=VECTOR('',#9169,10.);
#2700=VECTOR('',#9172,10.);
#2701=VECTOR('',#9179,10.);
#2702=VECTOR('',#9182,10.);
#2703=VECTOR('',#9185,10.);
#2704=VECTOR('',#9186,10.);
#2705=VECTOR('',#9189,10.);
#2706=VECTOR('',#9190,10.);
#2707=VECTOR('',#9191,10.);
#2708=VECTOR('',#9194,10.);
#2709=VECTOR('',#9203,10.);
#2710=VECTOR('',#9206,10.);
#2711=VECTOR('',#9209,10.);
#2712=VECTOR('',#9210,10.);
#2713=VECTOR('',#9213,10.);
#2714=VECTOR('',#9214,10.);
#2715=VECTOR('',#9215,10.);
#2716=VECTOR('',#9218,10.);
#2717=VECTOR('',#9219,10.);
#2718=VECTOR('',#9220,10.);
#2719=VECTOR('',#9221,10.);
#2720=VECTOR('',#9224,10.);
#2721=VECTOR('',#9225,10.);
#2722=VECTOR('',#9228,10.);
#2723=VECTOR('',#9229,10.);
#2724=VECTOR('',#9232,10.);
#2725=VECTOR('',#9237,10.);
#2726=VECTOR('',#9238,10.);
#2727=VECTOR('',#9239,10.);
#2728=VECTOR('',#9242,10.);
#2729=VECTOR('',#9243,10.);
#2730=VECTOR('',#9246,10.);
#2731=VECTOR('',#9249,10.);
#2732=VECTOR('',#9250,10.);
#2733=VECTOR('',#9251,10.);
#2734=VECTOR('',#9254,10.);
#2735=VECTOR('',#9255,10.);
#2736=VECTOR('',#9256,10.);
#2737=VECTOR('',#9259,10.);
#2738=VECTOR('',#9262,10.);
#2739=VECTOR('',#9265,10.);
#2740=VECTOR('',#9266,10.);
#2741=VECTOR('',#9267,10.);
#2742=VECTOR('',#9270,10.);
#2743=VECTOR('',#9271,10.);
#2744=VECTOR('',#9272,10.);
#2745=VECTOR('',#9275,10.);
#2746=VECTOR('',#9278,10.);
#2747=VECTOR('',#9281,10.);
#2748=VECTOR('',#9290,10.);
#2749=VECTOR('',#9293,10.);
#2750=VECTOR('',#9296,10.);
#2751=VECTOR('',#9297,10.);
#2752=VECTOR('',#9300,10.);
#2753=VECTOR('',#9301,10.);
#2754=VECTOR('',#9302,10.);
#2755=VECTOR('',#9305,10.);
#2756=VECTOR('',#9314,10.);
#2757=VECTOR('',#9317,10.);
#2758=VECTOR('',#9320,10.);
#2759=VECTOR('',#9321,10.);
#2760=VECTOR('',#9324,10.);
#2761=VECTOR('',#9325,10.);
#2762=VECTOR('',#9326,10.);
#2763=VECTOR('',#9329,10.);
#2764=VECTOR('',#9330,10.);
#2765=VECTOR('',#9333,10.);
#2766=VECTOR('',#9334,10.);
#2767=VECTOR('',#9335,10.);
#2768=VECTOR('',#9338,10.);
#2769=VECTOR('',#9339,10.);
#2770=VECTOR('',#9342,10.);
#2771=VECTOR('',#9343,10.);
#2772=VECTOR('',#9344,10.);
#2773=VECTOR('',#9347,10.);
#2774=VECTOR('',#9350,10.);
#2775=VECTOR('',#9351,10.);
#2776=VECTOR('',#9354,10.);
#2777=VECTOR('',#9355,10.);
#2778=VECTOR('',#9358,10.);
#2779=VECTOR('',#9359,10.);
#2780=VECTOR('',#9360,10.);
#2781=VECTOR('',#9363,10.);
#2782=VECTOR('',#9366,10.);
#2783=VECTOR('',#9367,10.);
#2784=VECTOR('',#9370,10.);
#2785=VECTOR('',#9371,10.);
#2786=VECTOR('',#9374,10.);
#2787=VECTOR('',#9375,10.);
#2788=VECTOR('',#9376,10.);
#2789=VECTOR('',#9379,10.);
#2790=VECTOR('',#9382,10.);
#2791=VECTOR('',#9383,10.);
#2792=VECTOR('',#9386,10.);
#2793=VECTOR('',#9387,10.);
#2794=VECTOR('',#9388,10.);
#2795=VECTOR('',#9391,10.);
#2796=VECTOR('',#9392,10.);
#2797=VECTOR('',#9393,10.);
#2798=VECTOR('',#9394,10.);
#2799=VECTOR('',#9397,10.);
#2800=VECTOR('',#9398,10.);
#2801=VECTOR('',#9401,10.);
#2802=VECTOR('',#9404,10.);
#2803=VECTOR('',#9411,10.);
#2804=VECTOR('',#9414,10.);
#2805=VECTOR('',#9417,10.);
#2806=VECTOR('',#9418,10.);
#2807=VECTOR('',#9421,10.);
#2808=VECTOR('',#9422,10.);
#2809=VECTOR('',#9429,10.);
#2810=VECTOR('',#9432,10.);
#2811=VECTOR('',#9435,10.);
#2812=VECTOR('',#9438,10.);
#2813=VECTOR('',#9441,10.);
#2814=VECTOR('',#9444,10.);
#2815=VECTOR('',#9447,10.);
#2816=VECTOR('',#9450,10.);
#2817=VECTOR('',#9453,10.);
#2818=VECTOR('',#9456,10.);
#2819=VECTOR('',#9459,10.);
#2820=VECTOR('',#9462,10.);
#2821=VECTOR('',#9465,10.);
#2822=VECTOR('',#9468,10.);
#2823=VECTOR('',#9471,10.);
#2824=VECTOR('',#9474,10.);
#2825=VECTOR('',#9477,10.);
#2826=VECTOR('',#9480,10.);
#2827=VECTOR('',#9483,10.);
#2828=VECTOR('',#9486,10.);
#2829=VECTOR('',#9489,10.);
#2830=VECTOR('',#9492,10.);
#2831=VECTOR('',#9493,10.);
#2832=VECTOR('',#9500,10.);
#2833=VECTOR('',#9501,10.);
#2834=VECTOR('',#9502,10.);
#2835=VECTOR('',#9505,10.);
#2836=VECTOR('',#9506,10.);
#2837=VECTOR('',#9507,10.);
#2838=VECTOR('',#9508,10.);
#2839=VECTOR('',#9511,10.);
#2840=VECTOR('',#9512,10.);
#2841=VECTOR('',#9515,10.);
#2842=VECTOR('',#9516,10.);
#2843=VECTOR('',#9517,10.);
#2844=VECTOR('',#9518,10.);
#2845=VECTOR('',#9521,10.);
#2846=VECTOR('',#9522,10.);
#2847=VECTOR('',#9525,10.);
#2848=VECTOR('',#9526,10.);
#2849=VECTOR('',#9527,10.);
#2850=VECTOR('',#9530,10.);
#2851=VECTOR('',#9531,10.);
#2852=VECTOR('',#9534,10.);
#2853=VECTOR('',#9537,10.);
#2854=VECTOR('',#9538,10.);
#2855=VECTOR('',#9541,10.);
#2856=VECTOR('',#9542,10.);
#2857=VECTOR('',#9543,10.);
#2858=VECTOR('',#9546,10.);
#2859=VECTOR('',#9549,10.);
#2860=VECTOR('',#9552,10.);
#2861=VECTOR('',#9553,10.);
#2862=VECTOR('',#9556,10.);
#2863=VECTOR('',#9557,10.);
#2864=VECTOR('',#9558,10.);
#2865=VECTOR('',#9561,10.);
#2866=VECTOR('',#9564,10.);
#2867=VECTOR('',#9567,10.);
#2868=VECTOR('',#9568,10.);
#2869=VECTOR('',#9571,10.);
#2870=VECTOR('',#9572,10.);
#2871=VECTOR('',#9573,10.);
#2872=VECTOR('',#9574,10.);
#2873=VECTOR('',#9575,10.);
#2874=VECTOR('',#9578,10.);
#2875=VECTOR('',#9579,10.);
#2876=VECTOR('',#9584,10.);
#2877=VECTOR('',#9591,10.);
#2878=VECTOR('',#9594,10.);
#2879=VECTOR('',#9599,10.);
#2880=VECTOR('',#9602,10.);
#2881=VECTOR('',#9605,10.);
#2882=VECTOR('',#9608,10.);
#2883=VECTOR('',#9611,10.);
#2884=VECTOR('',#9614,10.);
#2885=VECTOR('',#9617,10.);
#2886=VECTOR('',#9620,10.);
#2887=VECTOR('',#9623,10.);
#2888=VECTOR('',#9626,10.);
#2889=VECTOR('',#9629,10.);
#2890=VECTOR('',#9632,10.);
#2891=VECTOR('',#9635,10.);
#2892=VECTOR('',#9638,10.);
#2893=VECTOR('',#9641,10.);
#2894=VECTOR('',#9644,10.);
#2895=VECTOR('',#9649,10.);
#2896=VECTOR('',#9652,10.);
#2897=VECTOR('',#9655,10.);
#2898=VECTOR('',#9658,10.);
#2899=VECTOR('',#9659,10.);
#2900=VECTOR('',#9664,10.);
#2901=VECTOR('',#9669,10.);
#2902=VECTOR('',#9670,10.);
#2903=VECTOR('',#9673,10.);
#2904=VECTOR('',#9676,10.);
#2905=VECTOR('',#9679,10.);
#2906=VECTOR('',#9682,10.);
#2907=VECTOR('',#9683,10.);
#2908=VECTOR('',#9686,10.);
#2909=VECTOR('',#9691,10.);
#2910=VECTOR('',#9692,10.);
#2911=VECTOR('',#9695,10.);
#2912=VECTOR('',#9698,10.);
#2913=VECTOR('',#9701,10.);
#2914=VECTOR('',#9702,10.);
#2915=VECTOR('',#9703,10.);
#2916=VECTOR('',#9706,10.);
#2917=VECTOR('',#9707,10.);
#2918=VECTOR('',#9708,10.);
#2919=VECTOR('',#9711,10.);
#2920=VECTOR('',#9712,10.);
#2921=VECTOR('',#9713,10.);
#2922=VECTOR('',#9716,10.);
#2923=VECTOR('',#9719,10.);
#2924=VECTOR('',#9720,10.);
#2925=VECTOR('',#9725,10.);
#2926=VECTOR('',#9728,10.);
#2927=VECTOR('',#9729,10.);
#2928=VECTOR('',#9730,10.);
#2929=VECTOR('',#9733,10.);
#2930=VECTOR('',#9734,10.);
#2931=VECTOR('',#9737,10.);
#2932=VECTOR('',#9738,10.);
#2933=VECTOR('',#9739,10.);
#2934=VECTOR('',#9742,10.);
#2935=VECTOR('',#9743,10.);
#2936=VECTOR('',#9746,10.);
#2937=VECTOR('',#9747,10.);
#2938=VECTOR('',#9748,10.);
#2939=VECTOR('',#9751,10.);
#2940=VECTOR('',#9754,10.);
#2941=VECTOR('',#9755,10.);
#2942=VECTOR('',#9758,10.);
#2943=VECTOR('',#9763,10.);
#2944=VECTOR('',#9764,10.);
#2945=VECTOR('',#9765,10.);
#2946=VECTOR('',#9768,10.);
#2947=VECTOR('',#9769,10.);
#2948=VECTOR('',#9770,10.);
#2949=VECTOR('',#9773,10.);
#2950=VECTOR('',#9774,10.);
#2951=VECTOR('',#9775,10.);
#2952=VECTOR('',#9778,10.);
#2953=VECTOR('',#9781,10.);
#2954=VECTOR('',#9784,10.);
#2955=VECTOR('',#9785,10.);
#2956=VECTOR('',#9792,10.);
#2957=VECTOR('',#9793,10.);
#2958=VECTOR('',#9794,10.);
#2959=VECTOR('',#9797,10.);
#2960=VECTOR('',#9800,10.);
#2961=VECTOR('',#9801,10.);
#2962=VECTOR('',#9808,10.);
#2963=VECTOR('',#9809,10.);
#2964=VECTOR('',#9810,10.);
#2965=VECTOR('',#9813,10.);
#2966=VECTOR('',#9814,10.);
#2967=VECTOR('',#9815,10.);
#2968=VECTOR('',#9818,10.);
#2969=VECTOR('',#9819,10.);
#2970=VECTOR('',#9820,10.);
#2971=VECTOR('',#9823,10.);
#2972=VECTOR('',#9824,10.);
#2973=VECTOR('',#9825,10.);
#2974=VECTOR('',#9828,10.);
#2975=VECTOR('',#9829,10.);
#2976=VECTOR('',#9830,10.);
#2977=VECTOR('',#9833,10.);
#2978=VECTOR('',#9834,10.);
#2979=VECTOR('',#9835,10.);
#2980=VECTOR('',#9838,10.);
#2981=VECTOR('',#9841,10.);
#2982=VECTOR('',#9844,10.);
#2983=VECTOR('',#9845,10.);
#2984=VECTOR('',#9852,10.);
#2985=VECTOR('',#9853,10.);
#2986=VECTOR('',#9854,10.);
#2987=VECTOR('',#9857,10.);
#2988=VECTOR('',#9858,10.);
#2989=VECTOR('',#9859,10.);
#2990=VECTOR('',#9862,10.);
#2991=VECTOR('',#9863,10.);
#2992=VECTOR('',#9866,10.);
#2993=VECTOR('',#9867,10.);
#2994=VECTOR('',#9874,10.);
#2995=VECTOR('',#9875,10.);
#2996=VECTOR('',#9876,10.);
#2997=VECTOR('',#9879,10.);
#2998=VECTOR('',#9880,10.);
#2999=VECTOR('',#9881,10.);
#3000=VECTOR('',#9884,10.);
#3001=VECTOR('',#9885,10.);
#3002=VECTOR('',#9888,10.);
#3003=VECTOR('',#9889,10.);
#3004=VECTOR('',#9890,10.);
#3005=VECTOR('',#9893,10.);
#3006=VECTOR('',#9894,10.);
#3007=VECTOR('',#9895,10.);
#3008=VECTOR('',#9898,10.);
#3009=VECTOR('',#9899,10.);
#3010=VECTOR('',#9900,10.);
#3011=VECTOR('',#9903,10.);
#3012=VECTOR('',#9904,10.);
#3013=VECTOR('',#9905,10.);
#3014=VECTOR('',#9908,10.);
#3015=VECTOR('',#9909,10.);
#3016=VECTOR('',#9910,10.);
#3017=VECTOR('',#9913,10.);
#3018=VECTOR('',#9914,10.);
#3019=VECTOR('',#9915,10.);
#3020=VECTOR('',#9918,10.);
#3021=VECTOR('',#9919,10.);
#3022=VECTOR('',#9920,10.);
#3023=VECTOR('',#9923,10.);
#3024=VECTOR('',#9924,10.);
#3025=VECTOR('',#9925,10.);
#3026=VECTOR('',#9928,10.);
#3027=VECTOR('',#9929,10.);
#3028=VECTOR('',#9930,10.);
#3029=VECTOR('',#9933,10.);
#3030=VECTOR('',#9934,10.);
#3031=VECTOR('',#9935,10.);
#3032=VECTOR('',#9938,10.);
#3033=VECTOR('',#9939,10.);
#3034=VECTOR('',#9940,10.);
#3035=VECTOR('',#9943,10.);
#3036=VECTOR('',#9944,10.);
#3037=VECTOR('',#9945,10.);
#3038=VECTOR('',#9948,10.);
#3039=VECTOR('',#9949,10.);
#3040=VECTOR('',#9950,10.);
#3041=VECTOR('',#9953,10.);
#3042=VECTOR('',#9954,10.);
#3043=VECTOR('',#9957,10.);
#3044=VECTOR('',#9958,10.);
#3045=VECTOR('',#9959,10.);
#3046=VECTOR('',#9962,10.);
#3047=VECTOR('',#9963,10.);
#3048=VECTOR('',#9964,10.);
#3049=VECTOR('',#9967,10.);
#3050=VECTOR('',#9968,10.);
#3051=VECTOR('',#9969,10.);
#3052=VECTOR('',#9972,10.);
#3053=VECTOR('',#9973,10.);
#3054=VECTOR('',#9974,10.);
#3055=VECTOR('',#9977,10.);
#3056=VECTOR('',#9978,10.);
#3057=VECTOR('',#9979,10.);
#3058=VECTOR('',#9982,10.);
#3059=VECTOR('',#9983,10.);
#3060=VECTOR('',#9986,10.);
#3061=VECTOR('',#9989,10.);
#3062=VECTOR('',#9990,10.);
#3063=VECTOR('',#9993,10.);
#3064=VECTOR('',#9996,10.);
#3065=VECTOR('',#9997,10.);
#3066=VECTOR('',#10000,10.);
#3067=VECTOR('',#10001,10.);
#3068=VECTOR('',#10004,10.);
#3069=VECTOR('',#10005,10.);
#3070=VECTOR('',#10008,10.);
#3071=VECTOR('',#10011,10.);
#3072=VECTOR('',#10012,10.);
#3073=VECTOR('',#10015,10.);
#3074=VECTOR('',#10018,10.);
#3075=VECTOR('',#10019,10.);
#3076=VECTOR('',#10022,10.);
#3077=VECTOR('',#10023,10.);
#3078=VECTOR('',#10026,10.);
#3079=VECTOR('',#10029,10.);
#3080=VECTOR('',#10030,10.);
#3081=VECTOR('',#10033,10.);
#3082=VECTOR('',#10034,10.);
#3083=VECTOR('',#10037,10.);
#3084=VECTOR('',#10038,10.);
#3085=VECTOR('',#10041,10.);
#3086=VECTOR('',#10044,10.);
#3087=VECTOR('',#10045,10.);
#3088=VECTOR('',#10048,10.);
#3089=VECTOR('',#10051,10.);
#3090=VECTOR('',#10052,10.);
#3091=VECTOR('',#10055,10.);
#3092=VECTOR('',#10056,10.);
#3093=VECTOR('',#10059,10.);
#3094=VECTOR('',#10062,10.);
#3095=VECTOR('',#10063,10.);
#3096=VECTOR('',#10066,10.);
#3097=VECTOR('',#10067,10.);
#3098=VECTOR('',#10070,10.);
#3099=VECTOR('',#10071,10.);
#3100=VECTOR('',#10074,10.);
#3101=VECTOR('',#10077,10.);
#3102=VECTOR('',#10078,10.);
#3103=VECTOR('',#10081,10.);
#3104=VECTOR('',#10084,10.);
#3105=VECTOR('',#10085,10.);
#3106=VECTOR('',#10088,10.);
#3107=VECTOR('',#10089,10.);
#3108=VECTOR('',#10092,10.);
#3109=VECTOR('',#10093,10.);
#3110=VECTOR('',#10096,10.);
#3111=VECTOR('',#10099,10.);
#3112=VECTOR('',#10100,10.);
#3113=VECTOR('',#10103,10.);
#3114=VECTOR('',#10106,10.);
#3115=VECTOR('',#10107,10.);
#3116=VECTOR('',#10110,10.);
#3117=VECTOR('',#10111,10.);
#3118=VECTOR('',#10114,10.);
#3119=VECTOR('',#10117,10.);
#3120=VECTOR('',#10118,10.);
#3121=VECTOR('',#10121,10.);
#3122=VECTOR('',#10122,10.);
#3123=VECTOR('',#10125,10.);
#3124=VECTOR('',#10128,10.);
#3125=VECTOR('',#10129,10.);
#3126=VECTOR('',#10132,10.);
#3127=VECTOR('',#10133,10.);
#3128=VECTOR('',#10136,10.);
#3129=VECTOR('',#10139,10.);
#3130=VECTOR('',#10140,10.);
#3131=VECTOR('',#10143,10.);
#3132=VECTOR('',#10144,10.);
#3133=VECTOR('',#10147,10.);
#3134=VECTOR('',#10150,10.);
#3135=VECTOR('',#10151,10.);
#3136=VECTOR('',#10154,10.);
#3137=VECTOR('',#10155,10.);
#3138=VECTOR('',#10158,10.);
#3139=VECTOR('',#10161,10.);
#3140=VECTOR('',#10162,10.);
#3141=VECTOR('',#10165,10.);
#3142=VECTOR('',#10166,10.);
#3143=VECTOR('',#10169,10.);
#3144=VECTOR('',#10172,10.);
#3145=VECTOR('',#10173,10.);
#3146=VECTOR('',#10176,10.);
#3147=VECTOR('',#10177,10.);
#3148=VECTOR('',#10180,10.);
#3149=VECTOR('',#10183,10.);
#3150=VECTOR('',#10184,10.);
#3151=VECTOR('',#10187,10.);
#3152=VECTOR('',#10188,10.);
#3153=VECTOR('',#10191,10.);
#3154=VECTOR('',#10194,10.);
#3155=VECTOR('',#10195,10.);
#3156=VECTOR('',#10198,10.);
#3157=VECTOR('',#10199,10.);
#3158=VECTOR('',#10202,10.);
#3159=VECTOR('',#10205,10.);
#3160=VECTOR('',#10206,10.);
#3161=VECTOR('',#10209,10.);
#3162=VECTOR('',#10210,10.);
#3163=VECTOR('',#10213,10.);
#3164=VECTOR('',#10216,10.);
#3165=VECTOR('',#10217,10.);
#3166=VECTOR('',#10220,10.);
#3167=VECTOR('',#10221,10.);
#3168=VECTOR('',#10224,10.);
#3169=VECTOR('',#10227,10.);
#3170=VECTOR('',#10228,10.);
#3171=VECTOR('',#10231,10.);
#3172=VECTOR('',#10232,10.);
#3173=VECTOR('',#10235,10.);
#3174=VECTOR('',#10238,10.);
#3175=VECTOR('',#10239,10.);
#3176=VECTOR('',#10242,10.);
#3177=VECTOR('',#10243,10.);
#3178=VECTOR('',#10246,10.);
#3179=VECTOR('',#10249,10.);
#3180=VECTOR('',#10250,10.);
#3181=VECTOR('',#10251,10.);
#3182=VECTOR('',#10252,10.);
#3183=VECTOR('',#10253,10.);
#3184=VECTOR('',#10254,10.);
#3185=VECTOR('',#10255,10.);
#3186=VECTOR('',#10256,10.);
#3187=VECTOR('',#10257,10.);
#3188=VECTOR('',#10258,10.);
#3189=VECTOR('',#10259,10.);
#3190=VECTOR('',#10260,10.);
#3191=VECTOR('',#10261,10.);
#3192=VECTOR('',#10262,10.);
#3193=VECTOR('',#10263,10.);
#3194=VECTOR('',#10264,10.);
#3195=VECTOR('',#10265,10.);
#3196=VECTOR('',#10266,10.);
#3197=VECTOR('',#10267,10.);
#3198=VECTOR('',#10268,10.);
#3199=VECTOR('',#10269,10.);
#3200=VECTOR('',#10270,10.);
#3201=VECTOR('',#10271,10.);
#3202=VECTOR('',#10272,10.);
#3203=VECTOR('',#10273,10.);
#3204=VECTOR('',#10274,10.);
#3205=VECTOR('',#10275,10.);
#3206=VECTOR('',#10276,10.);
#3207=VECTOR('',#10277,10.);
#3208=VECTOR('',#10278,10.);
#3209=VECTOR('',#10279,10.);
#3210=VECTOR('',#10280,10.);
#3211=VECTOR('',#10281,10.);
#3212=VECTOR('',#10282,10.);
#3213=VECTOR('',#10283,10.);
#3214=VECTOR('',#10284,10.);
#3215=VECTOR('',#10285,10.);
#3216=VECTOR('',#10286,10.);
#3217=VECTOR('',#10287,10.);
#3218=VECTOR('',#10288,10.);
#3219=VECTOR('',#10289,10.);
#3220=VECTOR('',#10290,10.);
#3221=VECTOR('',#10291,10.);
#3222=VECTOR('',#10292,10.);
#3223=VECTOR('',#10293,10.);
#3224=VECTOR('',#10294,10.);
#3225=VECTOR('',#10295,10.);
#3226=VECTOR('',#10296,10.);
#3227=VECTOR('',#10297,10.);
#3228=VECTOR('',#10298,10.);
#3229=VECTOR('',#10299,10.);
#3230=VECTOR('',#10300,10.);
#3231=VECTOR('',#10301,10.);
#3232=VECTOR('',#10302,10.);
#3233=VECTOR('',#10303,10.);
#3234=VECTOR('',#10304,10.);
#3235=VECTOR('',#10305,10.);
#3236=VECTOR('',#10306,10.);
#3237=VECTOR('',#10307,10.);
#3238=VECTOR('',#10308,10.);
#3239=VECTOR('',#10309,10.);
#3240=VECTOR('',#10310,10.);
#3241=VECTOR('',#10311,10.);
#3242=VECTOR('',#10312,10.);
#3243=VECTOR('',#10313,10.);
#3244=VECTOR('',#10316,10.);
#3245=VECTOR('',#10319,10.);
#3246=VECTOR('',#10324,10.);
#3247=VECTOR('',#10327,10.);
#3248=VECTOR('',#10332,10.);
#3249=VECTOR('',#10335,10.);
#3250=VECTOR('',#10340,10.);
#3251=VECTOR('',#10343,10.);
#3252=VECTOR('',#10348,10.);
#3253=VECTOR('',#10351,10.);
#3254=VECTOR('',#10356,10.);
#3255=VECTOR('',#10359,10.);
#3256=VECTOR('',#10364,10.);
#3257=VECTOR('',#10367,10.);
#3258=VECTOR('',#10372,10.);
#3259=VECTOR('',#10375,10.);
#3260=VECTOR('',#10380,10.);
#3261=VECTOR('',#10383,10.);
#3262=VECTOR('',#10388,10.);
#3263=VECTOR('',#10399,10.);
#3264=VECTOR('',#10402,10.);
#3265=VECTOR('',#10407,10.);
#3266=VECTOR('',#10410,10.);
#3267=VECTOR('',#10415,10.);
#3268=VECTOR('',#10418,10.);
#3269=VECTOR('',#10423,10.);
#3270=VECTOR('',#10426,10.);
#3271=VECTOR('',#10429,10.);
#3272=VECTOR('',#10434,10.);
#3273=VECTOR('',#10439,10.);
#3274=VECTOR('',#10442,10.);
#3275=VECTOR('',#10445,10.);
#3276=VECTOR('',#10450,10.);
#3277=VECTOR('',#10455,10.);
#3278=VECTOR('',#10458,10.);
#3279=VECTOR('',#10461,10.);
#3280=VECTOR('',#10466,10.);
#3281=VECTOR('',#10471,10.);
#3282=VECTOR('',#10474,10.);
#3283=VECTOR('',#10477,10.);
#3284=VECTOR('',#10482,10.);
#3285=CIRCLE('',#7981,2.35000000000001);
#3286=CIRCLE('',#7982,2.35000000000001);
#3287=CIRCLE('',#7985,2.34999999999999);
#3288=CIRCLE('',#7986,2.34999999999999);
#3289=CIRCLE('',#7989,2.35);
#3290=CIRCLE('',#7990,2.35);
#3291=CIRCLE('',#7993,2.35);
#3292=CIRCLE('',#7994,2.35);
#3293=CIRCLE('',#8004,4.75517545818854);
#3294=CIRCLE('',#8005,4.75517545818837);
#3295=CIRCLE('',#8028,4.75517545818854);
#3296=CIRCLE('',#8033,4.75517545818854);
#3297=CIRCLE('',#8035,4.75517545818837);
#3298=CIRCLE('',#8037,4.75517545818837);
#3299=CIRCLE('',#8042,4.75517545818854);
#3300=CIRCLE('',#8043,4.75517545818854);
#3301=CIRCLE('',#8044,4.75517545818854);
#3302=CIRCLE('',#8047,4.75517545818837);
#3303=CIRCLE('',#8048,4.75517545818837);
#3304=CIRCLE('',#8049,4.75517545818837);
#3305=CIRCLE('',#8054,2.3);
#3306=CIRCLE('',#8055,2.3);
#3307=CIRCLE('',#8058,2.3);
#3308=CIRCLE('',#8059,2.3);
#3309=CIRCLE('',#8062,2.3);
#3310=CIRCLE('',#8063,2.3);
#3311=CIRCLE('',#8066,2.3);
#3312=CIRCLE('',#8067,2.3);
#3313=CIRCLE('',#8077,19.5);
#3314=CIRCLE('',#8079,19.5);
#3315=CIRCLE('',#8080,19.5);
#3316=CIRCLE('',#8102,19.5);
#3317=CIRCLE('',#8104,19.5);
#3318=CIRCLE('',#8105,19.5);
#3319=CIRCLE('',#8109,19.5);
#3320=CIRCLE('',#8110,19.5);
#3321=CIRCLE('',#8112,19.5);
#3322=CIRCLE('',#8113,19.5);
#3323=CIRCLE('',#8119,19.5);
#3324=CIRCLE('',#8120,19.5);
#3325=CIRCLE('',#8133,19.5);
#3326=CIRCLE('',#8134,19.5);
#3327=CIRCLE('',#8136,19.5);
#3328=CIRCLE('',#8137,19.5);
#3329=CIRCLE('',#8141,19.5);
#3330=CIRCLE('',#8142,19.5);
#3331=CIRCLE('',#8144,19.5);
#3332=CIRCLE('',#8145,19.5);
#3333=CIRCLE('',#8166,19.5);
#3334=CIRCLE('',#8167,19.5);
#3335=CIRCLE('',#8169,19.5);
#3336=CIRCLE('',#8170,19.5);
#3337=CIRCLE('',#8174,19.5);
#3338=CIRCLE('',#8175,19.5);
#3339=CIRCLE('',#8176,19.5);
#3340=CIRCLE('',#8177,19.5);
#3341=CIRCLE('',#8178,19.5);
#3342=CIRCLE('',#8179,19.5);
#3343=CIRCLE('',#8180,19.5);
#3344=CIRCLE('',#8181,19.5);
#3345=CIRCLE('',#8182,19.5);
#3346=CIRCLE('',#8183,19.5);
#3347=CIRCLE('',#8184,19.5);
#3348=CIRCLE('',#8185,19.5);
#3349=CIRCLE('',#8186,19.5);
#3350=CIRCLE('',#8187,19.5);
#3351=CIRCLE('',#8188,19.5);
#3352=CIRCLE('',#8189,19.5);
#3353=CIRCLE('',#8190,19.5);
#3354=CIRCLE('',#8191,19.5);
#3355=CIRCLE('',#8192,19.5);
#3356=CIRCLE('',#8193,19.5);
#3357=CIRCLE('',#8194,19.5);
#3358=CIRCLE('',#8221,19.5);
#3359=CIRCLE('',#8222,19.5);
#3360=CIRCLE('',#8223,19.5);
#3361=CIRCLE('',#8224,19.5);
#3362=CIRCLE('',#8225,19.5);
#3363=CIRCLE('',#8226,19.5);
#3364=CIRCLE('',#8227,19.5);
#3365=CIRCLE('',#8228,19.5);
#3366=CIRCLE('',#8229,19.5);
#3367=CIRCLE('',#8230,19.5);
#3368=CIRCLE('',#8231,19.5);
#3369=CIRCLE('',#8232,19.5);
#3370=CIRCLE('',#8233,19.5);
#3371=CIRCLE('',#8234,19.5);
#3372=CIRCLE('',#8235,19.5);
#3373=CIRCLE('',#8236,19.5);
#3374=CIRCLE('',#8237,19.5);
#3375=CIRCLE('',#8238,19.5);
#3376=CIRCLE('',#8239,19.5);
#3377=CIRCLE('',#8240,19.5);
#3378=CIRCLE('',#8241,19.5);
#3379=CIRCLE('',#8242,19.5);
#3380=CIRCLE('',#8243,19.5);
#3381=VERTEX_POINT('',#10487);
#3382=VERTEX_POINT('',#10489);
#3383=VERTEX_POINT('',#10494);
#3384=VERTEX_POINT('',#10496);
#3385=VERTEX_POINT('',#10501);
#3386=VERTEX_POINT('',#10503);
#3387=VERTEX_POINT('',#10508);
#3388=VERTEX_POINT('',#10510);
#3389=VERTEX_POINT('',#10515);
#3390=VERTEX_POINT('',#10516);
#3391=VERTEX_POINT('',#10518);
#3392=VERTEX_POINT('',#10520);
#3393=VERTEX_POINT('',#10524);
#3394=VERTEX_POINT('',#10526);
#3395=VERTEX_POINT('',#10530);
#3396=VERTEX_POINT('',#10534);
#3397=VERTEX_POINT('',#10536);
#3398=VERTEX_POINT('',#10538);
#3399=VERTEX_POINT('',#10540);
#3400=VERTEX_POINT('',#10542);
#3401=VERTEX_POINT('',#10546);
#3402=VERTEX_POINT('',#10547);
#3403=VERTEX_POINT('',#10549);
#3404=VERTEX_POINT('',#10551);
#3405=VERTEX_POINT('',#10560);
#3406=VERTEX_POINT('',#10562);
#3407=VERTEX_POINT('',#10564);
#3408=VERTEX_POINT('',#10566);
#3409=VERTEX_POINT('',#10569);
#3410=VERTEX_POINT('',#10570);
#3411=VERTEX_POINT('',#10572);
#3412=VERTEX_POINT('',#10574);
#3413=VERTEX_POINT('',#10578);
#3414=VERTEX_POINT('',#10580);
#3415=VERTEX_POINT('',#10582);
#3416=VERTEX_POINT('',#10584);
#3417=VERTEX_POINT('',#10586);
#3418=VERTEX_POINT('',#10588);
#3419=VERTEX_POINT('',#10590);
#3420=VERTEX_POINT('',#10594);
#3421=VERTEX_POINT('',#10596);
#3422=VERTEX_POINT('',#10600);
#3423=VERTEX_POINT('',#10604);
#3424=VERTEX_POINT('',#10608);
#3425=VERTEX_POINT('',#10611);
#3426=VERTEX_POINT('',#10615);
#3427=VERTEX_POINT('',#10622);
#3428=VERTEX_POINT('',#10624);
#3429=VERTEX_POINT('',#10628);
#3430=VERTEX_POINT('',#10629);
#3431=VERTEX_POINT('',#10631);
#3432=VERTEX_POINT('',#10633);
#3433=VERTEX_POINT('',#10635);
#3434=VERTEX_POINT('',#10637);
#3435=VERTEX_POINT('',#10641);
#3436=VERTEX_POINT('',#10650);
#3437=VERTEX_POINT('',#10654);
#3438=VERTEX_POINT('',#10655);
#3439=VERTEX_POINT('',#10657);
#3440=VERTEX_POINT('',#10659);
#3441=VERTEX_POINT('',#10663);
#3442=VERTEX_POINT('',#10664);
#3443=VERTEX_POINT('',#10666);
#3444=VERTEX_POINT('',#10668);
#3445=VERTEX_POINT('',#10672);
#3446=VERTEX_POINT('',#10674);
#3447=VERTEX_POINT('',#10678);
#3448=VERTEX_POINT('',#10679);
#3449=VERTEX_POINT('',#10681);
#3450=VERTEX_POINT('',#10683);
#3451=VERTEX_POINT('',#10687);
#3452=VERTEX_POINT('',#10688);
#3453=VERTEX_POINT('',#10690);
#3454=VERTEX_POINT('',#10692);
#3455=VERTEX_POINT('',#10696);
#3456=VERTEX_POINT('',#10697);
#3457=VERTEX_POINT('',#10699);
#3458=VERTEX_POINT('',#10701);
#3459=VERTEX_POINT('',#10705);
#3460=VERTEX_POINT('',#10706);
#3461=VERTEX_POINT('',#10708);
#3462=VERTEX_POINT('',#10710);
#3463=VERTEX_POINT('',#10714);
#3464=VERTEX_POINT('',#10716);
#3465=VERTEX_POINT('',#10720);
#3466=VERTEX_POINT('',#10722);
#3467=VERTEX_POINT('',#10726);
#3468=VERTEX_POINT('',#10727);
#3469=VERTEX_POINT('',#10729);
#3470=VERTEX_POINT('',#10731);
#3471=VERTEX_POINT('',#10735);
#3472=VERTEX_POINT('',#10736);
#3473=VERTEX_POINT('',#10738);
#3474=VERTEX_POINT('',#10740);
#3475=VERTEX_POINT('',#10744);
#3476=VERTEX_POINT('',#10746);
#3477=VERTEX_POINT('',#10750);
#3478=VERTEX_POINT('',#10752);
#3479=VERTEX_POINT('',#10754);
#3480=VERTEX_POINT('',#10758);
#3481=VERTEX_POINT('',#10760);
#3482=VERTEX_POINT('',#10762);
#3483=VERTEX_POINT('',#10766);
#3484=VERTEX_POINT('',#10768);
#3485=VERTEX_POINT('',#10772);
#3486=VERTEX_POINT('',#10774);
#3487=VERTEX_POINT('',#10778);
#3488=VERTEX_POINT('',#10780);
#3489=VERTEX_POINT('',#10784);
#3490=VERTEX_POINT('',#10785);
#3491=VERTEX_POINT('',#10788);
#3492=VERTEX_POINT('',#10796);
#3493=VERTEX_POINT('',#10801);
#3494=VERTEX_POINT('',#10810);
#3495=VERTEX_POINT('',#10811);
#3496=VERTEX_POINT('',#10813);
#3497=VERTEX_POINT('',#10815);
#3498=VERTEX_POINT('',#10819);
#3499=VERTEX_POINT('',#10820);
#3500=VERTEX_POINT('',#10822);
#3501=VERTEX_POINT('',#10824);
#3502=VERTEX_POINT('',#10828);
#3503=VERTEX_POINT('',#10830);
#3504=VERTEX_POINT('',#10835);
#3505=VERTEX_POINT('',#10837);
#3506=VERTEX_POINT('',#10842);
#3507=VERTEX_POINT('',#10844);
#3508=VERTEX_POINT('',#10849);
#3509=VERTEX_POINT('',#10851);
#3510=VERTEX_POINT('',#10856);
#3511=VERTEX_POINT('',#10857);
#3512=VERTEX_POINT('',#10859);
#3513=VERTEX_POINT('',#10861);
#3514=VERTEX_POINT('',#10865);
#3515=VERTEX_POINT('',#10867);
#3516=VERTEX_POINT('',#10870);
#3517=VERTEX_POINT('',#10871);
#3518=VERTEX_POINT('',#10873);
#3519=VERTEX_POINT('',#10875);
#3520=VERTEX_POINT('',#10879);
#3521=VERTEX_POINT('',#10881);
#3522=VERTEX_POINT('',#10885);
#3523=VERTEX_POINT('',#10887);
#3524=VERTEX_POINT('',#10892);
#3525=VERTEX_POINT('',#10898);
#3526=VERTEX_POINT('',#10899);
#3527=VERTEX_POINT('',#10901);
#3528=VERTEX_POINT('',#10903);
#3529=VERTEX_POINT('',#10905);
#3530=VERTEX_POINT('',#10907);
#3531=VERTEX_POINT('',#10909);
#3532=VERTEX_POINT('',#10911);
#3533=VERTEX_POINT('',#10913);
#3534=VERTEX_POINT('',#10915);
#3535=VERTEX_POINT('',#10917);
#3536=VERTEX_POINT('',#10919);
#3537=VERTEX_POINT('',#10921);
#3538=VERTEX_POINT('',#10923);
#3539=VERTEX_POINT('',#10925);
#3540=VERTEX_POINT('',#10927);
#3541=VERTEX_POINT('',#10929);
#3542=VERTEX_POINT('',#10931);
#3543=VERTEX_POINT('',#10933);
#3544=VERTEX_POINT('',#10935);
#3545=VERTEX_POINT('',#10937);
#3546=VERTEX_POINT('',#10939);
#3547=VERTEX_POINT('',#10941);
#3548=VERTEX_POINT('',#10943);
#3549=VERTEX_POINT('',#10945);
#3550=VERTEX_POINT('',#10947);
#3551=VERTEX_POINT('',#10949);
#3552=VERTEX_POINT('',#10951);
#3553=VERTEX_POINT('',#10953);
#3554=VERTEX_POINT('',#10955);
#3555=VERTEX_POINT('',#10957);
#3556=VERTEX_POINT('',#10959);
#3557=VERTEX_POINT('',#10961);
#3558=VERTEX_POINT('',#10963);
#3559=VERTEX_POINT('',#10965);
#3560=VERTEX_POINT('',#10967);
#3561=VERTEX_POINT('',#10969);
#3562=VERTEX_POINT('',#10971);
#3563=VERTEX_POINT('',#10973);
#3564=VERTEX_POINT('',#10975);
#3565=VERTEX_POINT('',#10977);
#3566=VERTEX_POINT('',#10979);
#3567=VERTEX_POINT('',#10981);
#3568=VERTEX_POINT('',#10983);
#3569=VERTEX_POINT('',#10985);
#3570=VERTEX_POINT('',#10987);
#3571=VERTEX_POINT('',#10989);
#3572=VERTEX_POINT('',#10991);
#3573=VERTEX_POINT('',#10993);
#3574=VERTEX_POINT('',#10995);
#3575=VERTEX_POINT('',#10997);
#3576=VERTEX_POINT('',#10999);
#3577=VERTEX_POINT('',#11001);
#3578=VERTEX_POINT('',#11003);
#3579=VERTEX_POINT('',#11005);
#3580=VERTEX_POINT('',#11007);
#3581=VERTEX_POINT('',#11009);
#3582=VERTEX_POINT('',#11011);
#3583=VERTEX_POINT('',#11013);
#3584=VERTEX_POINT('',#11015);
#3585=VERTEX_POINT('',#11017);
#3586=VERTEX_POINT('',#11019);
#3587=VERTEX_POINT('',#11021);
#3588=VERTEX_POINT('',#11023);
#3589=VERTEX_POINT('',#11025);
#3590=VERTEX_POINT('',#11027);
#3591=VERTEX_POINT('',#11029);
#3592=VERTEX_POINT('',#11031);
#3593=VERTEX_POINT('',#11033);
#3594=VERTEX_POINT('',#11035);
#3595=VERTEX_POINT('',#11037);
#3596=VERTEX_POINT('',#11043);
#3597=VERTEX_POINT('',#11045);
#3598=VERTEX_POINT('',#11047);
#3599=VERTEX_POINT('',#11049);
#3600=VERTEX_POINT('',#11051);
#3601=VERTEX_POINT('',#11053);
#3602=VERTEX_POINT('',#11055);
#3603=VERTEX_POINT('',#11057);
#3604=VERTEX_POINT('',#11059);
#3605=VERTEX_POINT('',#11061);
#3606=VERTEX_POINT('',#11063);
#3607=VERTEX_POINT('',#11065);
#3608=VERTEX_POINT('',#11067);
#3609=VERTEX_POINT('',#11069);
#3610=VERTEX_POINT('',#11071);
#3611=VERTEX_POINT('',#11073);
#3612=VERTEX_POINT('',#11075);
#3613=VERTEX_POINT('',#11077);
#3614=VERTEX_POINT('',#11079);
#3615=VERTEX_POINT('',#11081);
#3616=VERTEX_POINT('',#11083);
#3617=VERTEX_POINT('',#11085);
#3618=VERTEX_POINT('',#11087);
#3619=VERTEX_POINT('',#11089);
#3620=VERTEX_POINT('',#11091);
#3621=VERTEX_POINT('',#11093);
#3622=VERTEX_POINT('',#11095);
#3623=VERTEX_POINT('',#11097);
#3624=VERTEX_POINT('',#11099);
#3625=VERTEX_POINT('',#11101);
#3626=VERTEX_POINT('',#11103);
#3627=VERTEX_POINT('',#11105);
#3628=VERTEX_POINT('',#11107);
#3629=VERTEX_POINT('',#11109);
#3630=VERTEX_POINT('',#11111);
#3631=VERTEX_POINT('',#11113);
#3632=VERTEX_POINT('',#11115);
#3633=VERTEX_POINT('',#11117);
#3634=VERTEX_POINT('',#11119);
#3635=VERTEX_POINT('',#11121);
#3636=VERTEX_POINT('',#11123);
#3637=VERTEX_POINT('',#11125);
#3638=VERTEX_POINT('',#11127);
#3639=VERTEX_POINT('',#11129);
#3640=VERTEX_POINT('',#11131);
#3641=VERTEX_POINT('',#11133);
#3642=VERTEX_POINT('',#11135);
#3643=VERTEX_POINT('',#11137);
#3644=VERTEX_POINT('',#11139);
#3645=VERTEX_POINT('',#11141);
#3646=VERTEX_POINT('',#11143);
#3647=VERTEX_POINT('',#11145);
#3648=VERTEX_POINT('',#11147);
#3649=VERTEX_POINT('',#11149);
#3650=VERTEX_POINT('',#11151);
#3651=VERTEX_POINT('',#11153);
#3652=VERTEX_POINT('',#11155);
#3653=VERTEX_POINT('',#11157);
#3654=VERTEX_POINT('',#11159);
#3655=VERTEX_POINT('',#11161);
#3656=VERTEX_POINT('',#11163);
#3657=VERTEX_POINT('',#11165);
#3658=VERTEX_POINT('',#11167);
#3659=VERTEX_POINT('',#11169);
#3660=VERTEX_POINT('',#11171);
#3661=VERTEX_POINT('',#11173);
#3662=VERTEX_POINT('',#11175);
#3663=VERTEX_POINT('',#11177);
#3664=VERTEX_POINT('',#11179);
#3665=VERTEX_POINT('',#11181);
#3666=VERTEX_POINT('',#11183);
#3667=VERTEX_POINT('',#11185);
#3668=VERTEX_POINT('',#11187);
#3669=VERTEX_POINT('',#11189);
#3670=VERTEX_POINT('',#11191);
#3671=VERTEX_POINT('',#11193);
#3672=VERTEX_POINT('',#11195);
#3673=VERTEX_POINT('',#11197);
#3674=VERTEX_POINT('',#11199);
#3675=VERTEX_POINT('',#11201);
#3676=VERTEX_POINT('',#11203);
#3677=VERTEX_POINT('',#11205);
#3678=VERTEX_POINT('',#11207);
#3679=VERTEX_POINT('',#11209);
#3680=VERTEX_POINT('',#11211);
#3681=VERTEX_POINT('',#11213);
#3682=VERTEX_POINT('',#11215);
#3683=VERTEX_POINT('',#11217);
#3684=VERTEX_POINT('',#11219);
#3685=VERTEX_POINT('',#11221);
#3686=VERTEX_POINT('',#11223);
#3687=VERTEX_POINT('',#11225);
#3688=VERTEX_POINT('',#11227);
#3689=VERTEX_POINT('',#11229);
#3690=VERTEX_POINT('',#11231);
#3691=VERTEX_POINT('',#11233);
#3692=VERTEX_POINT('',#11235);
#3693=VERTEX_POINT('',#11237);
#3694=VERTEX_POINT('',#11239);
#3695=VERTEX_POINT('',#11241);
#3696=VERTEX_POINT('',#11243);
#3697=VERTEX_POINT('',#11245);
#3698=VERTEX_POINT('',#11247);
#3699=VERTEX_POINT('',#11249);
#3700=VERTEX_POINT('',#11251);
#3701=VERTEX_POINT('',#11253);
#3702=VERTEX_POINT('',#11255);
#3703=VERTEX_POINT('',#11257);
#3704=VERTEX_POINT('',#11259);
#3705=VERTEX_POINT('',#11261);
#3706=VERTEX_POINT('',#11263);
#3707=VERTEX_POINT('',#11267);
#3708=VERTEX_POINT('',#11268);
#3709=VERTEX_POINT('',#11272);
#3710=VERTEX_POINT('',#11273);
#3711=VERTEX_POINT('',#11275);
#3712=VERTEX_POINT('',#11277);
#3713=VERTEX_POINT('',#11284);
#3714=VERTEX_POINT('',#11285);
#3715=VERTEX_POINT('',#11290);
#3716=VERTEX_POINT('',#11291);
#3717=VERTEX_POINT('',#11293);
#3718=VERTEX_POINT('',#11295);
#3719=VERTEX_POINT('',#11297);
#3720=VERTEX_POINT('',#11299);
#3721=VERTEX_POINT('',#11301);
#3722=VERTEX_POINT('',#11303);
#3723=VERTEX_POINT('',#11305);
#3724=VERTEX_POINT('',#11307);
#3725=VERTEX_POINT('',#11309);
#3726=VERTEX_POINT('',#11311);
#3727=VERTEX_POINT('',#11313);
#3728=VERTEX_POINT('',#11315);
#3729=VERTEX_POINT('',#11317);
#3730=VERTEX_POINT('',#11319);
#3731=VERTEX_POINT('',#11321);
#3732=VERTEX_POINT('',#11323);
#3733=VERTEX_POINT('',#11325);
#3734=VERTEX_POINT('',#11327);
#3735=VERTEX_POINT('',#11329);
#3736=VERTEX_POINT('',#11331);
#3737=VERTEX_POINT('',#11333);
#3738=VERTEX_POINT('',#11335);
#3739=VERTEX_POINT('',#11337);
#3740=VERTEX_POINT('',#11339);
#3741=VERTEX_POINT('',#11341);
#3742=VERTEX_POINT('',#11343);
#3743=VERTEX_POINT('',#11345);
#3744=VERTEX_POINT('',#11347);
#3745=VERTEX_POINT('',#11349);
#3746=VERTEX_POINT('',#11351);
#3747=VERTEX_POINT('',#11353);
#3748=VERTEX_POINT('',#11355);
#3749=VERTEX_POINT('',#11357);
#3750=VERTEX_POINT('',#11359);
#3751=VERTEX_POINT('',#11361);
#3752=VERTEX_POINT('',#11363);
#3753=VERTEX_POINT('',#11365);
#3754=VERTEX_POINT('',#11367);
#3755=VERTEX_POINT('',#11369);
#3756=VERTEX_POINT('',#11371);
#3757=VERTEX_POINT('',#11373);
#3758=VERTEX_POINT('',#11375);
#3759=VERTEX_POINT('',#11377);
#3760=VERTEX_POINT('',#11379);
#3761=VERTEX_POINT('',#11381);
#3762=VERTEX_POINT('',#11383);
#3763=VERTEX_POINT('',#11385);
#3764=VERTEX_POINT('',#11388);
#3765=VERTEX_POINT('',#11390);
#3766=VERTEX_POINT('',#11392);
#3767=VERTEX_POINT('',#11396);
#3768=VERTEX_POINT('',#11397);
#3769=VERTEX_POINT('',#11402);
#3770=VERTEX_POINT('',#11406);
#3771=VERTEX_POINT('',#11408);
#3772=VERTEX_POINT('',#11412);
#3773=VERTEX_POINT('',#11413);
#3774=VERTEX_POINT('',#11420);
#3775=VERTEX_POINT('',#11424);
#3776=VERTEX_POINT('',#11426);
#3777=VERTEX_POINT('',#11430);
#3778=VERTEX_POINT('',#11431);
#3779=VERTEX_POINT('',#11438);
#3780=VERTEX_POINT('',#11442);
#3781=VERTEX_POINT('',#11444);
#3782=VERTEX_POINT('',#11448);
#3783=VERTEX_POINT('',#11449);
#3784=VERTEX_POINT('',#11456);
#3785=VERTEX_POINT('',#11460);
#3786=VERTEX_POINT('',#11461);
#3787=VERTEX_POINT('',#11466);
#3788=VERTEX_POINT('',#11467);
#3789=VERTEX_POINT('',#11469);
#3790=VERTEX_POINT('',#11471);
#3791=VERTEX_POINT('',#11478);
#3792=VERTEX_POINT('',#11479);
#3793=VERTEX_POINT('',#11483);
#3794=VERTEX_POINT('',#11484);
#3795=VERTEX_POINT('',#11486);
#3796=VERTEX_POINT('',#11488);
#3797=VERTEX_POINT('',#11495);
#3798=VERTEX_POINT('',#11496);
#3799=VERTEX_POINT('',#11501);
#3800=VERTEX_POINT('',#11502);
#3801=VERTEX_POINT('',#11507);
#3802=VERTEX_POINT('',#11508);
#3803=VERTEX_POINT('',#11510);
#3804=VERTEX_POINT('',#11512);
#3805=VERTEX_POINT('',#11519);
#3806=VERTEX_POINT('',#11520);
#3807=VERTEX_POINT('',#11525);
#3808=VERTEX_POINT('',#11526);
#3809=VERTEX_POINT('',#11528);
#3810=VERTEX_POINT('',#11530);
#3811=VERTEX_POINT('',#11537);
#3812=VERTEX_POINT('',#11540);
#3813=VERTEX_POINT('',#11542);
#3814=VERTEX_POINT('',#11546);
#3815=VERTEX_POINT('',#11547);
#3816=VERTEX_POINT('',#11552);
#3817=VERTEX_POINT('',#11558);
#3818=VERTEX_POINT('',#11560);
#3819=VERTEX_POINT('',#11564);
#3820=VERTEX_POINT('',#11565);
#3821=VERTEX_POINT('',#11574);
#3822=VERTEX_POINT('',#11576);
#3823=VERTEX_POINT('',#11580);
#3824=VERTEX_POINT('',#11581);
#3825=VERTEX_POINT('',#11590);
#3826=VERTEX_POINT('',#11591);
#3827=VERTEX_POINT('',#11596);
#3828=VERTEX_POINT('',#11597);
#3829=VERTEX_POINT('',#11599);
#3830=VERTEX_POINT('',#11601);
#3831=VERTEX_POINT('',#11608);
#3832=VERTEX_POINT('',#11609);
#3833=VERTEX_POINT('',#11614);
#3834=VERTEX_POINT('',#11615);
#3835=VERTEX_POINT('',#11620);
#3836=VERTEX_POINT('',#11621);
#3837=VERTEX_POINT('',#11623);
#3838=VERTEX_POINT('',#11625);
#3839=VERTEX_POINT('',#11632);
#3840=VERTEX_POINT('',#11633);
#3841=VERTEX_POINT('',#11638);
#3842=VERTEX_POINT('',#11642);
#3843=VERTEX_POINT('',#11643);
#3844=VERTEX_POINT('',#11648);
#3845=VERTEX_POINT('',#11652);
#3846=VERTEX_POINT('',#11653);
#3847=VERTEX_POINT('',#11660);
#3848=VERTEX_POINT('',#11664);
#3849=VERTEX_POINT('',#11668);
#3850=VERTEX_POINT('',#11669);
#3851=VERTEX_POINT('',#11676);
#3852=VERTEX_POINT('',#11680);
#3853=VERTEX_POINT('',#11684);
#3854=VERTEX_POINT('',#11685);
#3855=VERTEX_POINT('',#11692);
#3856=VERTEX_POINT('',#11696);
#3857=VERTEX_POINT('',#11697);
#3858=VERTEX_POINT('',#11702);
#3859=VERTEX_POINT('',#11703);
#3860=VERTEX_POINT('',#11705);
#3861=VERTEX_POINT('',#11707);
#3862=VERTEX_POINT('',#11714);
#3863=VERTEX_POINT('',#11715);
#3864=VERTEX_POINT('',#11717);
#3865=VERTEX_POINT('',#11719);
#3866=VERTEX_POINT('',#11723);
#3867=VERTEX_POINT('',#11724);
#3868=VERTEX_POINT('',#11726);
#3869=VERTEX_POINT('',#11728);
#3870=VERTEX_POINT('',#11738);
#3871=VERTEX_POINT('',#11740);
#3872=VERTEX_POINT('',#11742);
#3873=VERTEX_POINT('',#11744);
#3874=VERTEX_POINT('',#11747);
#3875=VERTEX_POINT('',#11749);
#3876=VERTEX_POINT('',#11751);
#3877=VERTEX_POINT('',#11753);
#3878=VERTEX_POINT('',#11755);
#3879=VERTEX_POINT('',#11757);
#3880=VERTEX_POINT('',#11759);
#3881=VERTEX_POINT('',#11761);
#3882=VERTEX_POINT('',#11763);
#3883=VERTEX_POINT('',#11765);
#3884=VERTEX_POINT('',#11767);
#3885=VERTEX_POINT('',#11769);
#3886=VERTEX_POINT('',#11771);
#3887=VERTEX_POINT('',#11773);
#3888=VERTEX_POINT('',#11775);
#3889=VERTEX_POINT('',#11777);
#3890=VERTEX_POINT('',#11779);
#3891=VERTEX_POINT('',#11781);
#3892=VERTEX_POINT('',#11783);
#3893=VERTEX_POINT('',#11785);
#3894=VERTEX_POINT('',#11787);
#3895=VERTEX_POINT('',#11789);
#3896=VERTEX_POINT('',#11791);
#3897=VERTEX_POINT('',#11793);
#3898=VERTEX_POINT('',#11795);
#3899=VERTEX_POINT('',#11797);
#3900=VERTEX_POINT('',#11799);
#3901=VERTEX_POINT('',#11801);
#3902=VERTEX_POINT('',#11803);
#3903=VERTEX_POINT('',#11805);
#3904=VERTEX_POINT('',#11807);
#3905=VERTEX_POINT('',#11809);
#3906=VERTEX_POINT('',#11812);
#3907=VERTEX_POINT('',#11814);
#3908=VERTEX_POINT('',#11825);
#3909=VERTEX_POINT('',#11826);
#3910=VERTEX_POINT('',#11831);
#3911=VERTEX_POINT('',#11832);
#3912=VERTEX_POINT('',#11834);
#3913=VERTEX_POINT('',#11836);
#3914=VERTEX_POINT('',#11843);
#3915=VERTEX_POINT('',#11844);
#3916=VERTEX_POINT('',#11846);
#3917=VERTEX_POINT('',#11848);
#3918=VERTEX_POINT('',#11855);
#3919=VERTEX_POINT('',#11856);
#3920=VERTEX_POINT('',#11861);
#3921=VERTEX_POINT('',#11867);
#3922=VERTEX_POINT('',#11871);
#3923=VERTEX_POINT('',#11872);
#3924=VERTEX_POINT('',#11881);
#3925=VERTEX_POINT('',#11885);
#3926=VERTEX_POINT('',#11886);
#3927=VERTEX_POINT('',#11895);
#3928=VERTEX_POINT('',#11900);
#3929=VERTEX_POINT('',#11902);
#3930=VERTEX_POINT('',#11904);
#3931=VERTEX_POINT('',#11914);
#3932=VERTEX_POINT('',#11916);
#3933=VERTEX_POINT('',#11918);
#3934=VERTEX_POINT('',#11920);
#3935=VERTEX_POINT('',#11922);
#3936=VERTEX_POINT('',#11925);
#3937=VERTEX_POINT('',#11927);
#3938=VERTEX_POINT('',#11929);
#3939=VERTEX_POINT('',#11931);
#3940=VERTEX_POINT('',#11933);
#3941=VERTEX_POINT('',#11935);
#3942=VERTEX_POINT('',#11937);
#3943=VERTEX_POINT('',#11939);
#3944=VERTEX_POINT('',#11941);
#3945=VERTEX_POINT('',#11943);
#3946=VERTEX_POINT('',#11945);
#3947=VERTEX_POINT('',#11947);
#3948=VERTEX_POINT('',#11949);
#3949=VERTEX_POINT('',#11951);
#3950=VERTEX_POINT('',#11953);
#3951=VERTEX_POINT('',#11955);
#3952=VERTEX_POINT('',#11957);
#3953=VERTEX_POINT('',#11959);
#3954=VERTEX_POINT('',#11961);
#3955=VERTEX_POINT('',#11963);
#3956=VERTEX_POINT('',#11965);
#3957=VERTEX_POINT('',#11967);
#3958=VERTEX_POINT('',#11969);
#3959=VERTEX_POINT('',#11971);
#3960=VERTEX_POINT('',#11973);
#3961=VERTEX_POINT('',#11975);
#3962=VERTEX_POINT('',#11977);
#3963=VERTEX_POINT('',#11979);
#3964=VERTEX_POINT('',#11981);
#3965=VERTEX_POINT('',#11983);
#3966=VERTEX_POINT('',#11985);
#3967=VERTEX_POINT('',#11987);
#3968=VERTEX_POINT('',#11990);
#3969=VERTEX_POINT('',#11992);
#3970=VERTEX_POINT('',#11994);
#3971=VERTEX_POINT('',#12029);
#3972=VERTEX_POINT('',#12030);
#3973=VERTEX_POINT('',#12035);
#3974=VERTEX_POINT('',#12036);
#3975=VERTEX_POINT('',#12041);
#3976=VERTEX_POINT('',#12042);
#3977=VERTEX_POINT('',#12055);
#3978=VERTEX_POINT('',#12056);
#3979=VERTEX_POINT('',#12061);
#3980=VERTEX_POINT('',#12065);
#3981=VERTEX_POINT('',#12066);
#3982=VERTEX_POINT('',#12071);
#3983=VERTEX_POINT('',#12075);
#3984=VERTEX_POINT('',#12076);
#3985=VERTEX_POINT('',#12089);
#3986=VERTEX_POINT('',#12090);
#3987=VERTEX_POINT('',#12095);
#3988=VERTEX_POINT('',#12096);
#3989=VERTEX_POINT('',#12101);
#3990=VERTEX_POINT('',#12102);
#3991=VERTEX_POINT('',#12116);
#3992=VERTEX_POINT('',#12128);
#3993=VERTEX_POINT('',#12129);
#3994=VERTEX_POINT('',#12134);
#3995=VERTEX_POINT('',#12135);
#3996=VERTEX_POINT('',#12140);
#3997=VERTEX_POINT('',#12141);
#3998=VERTEX_POINT('',#12146);
#3999=VERTEX_POINT('',#12147);
#4000=VERTEX_POINT('',#12152);
#4001=VERTEX_POINT('',#12153);
#4002=VERTEX_POINT('',#12158);
#4003=VERTEX_POINT('',#12159);
#4004=VERTEX_POINT('',#12173);
#4005=VERTEX_POINT('',#12174);
#4006=VERTEX_POINT('',#12179);
#4007=VERTEX_POINT('',#12180);
#4008=VERTEX_POINT('',#12185);
#4009=VERTEX_POINT('',#12189);
#4010=VERTEX_POINT('',#12195);
#4011=VERTEX_POINT('',#12196);
#4012=VERTEX_POINT('',#12201);
#4013=VERTEX_POINT('',#12202);
#4014=VERTEX_POINT('',#12207);
#4015=VERTEX_POINT('',#12211);
#4016=VERTEX_POINT('',#12212);
#4017=VERTEX_POINT('',#12217);
#4018=VERTEX_POINT('',#12218);
#4019=VERTEX_POINT('',#12223);
#4020=VERTEX_POINT('',#12224);
#4021=VERTEX_POINT('',#12229);
#4022=VERTEX_POINT('',#12230);
#4023=VERTEX_POINT('',#12235);
#4024=VERTEX_POINT('',#12236);
#4025=VERTEX_POINT('',#12241);
#4026=VERTEX_POINT('',#12242);
#4027=VERTEX_POINT('',#12247);
#4028=VERTEX_POINT('',#12248);
#4029=VERTEX_POINT('',#12253);
#4030=VERTEX_POINT('',#12254);
#4031=VERTEX_POINT('',#12259);
#4032=VERTEX_POINT('',#12260);
#4033=VERTEX_POINT('',#12265);
#4034=VERTEX_POINT('',#12266);
#4035=VERTEX_POINT('',#12271);
#4036=VERTEX_POINT('',#12272);
#4037=VERTEX_POINT('',#12277);
#4038=VERTEX_POINT('',#12278);
#4039=VERTEX_POINT('',#12283);
#4040=VERTEX_POINT('',#12284);
#4041=VERTEX_POINT('',#12289);
#4042=VERTEX_POINT('',#12293);
#4043=VERTEX_POINT('',#12294);
#4044=VERTEX_POINT('',#12299);
#4045=VERTEX_POINT('',#12300);
#4046=VERTEX_POINT('',#12305);
#4047=VERTEX_POINT('',#12306);
#4048=VERTEX_POINT('',#12311);
#4049=VERTEX_POINT('',#12312);
#4050=VERTEX_POINT('',#12317);
#4051=VERTEX_POINT('',#12318);
#4052=VERTEX_POINT('',#12323);
#4053=VERTEX_POINT('',#12329);
#4054=VERTEX_POINT('',#12335);
#4055=VERTEX_POINT('',#12339);
#4056=VERTEX_POINT('',#12343);
#4057=VERTEX_POINT('',#12349);
#4058=VERTEX_POINT('',#12355);
#4059=VERTEX_POINT('',#12359);
#4060=VERTEX_POINT('',#12365);
#4061=VERTEX_POINT('',#12369);
#4062=VERTEX_POINT('',#12373);
#4063=VERTEX_POINT('',#12379);
#4064=VERTEX_POINT('',#12385);
#4065=VERTEX_POINT('',#12389);
#4066=VERTEX_POINT('',#12395);
#4067=VERTEX_POINT('',#12399);
#4068=VERTEX_POINT('',#12403);
#4069=VERTEX_POINT('',#12409);
#4070=VERTEX_POINT('',#12415);
#4071=VERTEX_POINT('',#12419);
#4072=VERTEX_POINT('',#12423);
#4073=VERTEX_POINT('',#12429);
#4074=VERTEX_POINT('',#12435);
#4075=VERTEX_POINT('',#12439);
#4076=VERTEX_POINT('',#12445);
#4077=VERTEX_POINT('',#12449);
#4078=VERTEX_POINT('',#12455);
#4079=VERTEX_POINT('',#12459);
#4080=VERTEX_POINT('',#12465);
#4081=VERTEX_POINT('',#12469);
#4082=VERTEX_POINT('',#12475);
#4083=VERTEX_POINT('',#12479);
#4084=VERTEX_POINT('',#12485);
#4085=VERTEX_POINT('',#12489);
#4086=VERTEX_POINT('',#12495);
#4087=VERTEX_POINT('',#12499);
#4088=VERTEX_POINT('',#12505);
#4089=VERTEX_POINT('',#12509);
#4090=VERTEX_POINT('',#12515);
#4091=VERTEX_POINT('',#12519);
#4092=VERTEX_POINT('',#12525);
#4093=VERTEX_POINT('',#12529);
#4094=VERTEX_POINT('',#12535);
#4095=VERTEX_POINT('',#12539);
#4096=VERTEX_POINT('',#12545);
#4097=VERTEX_POINT('',#12549);
#4098=VERTEX_POINT('',#12555);
#4099=VERTEX_POINT('',#12559);
#4100=VERTEX_POINT('',#12565);
#4101=VERTEX_POINT('',#12567);
#4102=VERTEX_POINT('',#12570);
#4103=VERTEX_POINT('',#12572);
#4104=VERTEX_POINT('',#12575);
#4105=VERTEX_POINT('',#12577);
#4106=VERTEX_POINT('',#12580);
#4107=VERTEX_POINT('',#12582);
#4108=VERTEX_POINT('',#12585);
#4109=VERTEX_POINT('',#12587);
#4110=VERTEX_POINT('',#12590);
#4111=VERTEX_POINT('',#12592);
#4112=VERTEX_POINT('',#12595);
#4113=VERTEX_POINT('',#12597);
#4114=VERTEX_POINT('',#12600);
#4115=VERTEX_POINT('',#12602);
#4116=VERTEX_POINT('',#12605);
#4117=VERTEX_POINT('',#12607);
#4118=VERTEX_POINT('',#12610);
#4119=VERTEX_POINT('',#12616);
#4120=VERTEX_POINT('',#12618);
#4121=VERTEX_POINT('',#12621);
#4122=VERTEX_POINT('',#12623);
#4123=VERTEX_POINT('',#12626);
#4124=VERTEX_POINT('',#12628);
#4125=VERTEX_POINT('',#12631);
#4126=VERTEX_POINT('',#12633);
#4127=VERTEX_POINT('',#12636);
#4128=VERTEX_POINT('',#12638);
#4129=VERTEX_POINT('',#12641);
#4130=VERTEX_POINT('',#12643);
#4131=VERTEX_POINT('',#12646);
#4132=VERTEX_POINT('',#12648);
#4133=VERTEX_POINT('',#12651);
#4134=VERTEX_POINT('',#12653);
#4135=VERTEX_POINT('',#12656);
#4136=VERTEX_POINT('',#12658);
#4137=VERTEX_POINT('',#12661);
#4138=VERTEX_POINT('',#12663);
#4139=VERTEX_POINT('',#12666);
#4140=VERTEX_POINT('',#12668);
#4141=EDGE_CURVE('',#3381,#3381,#3285,.T.);
#4142=EDGE_CURVE('',#3381,#3382,#1195,.T.);
#4143=EDGE_CURVE('',#3382,#3382,#3286,.T.);
#4144=EDGE_CURVE('',#3383,#3383,#3287,.T.);
#4145=EDGE_CURVE('',#3383,#3384,#1196,.T.);
#4146=EDGE_CURVE('',#3384,#3384,#3288,.T.);
#4147=EDGE_CURVE('',#3385,#3385,#3289,.T.);
#4148=EDGE_CURVE('',#3385,#3386,#1197,.T.);
#4149=EDGE_CURVE('',#3386,#3386,#3290,.T.);
#4150=EDGE_CURVE('',#3387,#3387,#3291,.T.);
#4151=EDGE_CURVE('',#3387,#3388,#1198,.T.);
#4152=EDGE_CURVE('',#3388,#3388,#3292,.T.);
#4153=EDGE_CURVE('',#3389,#3390,#1199,.T.);
#4154=EDGE_CURVE('',#3391,#3389,#1200,.T.);
#4155=EDGE_CURVE('',#3392,#3391,#1201,.T.);
#4156=EDGE_CURVE('',#3390,#3392,#1202,.T.);
#4157=EDGE_CURVE('',#3390,#3393,#1203,.T.);
#4158=EDGE_CURVE('',#3394,#3392,#1204,.T.);
#4159=EDGE_CURVE('',#3393,#3394,#1205,.T.);
#4160=EDGE_CURVE('',#3395,#3391,#1206,.T.);
#4161=EDGE_CURVE('',#3394,#3395,#1207,.T.);
#4162=EDGE_CURVE('',#3389,#3396,#1208,.T.);
#4163=EDGE_CURVE('',#3396,#3397,#1209,.T.);
#4164=EDGE_CURVE('',#3397,#3398,#1210,.T.);
#4165=EDGE_CURVE('',#3398,#3399,#1211,.T.);
#4166=EDGE_CURVE('',#3399,#3400,#1212,.T.);
#4167=EDGE_CURVE('',#3400,#3395,#1213,.T.);
#4168=EDGE_CURVE('',#3401,#3402,#1214,.T.);
#4169=EDGE_CURVE('',#3403,#3401,#1215,.T.);
#4170=EDGE_CURVE('',#3404,#3403,#1216,.T.);
#4171=EDGE_CURVE('',#3402,#3404,#1217,.T.);
#4172=EDGE_CURVE('',#3402,#3396,#1218,.T.);
#4173=EDGE_CURVE('',#3397,#3404,#1219,.T.);
#4174=EDGE_CURVE('',#3398,#3403,#1220,.T.);
#4175=EDGE_CURVE('',#3401,#3405,#1221,.T.);
#4176=EDGE_CURVE('',#3405,#3406,#1222,.T.);
#4177=EDGE_CURVE('',#3406,#3407,#1223,.T.);
#4178=EDGE_CURVE('',#3407,#3408,#1224,.T.);
#4179=EDGE_CURVE('',#3408,#3399,#1225,.T.);
#4180=EDGE_CURVE('',#3409,#3410,#3293,.T.);
#4181=EDGE_CURVE('',#3410,#3411,#1226,.T.);
#4182=EDGE_CURVE('',#3411,#3412,#3294,.T.);
#4183=EDGE_CURVE('',#3412,#3409,#1227,.T.);
#4184=EDGE_CURVE('',#3413,#3393,#1228,.T.);
#4185=EDGE_CURVE('',#3414,#3413,#1229,.T.);
#4186=EDGE_CURVE('',#3415,#3414,#1230,.T.);
#4187=EDGE_CURVE('',#3415,#3416,#1231,.T.);
#4188=EDGE_CURVE('',#3416,#3417,#1232,.T.);
#4189=EDGE_CURVE('',#3418,#3417,#1233,.T.);
#4190=EDGE_CURVE('',#3418,#3419,#1234,.T.);
#4191=EDGE_CURVE('',#3419,#3405,#1235,.T.);
#4192=EDGE_CURVE('',#3420,#3415,#1236,.T.);
#4193=EDGE_CURVE('',#3421,#3420,#1237,.T.);
#4194=EDGE_CURVE('',#3416,#3421,#1238,.T.);
#4195=EDGE_CURVE('',#3422,#3421,#1239,.T.);
#4196=EDGE_CURVE('',#3417,#3422,#1240,.T.);
#4197=EDGE_CURVE('',#3423,#3420,#1241,.T.);
#4198=EDGE_CURVE('',#3422,#3423,#1242,.T.);
#4199=EDGE_CURVE('',#3423,#3424,#1243,.T.);
#4200=EDGE_CURVE('',#3424,#3408,#1244,.T.);
#4201=EDGE_CURVE('',#3407,#3425,#1245,.T.);
#4202=EDGE_CURVE('',#3425,#3418,#1246,.T.);
#4203=EDGE_CURVE('',#3426,#3425,#1247,.T.);
#4204=EDGE_CURVE('',#3419,#3426,#1248,.T.);
#4205=EDGE_CURVE('',#3406,#3426,#1249,.T.);
#4206=EDGE_CURVE('',#3413,#3427,#1250,.T.);
#4207=EDGE_CURVE('',#3427,#3428,#1251,.T.);
#4208=EDGE_CURVE('',#3414,#3428,#1252,.T.);
#4209=EDGE_CURVE('',#3429,#3430,#1253,.T.);
#4210=EDGE_CURVE('',#3430,#3431,#1254,.T.);
#4211=EDGE_CURVE('',#3432,#3431,#1255,.T.);
#4212=EDGE_CURVE('',#3432,#3433,#1256,.T.);
#4213=EDGE_CURVE('',#3433,#3434,#1257,.T.);
#4214=EDGE_CURVE('',#3429,#3434,#1258,.T.);
#4215=EDGE_CURVE('',#3435,#3432,#1259,.T.);
#4216=EDGE_CURVE('',#3414,#3435,#1260,.T.);
#4217=EDGE_CURVE('',#3428,#3433,#1261,.T.);
#4218=EDGE_CURVE('',#3434,#3427,#1262,.T.);
#4219=EDGE_CURVE('',#3435,#3424,#1263,.T.);
#4220=EDGE_CURVE('',#3400,#3436,#1264,.T.);
#4221=EDGE_CURVE('',#3436,#3413,#1265,.T.);
#4222=EDGE_CURVE('',#3437,#3438,#1266,.T.);
#4223=EDGE_CURVE('',#3438,#3439,#1267,.T.);
#4224=EDGE_CURVE('',#3439,#3440,#1268,.T.);
#4225=EDGE_CURVE('',#3440,#3437,#1269,.T.);
#4226=EDGE_CURVE('',#3441,#3442,#1270,.T.);
#4227=EDGE_CURVE('',#3443,#3442,#1271,.T.);
#4228=EDGE_CURVE('',#3443,#3444,#1272,.T.);
#4229=EDGE_CURVE('',#3441,#3444,#1273,.T.);
#4230=EDGE_CURVE('',#3438,#3445,#1274,.T.);
#4231=EDGE_CURVE('',#3446,#3445,#1275,.T.);
#4232=EDGE_CURVE('',#3446,#3439,#1276,.T.);
#4233=EDGE_CURVE('',#3447,#3448,#1277,.T.);
#4234=EDGE_CURVE('',#3449,#3448,#1278,.T.);
#4235=EDGE_CURVE('',#3450,#3449,#1279,.T.);
#4236=EDGE_CURVE('',#3447,#3450,#1280,.T.);
#4237=EDGE_CURVE('',#3451,#3452,#1281,.T.);
#4238=EDGE_CURVE('',#3453,#3452,#1282,.T.);
#4239=EDGE_CURVE('',#3453,#3454,#1283,.T.);
#4240=EDGE_CURVE('',#3451,#3454,#1284,.T.);
#4241=EDGE_CURVE('',#3455,#3456,#1285,.T.);
#4242=EDGE_CURVE('',#3457,#3456,#1286,.T.);
#4243=EDGE_CURVE('',#3458,#3457,#1287,.T.);
#4244=EDGE_CURVE('',#3455,#3458,#1288,.T.);
#4245=EDGE_CURVE('',#3459,#3460,#1289,.T.);
#4246=EDGE_CURVE('',#3461,#3460,#1290,.T.);
#4247=EDGE_CURVE('',#3461,#3462,#1291,.T.);
#4248=EDGE_CURVE('',#3459,#3462,#1292,.T.);
#4249=EDGE_CURVE('',#3456,#3463,#3295,.T.);
#4250=EDGE_CURVE('',#3463,#3464,#1293,.T.);
#4251=EDGE_CURVE('',#3464,#3457,#1294,.T.);
#4252=EDGE_CURVE('',#3463,#3465,#1295,.T.);
#4253=EDGE_CURVE('',#3466,#3465,#1296,.T.);
#4254=EDGE_CURVE('',#3466,#3464,#1297,.T.);
#4255=EDGE_CURVE('',#3467,#3468,#1298,.T.);
#4256=EDGE_CURVE('',#3469,#3468,#1299,.T.);
#4257=EDGE_CURVE('',#3469,#3470,#1300,.T.);
#4258=EDGE_CURVE('',#3467,#3470,#1301,.T.);
#4259=EDGE_CURVE('',#3471,#3472,#1302,.T.);
#4260=EDGE_CURVE('',#3473,#3472,#1303,.T.);
#4261=EDGE_CURVE('',#3474,#3473,#1304,.T.);
#4262=EDGE_CURVE('',#3471,#3474,#1305,.T.);
#4263=EDGE_CURVE('',#3475,#3459,#3296,.T.);
#4264=EDGE_CURVE('',#3462,#3476,#1306,.T.);
#4265=EDGE_CURVE('',#3476,#3475,#1307,.T.);
#4266=EDGE_CURVE('',#3477,#3467,#3297,.T.);
#4267=EDGE_CURVE('',#3470,#3478,#1308,.T.);
#4268=EDGE_CURVE('',#3478,#3479,#1309,.T.);
#4269=EDGE_CURVE('',#3479,#3477,#1310,.T.);
#4270=EDGE_CURVE('',#3480,#3441,#1311,.T.);
#4271=EDGE_CURVE('',#3444,#3481,#1312,.T.);
#4272=EDGE_CURVE('',#3481,#3482,#1313,.T.);
#4273=EDGE_CURVE('',#3482,#3480,#3298,.T.);
#4274=EDGE_CURVE('',#3483,#3479,#1314,.T.);
#4275=EDGE_CURVE('',#3484,#3478,#1315,.T.);
#4276=EDGE_CURVE('',#3483,#3484,#1316,.T.);
#4277=EDGE_CURVE('',#3472,#3485,#1317,.T.);
#4278=EDGE_CURVE('',#3485,#3486,#1318,.T.);
#4279=EDGE_CURVE('',#3486,#3473,#1319,.T.);
#4280=EDGE_CURVE('',#3485,#3487,#1320,.T.);
#4281=EDGE_CURVE('',#3488,#3487,#1321,.T.);
#4282=EDGE_CURVE('',#3488,#3486,#1322,.T.);
#4283=EDGE_CURVE('',#3489,#3490,#3299,.T.);
#4284=EDGE_CURVE('',#3489,#3410,#1323,.T.);
#4285=EDGE_CURVE('',#3491,#3409,#1324,.T.);
#4286=EDGE_CURVE('',#3465,#3491,#3300,.T.);
#4287=EDGE_CURVE('',#3460,#3455,#3301,.T.);
#4288=EDGE_CURVE('',#3490,#3475,#1325,.T.);
#4289=EDGE_CURVE('',#3480,#3411,#1326,.T.);
#4290=EDGE_CURVE('',#3445,#3489,#1327,.T.);
#4291=EDGE_CURVE('',#3492,#3437,#1328,.T.);
#4292=EDGE_CURVE('',#3442,#3492,#1329,.T.);
#4293=EDGE_CURVE('',#3477,#3412,#1330,.T.);
#4294=EDGE_CURVE('',#3493,#3482,#1331,.T.);
#4295=EDGE_CURVE('',#3452,#3493,#3302,.T.);
#4296=EDGE_CURVE('',#3448,#3451,#3303,.T.);
#4297=EDGE_CURVE('',#3468,#3447,#3304,.T.);
#4298=EDGE_CURVE('',#3491,#3471,#1332,.T.);
#4299=EDGE_CURVE('',#3487,#3483,#1333,.T.);
#4300=EDGE_CURVE('',#3494,#3495,#1334,.T.);
#4301=EDGE_CURVE('',#3494,#3496,#1335,.T.);
#4302=EDGE_CURVE('',#3497,#3496,#1336,.T.);
#4303=EDGE_CURVE('',#3495,#3497,#1337,.T.);
#4304=EDGE_CURVE('',#3498,#3499,#1338,.T.);
#4305=EDGE_CURVE('',#3500,#3498,#1339,.T.);
#4306=EDGE_CURVE('',#3501,#3500,#1340,.T.);
#4307=EDGE_CURVE('',#3501,#3499,#1341,.T.);
#4308=EDGE_CURVE('',#3502,#3502,#3305,.T.);
#4309=EDGE_CURVE('',#3502,#3503,#1342,.T.);
#4310=EDGE_CURVE('',#3503,#3503,#3306,.T.);
#4311=EDGE_CURVE('',#3504,#3504,#3307,.T.);
#4312=EDGE_CURVE('',#3504,#3505,#1343,.T.);
#4313=EDGE_CURVE('',#3505,#3505,#3308,.T.);
#4314=EDGE_CURVE('',#3506,#3506,#3309,.T.);
#4315=EDGE_CURVE('',#3506,#3507,#1344,.T.);
#4316=EDGE_CURVE('',#3507,#3507,#3310,.T.);
#4317=EDGE_CURVE('',#3508,#3508,#3311,.T.);
#4318=EDGE_CURVE('',#3508,#3509,#1345,.T.);
#4319=EDGE_CURVE('',#3509,#3509,#3312,.T.);
#4320=EDGE_CURVE('',#3510,#3511,#1346,.T.);
#4321=EDGE_CURVE('',#3511,#3512,#1347,.T.);
#4322=EDGE_CURVE('',#3512,#3513,#1348,.T.);
#4323=EDGE_CURVE('',#3513,#3510,#1349,.T.);
#4324=EDGE_CURVE('',#3511,#3514,#1350,.T.);
#4325=EDGE_CURVE('',#3515,#3514,#1351,.T.);
#4326=EDGE_CURVE('',#3512,#3515,#1352,.T.);
#4327=EDGE_CURVE('',#3516,#3517,#1353,.T.);
#4328=EDGE_CURVE('',#3517,#3518,#1354,.T.);
#4329=EDGE_CURVE('',#3518,#3519,#1355,.T.);
#4330=EDGE_CURVE('',#3519,#3516,#1356,.T.);
#4331=EDGE_CURVE('',#3520,#3518,#1357,.T.);
#4332=EDGE_CURVE('',#3521,#3520,#1358,.T.);
#4333=EDGE_CURVE('',#3521,#3519,#1359,.T.);
#4334=EDGE_CURVE('',#3522,#3516,#1360,.T.);
#4335=EDGE_CURVE('',#3523,#3522,#1361,.T.);
#4336=EDGE_CURVE('',#3523,#3517,#1362,.T.);
#4337=EDGE_CURVE('',#3430,#3515,#1363,.T.);
#4338=EDGE_CURVE('',#3524,#3429,#1364,.T.);
#4339=EDGE_CURVE('',#3513,#3524,#1365,.T.);
#4340=EDGE_CURVE('',#3514,#3431,#1366,.T.);
#4341=EDGE_CURVE('',#3525,#3526,#1367,.T.);
#4342=EDGE_CURVE('',#3525,#3527,#1368,.T.);
#4343=EDGE_CURVE('',#3528,#3527,#1369,.T.);
#4344=EDGE_CURVE('',#3528,#3529,#1370,.T.);
#4345=EDGE_CURVE('',#3530,#3529,#1371,.T.);
#4346=EDGE_CURVE('',#3530,#3531,#1372,.T.);
#4347=EDGE_CURVE('',#3531,#3532,#1373,.T.);
#4348=EDGE_CURVE('',#3532,#3533,#1374,.T.);
#4349=EDGE_CURVE('',#3534,#3533,#1375,.T.);
#4350=EDGE_CURVE('',#3534,#3535,#1376,.T.);
#4351=EDGE_CURVE('',#3535,#3536,#1377,.T.);
#4352=EDGE_CURVE('',#3536,#3537,#1378,.T.);
#4353=EDGE_CURVE('',#3538,#3537,#1379,.T.);
#4354=EDGE_CURVE('',#3538,#3539,#1380,.T.);
#4355=EDGE_CURVE('',#3539,#3540,#1381,.T.);
#4356=EDGE_CURVE('',#3540,#3541,#1382,.T.);
#4357=EDGE_CURVE('',#3542,#3541,#1383,.T.);
#4358=EDGE_CURVE('',#3542,#3543,#1384,.T.);
#4359=EDGE_CURVE('',#3543,#3544,#1385,.T.);
#4360=EDGE_CURVE('',#3544,#3545,#1386,.T.);
#4361=EDGE_CURVE('',#3546,#3545,#1387,.T.);
#4362=EDGE_CURVE('',#3546,#3547,#1388,.T.);
#4363=EDGE_CURVE('',#3547,#3548,#1389,.T.);
#4364=EDGE_CURVE('',#3548,#3549,#1390,.T.);
#4365=EDGE_CURVE('',#3550,#3549,#1391,.T.);
#4366=EDGE_CURVE('',#3551,#3550,#1392,.T.);
#4367=EDGE_CURVE('',#3551,#3552,#1393,.F.);
#4368=EDGE_CURVE('',#3552,#3553,#1394,.T.);
#4369=EDGE_CURVE('',#3554,#3553,#1395,.T.);
#4370=EDGE_CURVE('',#3555,#3554,#1396,.T.);
#4371=EDGE_CURVE('',#3555,#3556,#1397,.F.);
#4372=EDGE_CURVE('',#3556,#3557,#1398,.T.);
#4373=EDGE_CURVE('',#3558,#3557,#1399,.T.);
#4374=EDGE_CURVE('',#3559,#3558,#1400,.T.);
#4375=EDGE_CURVE('',#3559,#3560,#1401,.F.);
#4376=EDGE_CURVE('',#3560,#3561,#1402,.T.);
#4377=EDGE_CURVE('',#3562,#3561,#1403,.T.);
#4378=EDGE_CURVE('',#3563,#3562,#1404,.T.);
#4379=EDGE_CURVE('',#3563,#3564,#1405,.F.);
#4380=EDGE_CURVE('',#3564,#3565,#1406,.T.);
#4381=EDGE_CURVE('',#3566,#3565,#1407,.T.);
#4382=EDGE_CURVE('',#3567,#3566,#1408,.T.);
#4383=EDGE_CURVE('',#3567,#3568,#1409,.F.);
#4384=EDGE_CURVE('',#3568,#3569,#1410,.T.);
#4385=EDGE_CURVE('',#3570,#3569,#1411,.T.);
#4386=EDGE_CURVE('',#3571,#3570,#1412,.T.);
#4387=EDGE_CURVE('',#3571,#3572,#1413,.F.);
#4388=EDGE_CURVE('',#3572,#3573,#1414,.T.);
#4389=EDGE_CURVE('',#3574,#3573,#1415,.T.);
#4390=EDGE_CURVE('',#3575,#3574,#1416,.T.);
#4391=EDGE_CURVE('',#3575,#3576,#1417,.F.);
#4392=EDGE_CURVE('',#3576,#3577,#1418,.T.);
#4393=EDGE_CURVE('',#3578,#3577,#1419,.T.);
#4394=EDGE_CURVE('',#3579,#3578,#1420,.T.);
#4395=EDGE_CURVE('',#3579,#3580,#1421,.F.);
#4396=EDGE_CURVE('',#3580,#3581,#1422,.T.);
#4397=EDGE_CURVE('',#3582,#3581,#1423,.T.);
#4398=EDGE_CURVE('',#3583,#3582,#1424,.T.);
#4399=EDGE_CURVE('',#3583,#3584,#1425,.F.);
#4400=EDGE_CURVE('',#3584,#3585,#1426,.T.);
#4401=EDGE_CURVE('',#3586,#3585,#1427,.T.);
#4402=EDGE_CURVE('',#3587,#3586,#1428,.T.);
#4403=EDGE_CURVE('',#3587,#3588,#1429,.F.);
#4404=EDGE_CURVE('',#3588,#3589,#1430,.T.);
#4405=EDGE_CURVE('',#3590,#3589,#1431,.T.);
#4406=EDGE_CURVE('',#3591,#3590,#1432,.T.);
#4407=EDGE_CURVE('',#3591,#3592,#1433,.F.);
#4408=EDGE_CURVE('',#3592,#3593,#1434,.T.);
#4409=EDGE_CURVE('',#3594,#3593,#1435,.T.);
#4410=EDGE_CURVE('',#3595,#3594,#1436,.T.);
#4411=EDGE_CURVE('',#3595,#3458,#1437,.F.);
#4412=EDGE_CURVE('',#3466,#3474,#1438,.F.);
#4413=EDGE_CURVE('',#3488,#3484,#1439,.F.);
#4414=EDGE_CURVE('',#3469,#3450,#1440,.F.);
#4415=EDGE_CURVE('',#3596,#3449,#1441,.T.);
#4416=EDGE_CURVE('',#3597,#3596,#1442,.T.);
#4417=EDGE_CURVE('',#3597,#3598,#1443,.F.);
#4418=EDGE_CURVE('',#3598,#3599,#1444,.T.);
#4419=EDGE_CURVE('',#3600,#3599,#1445,.T.);
#4420=EDGE_CURVE('',#3601,#3600,#1446,.T.);
#4421=EDGE_CURVE('',#3601,#3602,#1447,.F.);
#4422=EDGE_CURVE('',#3602,#3603,#1448,.T.);
#4423=EDGE_CURVE('',#3604,#3603,#1449,.T.);
#4424=EDGE_CURVE('',#3605,#3604,#1450,.T.);
#4425=EDGE_CURVE('',#3605,#3606,#1451,.F.);
#4426=EDGE_CURVE('',#3606,#3607,#1452,.T.);
#4427=EDGE_CURVE('',#3608,#3607,#1453,.T.);
#4428=EDGE_CURVE('',#3609,#3608,#1454,.T.);
#4429=EDGE_CURVE('',#3609,#3610,#1455,.F.);
#4430=EDGE_CURVE('',#3610,#3611,#1456,.T.);
#4431=EDGE_CURVE('',#3612,#3611,#1457,.T.);
#4432=EDGE_CURVE('',#3613,#3612,#1458,.T.);
#4433=EDGE_CURVE('',#3613,#3614,#1459,.F.);
#4434=EDGE_CURVE('',#3614,#3615,#1460,.T.);
#4435=EDGE_CURVE('',#3616,#3615,#1461,.T.);
#4436=EDGE_CURVE('',#3617,#3616,#1462,.T.);
#4437=EDGE_CURVE('',#3617,#3618,#1463,.F.);
#4438=EDGE_CURVE('',#3618,#3619,#1464,.T.);
#4439=EDGE_CURVE('',#3620,#3619,#1465,.T.);
#4440=EDGE_CURVE('',#3621,#3620,#1466,.T.);
#4441=EDGE_CURVE('',#3621,#3622,#1467,.F.);
#4442=EDGE_CURVE('',#3622,#3623,#1468,.T.);
#4443=EDGE_CURVE('',#3624,#3623,#1469,.T.);
#4444=EDGE_CURVE('',#3625,#3624,#1470,.T.);
#4445=EDGE_CURVE('',#3625,#3626,#1471,.F.);
#4446=EDGE_CURVE('',#3626,#3627,#1472,.T.);
#4447=EDGE_CURVE('',#3628,#3627,#1473,.T.);
#4448=EDGE_CURVE('',#3629,#3628,#1474,.T.);
#4449=EDGE_CURVE('',#3629,#3630,#1475,.F.);
#4450=EDGE_CURVE('',#3630,#3631,#1476,.T.);
#4451=EDGE_CURVE('',#3632,#3631,#1477,.T.);
#4452=EDGE_CURVE('',#3633,#3632,#1478,.T.);
#4453=EDGE_CURVE('',#3633,#3634,#1479,.F.);
#4454=EDGE_CURVE('',#3634,#3635,#1480,.F.);
#4455=EDGE_CURVE('',#3636,#3635,#1481,.T.);
#4456=EDGE_CURVE('',#3636,#3637,#1482,.T.);
#4457=EDGE_CURVE('',#3638,#3637,#1483,.T.);
#4458=EDGE_CURVE('',#3638,#3639,#1484,.T.);
#4459=EDGE_CURVE('',#3640,#3639,#1485,.T.);
#4460=EDGE_CURVE('',#3640,#3641,#1486,.T.);
#4461=EDGE_CURVE('',#3642,#3641,#1487,.T.);
#4462=EDGE_CURVE('',#3642,#3643,#1488,.T.);
#4463=EDGE_CURVE('',#3644,#3643,#1489,.T.);
#4464=EDGE_CURVE('',#3644,#3645,#1490,.T.);
#4465=EDGE_CURVE('',#3646,#3645,#1491,.T.);
#4466=EDGE_CURVE('',#3646,#3647,#1492,.T.);
#4467=EDGE_CURVE('',#3648,#3647,#1493,.T.);
#4468=EDGE_CURVE('',#3648,#3649,#1494,.T.);
#4469=EDGE_CURVE('',#3650,#3649,#1495,.T.);
#4470=EDGE_CURVE('',#3650,#3651,#1496,.T.);
#4471=EDGE_CURVE('',#3652,#3651,#1497,.T.);
#4472=EDGE_CURVE('',#3652,#3653,#1498,.T.);
#4473=EDGE_CURVE('',#3654,#3653,#1499,.T.);
#4474=EDGE_CURVE('',#3654,#3655,#1500,.T.);
#4475=EDGE_CURVE('',#3656,#3655,#1501,.T.);
#4476=EDGE_CURVE('',#3656,#3657,#1502,.T.);
#4477=EDGE_CURVE('',#3658,#3657,#1503,.T.);
#4478=EDGE_CURVE('',#3659,#3658,#1504,.T.);
#4479=EDGE_CURVE('',#3660,#3659,#1505,.T.);
#4480=EDGE_CURVE('',#3660,#3661,#1506,.T.);
#4481=EDGE_CURVE('',#3662,#3661,#1507,.T.);
#4482=EDGE_CURVE('',#3663,#3662,#1508,.T.);
#4483=EDGE_CURVE('',#3664,#3663,#1509,.T.);
#4484=EDGE_CURVE('',#3664,#3665,#1510,.T.);
#4485=EDGE_CURVE('',#3666,#3665,#1511,.T.);
#4486=EDGE_CURVE('',#3667,#3666,#1512,.T.);
#4487=EDGE_CURVE('',#3668,#3667,#1513,.T.);
#4488=EDGE_CURVE('',#3668,#3669,#1514,.T.);
#4489=EDGE_CURVE('',#3670,#3669,#1515,.T.);
#4490=EDGE_CURVE('',#3671,#3670,#1516,.T.);
#4491=EDGE_CURVE('',#3672,#3671,#1517,.T.);
#4492=EDGE_CURVE('',#3672,#3673,#1518,.T.);
#4493=EDGE_CURVE('',#3674,#3673,#1519,.T.);
#4494=EDGE_CURVE('',#3675,#3674,#1520,.T.);
#4495=EDGE_CURVE('',#3676,#3675,#1521,.T.);
#4496=EDGE_CURVE('',#3676,#3677,#1522,.T.);
#4497=EDGE_CURVE('',#3678,#3677,#1523,.T.);
#4498=EDGE_CURVE('',#3679,#3678,#1524,.T.);
#4499=EDGE_CURVE('',#3680,#3679,#1525,.T.);
#4500=EDGE_CURVE('',#3680,#3681,#1526,.T.);
#4501=EDGE_CURVE('',#3682,#3681,#1527,.T.);
#4502=EDGE_CURVE('',#3683,#3682,#1528,.T.);
#4503=EDGE_CURVE('',#3684,#3683,#1529,.T.);
#4504=EDGE_CURVE('',#3684,#3685,#1530,.T.);
#4505=EDGE_CURVE('',#3686,#3685,#1531,.T.);
#4506=EDGE_CURVE('',#3687,#3686,#1532,.T.);
#4507=EDGE_CURVE('',#3688,#3687,#1533,.T.);
#4508=EDGE_CURVE('',#3688,#3689,#1534,.T.);
#4509=EDGE_CURVE('',#3690,#3689,#1535,.T.);
#4510=EDGE_CURVE('',#3691,#3690,#1536,.T.);
#4511=EDGE_CURVE('',#3692,#3691,#1537,.T.);
#4512=EDGE_CURVE('',#3692,#3693,#1538,.T.);
#4513=EDGE_CURVE('',#3694,#3693,#1539,.T.);
#4514=EDGE_CURVE('',#3695,#3694,#1540,.T.);
#4515=EDGE_CURVE('',#3696,#3695,#1541,.T.);
#4516=EDGE_CURVE('',#3696,#3697,#1542,.T.);
#4517=EDGE_CURVE('',#3698,#3697,#1543,.T.);
#4518=EDGE_CURVE('',#3699,#3698,#1544,.T.);
#4519=EDGE_CURVE('',#3700,#3699,#1545,.T.);
#4520=EDGE_CURVE('',#3700,#3701,#1546,.T.);
#4521=EDGE_CURVE('',#3702,#3701,#1547,.T.);
#4522=EDGE_CURVE('',#3703,#3702,#1548,.T.);
#4523=EDGE_CURVE('',#3704,#3703,#1549,.T.);
#4524=EDGE_CURVE('',#3704,#3705,#1550,.T.);
#4525=EDGE_CURVE('',#3706,#3705,#1551,.T.);
#4526=EDGE_CURVE('',#3526,#3706,#1552,.T.);
#4527=EDGE_CURVE('',#3707,#3708,#1553,.T.);
#4528=EDGE_CURVE('',#3708,#3707,#3313,.T.);
#4529=EDGE_CURVE('',#3709,#3710,#3314,.T.);
#4530=EDGE_CURVE('',#3710,#3711,#1554,.T.);
#4531=EDGE_CURVE('',#3711,#3712,#3315,.T.);
#4532=EDGE_CURVE('',#3712,#3709,#1555,.T.);
#4533=EDGE_CURVE('',#3709,#3707,#1556,.T.);
#4534=EDGE_CURVE('',#3708,#3712,#1557,.T.);
#4535=EDGE_CURVE('',#3713,#3714,#1558,.T.);
#4536=EDGE_CURVE('',#3713,#3711,#1559,.T.);
#4537=EDGE_CURVE('',#3714,#3710,#1560,.T.);
#4538=EDGE_CURVE('',#3715,#3716,#1561,.T.);
#4539=EDGE_CURVE('',#3715,#3717,#1562,.T.);
#4540=EDGE_CURVE('',#3718,#3717,#1563,.T.);
#4541=EDGE_CURVE('',#3718,#3719,#1564,.T.);
#4542=EDGE_CURVE('',#3720,#3719,#1565,.T.);
#4543=EDGE_CURVE('',#3720,#3721,#1566,.T.);
#4544=EDGE_CURVE('',#3722,#3721,#1567,.T.);
#4545=EDGE_CURVE('',#3722,#3723,#1568,.T.);
#4546=EDGE_CURVE('',#3724,#3723,#1569,.T.);
#4547=EDGE_CURVE('',#3724,#3725,#1570,.T.);
#4548=EDGE_CURVE('',#3726,#3725,#1571,.T.);
#4549=EDGE_CURVE('',#3726,#3727,#1572,.T.);
#4550=EDGE_CURVE('',#3728,#3727,#1573,.T.);
#4551=EDGE_CURVE('',#3728,#3729,#1574,.T.);
#4552=EDGE_CURVE('',#3730,#3729,#1575,.T.);
#4553=EDGE_CURVE('',#3730,#3731,#1576,.T.);
#4554=EDGE_CURVE('',#3732,#3731,#1577,.T.);
#4555=EDGE_CURVE('',#3732,#3733,#1578,.T.);
#4556=EDGE_CURVE('',#3734,#3733,#1579,.T.);
#4557=EDGE_CURVE('',#3734,#3735,#1580,.T.);
#4558=EDGE_CURVE('',#3736,#3735,#1581,.T.);
#4559=EDGE_CURVE('',#3736,#3737,#1582,.T.);
#4560=EDGE_CURVE('',#3738,#3737,#1583,.T.);
#4561=EDGE_CURVE('',#3738,#3739,#1584,.T.);
#4562=EDGE_CURVE('',#3740,#3739,#1585,.T.);
#4563=EDGE_CURVE('',#3740,#3741,#1586,.T.);
#4564=EDGE_CURVE('',#3742,#3741,#1587,.T.);
#4565=EDGE_CURVE('',#3742,#3743,#1588,.T.);
#4566=EDGE_CURVE('',#3744,#3743,#1589,.T.);
#4567=EDGE_CURVE('',#3744,#3745,#1590,.T.);
#4568=EDGE_CURVE('',#3746,#3745,#1591,.T.);
#4569=EDGE_CURVE('',#3746,#3747,#1592,.T.);
#4570=EDGE_CURVE('',#3748,#3747,#1593,.T.);
#4571=EDGE_CURVE('',#3748,#3749,#1594,.T.);
#4572=EDGE_CURVE('',#3750,#3749,#1595,.T.);
#4573=EDGE_CURVE('',#3750,#3751,#1596,.T.);
#4574=EDGE_CURVE('',#3752,#3751,#1597,.T.);
#4575=EDGE_CURVE('',#3752,#3753,#1598,.T.);
#4576=EDGE_CURVE('',#3754,#3753,#1599,.T.);
#4577=EDGE_CURVE('',#3754,#3755,#1600,.T.);
#4578=EDGE_CURVE('',#3756,#3755,#1601,.T.);
#4579=EDGE_CURVE('',#3756,#3757,#1602,.T.);
#4580=EDGE_CURVE('',#3758,#3757,#1603,.T.);
#4581=EDGE_CURVE('',#3758,#3759,#1604,.T.);
#4582=EDGE_CURVE('',#3760,#3759,#1605,.T.);
#4583=EDGE_CURVE('',#3760,#3761,#1606,.T.);
#4584=EDGE_CURVE('',#3762,#3761,#1607,.T.);
#4585=EDGE_CURVE('',#3762,#3763,#1608,.T.);
#4586=EDGE_CURVE('',#3520,#3763,#1609,.T.);
#4587=EDGE_CURVE('',#3764,#3523,#1610,.T.);
#4588=EDGE_CURVE('',#3764,#3765,#1611,.T.);
#4589=EDGE_CURVE('',#3766,#3765,#1612,.T.);
#4590=EDGE_CURVE('',#3766,#3716,#1613,.T.);
#4591=EDGE_CURVE('',#3767,#3768,#1614,.T.);
#4592=EDGE_CURVE('',#3768,#3652,#1615,.T.);
#4593=EDGE_CURVE('',#3651,#3767,#1616,.T.);
#4594=EDGE_CURVE('',#3768,#3769,#1617,.T.);
#4595=EDGE_CURVE('',#3653,#3769,#1618,.T.);
#4596=EDGE_CURVE('',#3695,#3770,#1619,.T.);
#4597=EDGE_CURVE('',#3770,#3771,#1620,.T.);
#4598=EDGE_CURVE('',#3771,#3696,#1621,.T.);
#4599=EDGE_CURVE('',#3772,#3773,#1622,.T.);
#4600=EDGE_CURVE('',#3773,#3698,#1623,.T.);
#4601=EDGE_CURVE('',#3697,#3772,#1624,.T.);
#4602=EDGE_CURVE('',#3772,#3771,#1625,.T.);
#4603=EDGE_CURVE('',#3699,#3774,#1626,.T.);
#4604=EDGE_CURVE('',#3774,#3773,#1627,.T.);
#4605=EDGE_CURVE('',#3679,#3775,#1628,.T.);
#4606=EDGE_CURVE('',#3775,#3776,#1629,.T.);
#4607=EDGE_CURVE('',#3776,#3680,#1630,.T.);
#4608=EDGE_CURVE('',#3777,#3778,#1631,.T.);
#4609=EDGE_CURVE('',#3778,#3682,#1632,.T.);
#4610=EDGE_CURVE('',#3681,#3777,#1633,.T.);
#4611=EDGE_CURVE('',#3777,#3776,#1634,.T.);
#4612=EDGE_CURVE('',#3683,#3779,#1635,.T.);
#4613=EDGE_CURVE('',#3779,#3778,#1636,.T.);
#4614=EDGE_CURVE('',#3663,#3780,#1637,.T.);
#4615=EDGE_CURVE('',#3780,#3781,#1638,.T.);
#4616=EDGE_CURVE('',#3781,#3664,#1639,.T.);
#4617=EDGE_CURVE('',#3782,#3783,#1640,.T.);
#4618=EDGE_CURVE('',#3783,#3666,#1641,.T.);
#4619=EDGE_CURVE('',#3665,#3782,#1642,.T.);
#4620=EDGE_CURVE('',#3782,#3781,#1643,.T.);
#4621=EDGE_CURVE('',#3667,#3784,#1644,.T.);
#4622=EDGE_CURVE('',#3784,#3783,#1645,.T.);
#4623=EDGE_CURVE('',#3785,#3786,#1646,.T.);
#4624=EDGE_CURVE('',#3786,#3640,#1647,.T.);
#4625=EDGE_CURVE('',#3639,#3785,#1648,.T.);
#4626=EDGE_CURVE('',#3787,#3788,#1649,.T.);
#4627=EDGE_CURVE('',#3789,#3787,#1650,.T.);
#4628=EDGE_CURVE('',#3790,#3789,#1651,.T.);
#4629=EDGE_CURVE('',#3788,#3790,#1652,.T.);
#4630=EDGE_CURVE('',#3539,#3788,#1653,.T.);
#4631=EDGE_CURVE('',#3790,#3540,#1654,.T.);
#4632=EDGE_CURVE('',#3791,#3792,#1655,.T.);
#4633=EDGE_CURVE('',#3792,#3791,#3316,.T.);
#4634=EDGE_CURVE('',#3793,#3794,#3317,.T.);
#4635=EDGE_CURVE('',#3794,#3795,#1656,.T.);
#4636=EDGE_CURVE('',#3795,#3796,#3318,.T.);
#4637=EDGE_CURVE('',#3796,#3793,#1657,.T.);
#4638=EDGE_CURVE('',#3793,#3791,#1658,.T.);
#4639=EDGE_CURVE('',#3792,#3796,#1659,.T.);
#4640=EDGE_CURVE('',#3797,#3798,#1660,.T.);
#4641=EDGE_CURVE('',#3797,#3795,#1661,.T.);
#4642=EDGE_CURVE('',#3798,#3794,#1662,.T.);
#4643=EDGE_CURVE('',#3799,#3800,#1663,.T.);
#4644=EDGE_CURVE('',#3800,#3797,#3319,.T.);
#4645=EDGE_CURVE('',#3798,#3799,#3320,.T.);
#4646=EDGE_CURVE('',#3801,#3802,#3321,.T.);
#4647=EDGE_CURVE('',#3802,#3803,#1664,.T.);
#4648=EDGE_CURVE('',#3803,#3804,#3322,.T.);
#4649=EDGE_CURVE('',#3804,#3801,#1665,.T.);
#4650=EDGE_CURVE('',#3801,#3799,#1666,.T.);
#4651=EDGE_CURVE('',#3800,#3804,#1667,.T.);
#4652=EDGE_CURVE('',#3805,#3806,#1668,.T.);
#4653=EDGE_CURVE('',#3805,#3803,#1669,.T.);
#4654=EDGE_CURVE('',#3806,#3802,#1670,.T.);
#4655=EDGE_CURVE('',#3807,#3808,#1671,.T.);
#4656=EDGE_CURVE('',#3809,#3807,#1672,.T.);
#4657=EDGE_CURVE('',#3810,#3809,#1673,.T.);
#4658=EDGE_CURVE('',#3808,#3810,#1674,.T.);
#4659=EDGE_CURVE('',#3543,#3808,#1675,.T.);
#4660=EDGE_CURVE('',#3810,#3544,#1676,.T.);
#4661=EDGE_CURVE('',#3496,#3811,#1677,.T.);
#4662=EDGE_CURVE('',#3811,#3636,#1678,.T.);
#4663=EDGE_CURVE('',#3635,#3812,#3323,.T.);
#4664=EDGE_CURVE('',#3812,#3813,#1679,.T.);
#4665=EDGE_CURVE('',#3813,#3497,#3324,.T.);
#4666=EDGE_CURVE('',#3814,#3815,#1680,.T.);
#4667=EDGE_CURVE('',#3815,#3662,#1681,.T.);
#4668=EDGE_CURVE('',#3661,#3814,#1682,.T.);
#4669=EDGE_CURVE('',#3816,#3660,#1683,.T.);
#4670=EDGE_CURVE('',#3814,#3816,#1684,.T.);
#4671=EDGE_CURVE('',#3780,#3815,#1685,.T.);
#4672=EDGE_CURVE('',#3675,#3817,#1686,.T.);
#4673=EDGE_CURVE('',#3817,#3818,#1687,.T.);
#4674=EDGE_CURVE('',#3818,#3676,#1688,.T.);
#4675=EDGE_CURVE('',#3819,#3820,#1689,.T.);
#4676=EDGE_CURVE('',#3820,#3678,#1690,.T.);
#4677=EDGE_CURVE('',#3677,#3819,#1691,.T.);
#4678=EDGE_CURVE('',#3819,#3818,#1692,.T.);
#4679=EDGE_CURVE('',#3775,#3820,#1693,.T.);
#4680=EDGE_CURVE('',#3691,#3821,#1694,.T.);
#4681=EDGE_CURVE('',#3821,#3822,#1695,.T.);
#4682=EDGE_CURVE('',#3822,#3692,#1696,.T.);
#4683=EDGE_CURVE('',#3823,#3824,#1697,.T.);
#4684=EDGE_CURVE('',#3824,#3694,#1698,.T.);
#4685=EDGE_CURVE('',#3693,#3823,#1699,.T.);
#4686=EDGE_CURVE('',#3823,#3822,#1700,.T.);
#4687=EDGE_CURVE('',#3770,#3824,#1701,.T.);
#4688=EDGE_CURVE('',#3825,#3826,#1702,.T.);
#4689=EDGE_CURVE('',#3826,#3713,#3325,.T.);
#4690=EDGE_CURVE('',#3714,#3825,#3326,.T.);
#4691=EDGE_CURVE('',#3827,#3828,#3327,.T.);
#4692=EDGE_CURVE('',#3828,#3829,#1703,.T.);
#4693=EDGE_CURVE('',#3829,#3830,#3328,.T.);
#4694=EDGE_CURVE('',#3830,#3827,#1704,.T.);
#4695=EDGE_CURVE('',#3827,#3825,#1705,.T.);
#4696=EDGE_CURVE('',#3826,#3830,#1706,.T.);
#4697=EDGE_CURVE('',#3831,#3832,#1707,.T.);
#4698=EDGE_CURVE('',#3831,#3829,#1708,.T.);
#4699=EDGE_CURVE('',#3832,#3828,#1709,.T.);
#4700=EDGE_CURVE('',#3833,#3834,#1710,.T.);
#4701=EDGE_CURVE('',#3834,#3831,#3329,.T.);
#4702=EDGE_CURVE('',#3832,#3833,#3330,.T.);
#4703=EDGE_CURVE('',#3835,#3836,#3331,.T.);
#4704=EDGE_CURVE('',#3836,#3837,#1711,.T.);
#4705=EDGE_CURVE('',#3837,#3838,#3332,.T.);
#4706=EDGE_CURVE('',#3838,#3835,#1712,.T.);
#4707=EDGE_CURVE('',#3835,#3833,#1713,.T.);
#4708=EDGE_CURVE('',#3834,#3838,#1714,.T.);
#4709=EDGE_CURVE('',#3839,#3840,#1715,.T.);
#4710=EDGE_CURVE('',#3839,#3837,#1716,.T.);
#4711=EDGE_CURVE('',#3840,#3836,#1717,.T.);
#4712=EDGE_CURVE('',#3659,#3841,#1718,.T.);
#4713=EDGE_CURVE('',#3841,#3816,#1719,.T.);
#4714=EDGE_CURVE('',#3842,#3843,#1720,.T.);
#4715=EDGE_CURVE('',#3843,#3648,#1721,.T.);
#4716=EDGE_CURVE('',#3647,#3842,#1722,.T.);
#4717=EDGE_CURVE('',#3844,#3700,#1723,.T.);
#4718=EDGE_CURVE('',#3774,#3844,#1724,.T.);
#4719=EDGE_CURVE('',#3845,#3846,#1725,.T.);
#4720=EDGE_CURVE('',#3846,#3702,#1726,.T.);
#4721=EDGE_CURVE('',#3701,#3845,#1727,.T.);
#4722=EDGE_CURVE('',#3845,#3844,#1728,.T.);
#4723=EDGE_CURVE('',#3703,#3847,#1729,.T.);
#4724=EDGE_CURVE('',#3847,#3846,#1730,.T.);
#4725=EDGE_CURVE('',#3848,#3684,#1731,.T.);
#4726=EDGE_CURVE('',#3779,#3848,#1732,.T.);
#4727=EDGE_CURVE('',#3849,#3850,#1733,.T.);
#4728=EDGE_CURVE('',#3850,#3686,#1734,.T.);
#4729=EDGE_CURVE('',#3685,#3849,#1735,.T.);
#4730=EDGE_CURVE('',#3849,#3848,#1736,.T.);
#4731=EDGE_CURVE('',#3687,#3851,#1737,.T.);
#4732=EDGE_CURVE('',#3851,#3850,#1738,.T.);
#4733=EDGE_CURVE('',#3852,#3668,#1739,.T.);
#4734=EDGE_CURVE('',#3784,#3852,#1740,.T.);
#4735=EDGE_CURVE('',#3853,#3854,#1741,.T.);
#4736=EDGE_CURVE('',#3854,#3670,#1742,.T.);
#4737=EDGE_CURVE('',#3669,#3853,#1743,.T.);
#4738=EDGE_CURVE('',#3853,#3852,#1744,.T.);
#4739=EDGE_CURVE('',#3671,#3855,#1745,.T.);
#4740=EDGE_CURVE('',#3855,#3854,#1746,.T.);
#4741=EDGE_CURVE('',#3856,#3857,#1747,.T.);
#4742=EDGE_CURVE('',#3857,#3644,#1748,.T.);
#4743=EDGE_CURVE('',#3643,#3856,#1749,.T.);
#4744=EDGE_CURVE('',#3858,#3859,#1750,.T.);
#4745=EDGE_CURVE('',#3860,#3858,#1751,.T.);
#4746=EDGE_CURVE('',#3861,#3860,#1752,.T.);
#4747=EDGE_CURVE('',#3859,#3861,#1753,.T.);
#4748=EDGE_CURVE('',#3535,#3859,#1754,.T.);
#4749=EDGE_CURVE('',#3861,#3536,#1755,.T.);
#4750=EDGE_CURVE('',#3862,#3863,#1756,.T.);
#4751=EDGE_CURVE('',#3863,#3864,#3333,.T.);
#4752=EDGE_CURVE('',#3864,#3865,#1757,.T.);
#4753=EDGE_CURVE('',#3865,#3862,#3334,.T.);
#4754=EDGE_CURVE('',#3866,#3867,#3335,.T.);
#4755=EDGE_CURVE('',#3867,#3868,#1758,.T.);
#4756=EDGE_CURVE('',#3868,#3869,#3336,.T.);
#4757=EDGE_CURVE('',#3869,#3866,#1759,.T.);
#4758=EDGE_CURVE('',#3866,#3864,#1760,.T.);
#4759=EDGE_CURVE('',#3865,#3869,#1761,.T.);
#4760=EDGE_CURVE('',#3812,#3868,#1762,.T.);
#4761=EDGE_CURVE('',#3813,#3867,#1763,.T.);
#4762=EDGE_CURVE('',#3806,#3870,#3337,.T.);
#4763=EDGE_CURVE('',#3871,#3805,#3338,.T.);
#4764=EDGE_CURVE('',#3871,#3872,#1764,.T.);
#4765=EDGE_CURVE('',#3873,#3872,#3339,.T.);
#4766=EDGE_CURVE('',#3862,#3873,#1765,.T.);
#4767=EDGE_CURVE('',#3634,#3874,#3340,.T.);
#4768=EDGE_CURVE('',#3874,#3875,#1766,.T.);
#4769=EDGE_CURVE('',#3876,#3875,#3341,.T.);
#4770=EDGE_CURVE('',#3877,#3876,#1767,.T.);
#4771=EDGE_CURVE('',#3877,#3878,#3342,.T.);
#4772=EDGE_CURVE('',#3878,#3879,#1768,.T.);
#4773=EDGE_CURVE('',#3880,#3879,#3343,.T.);
#4774=EDGE_CURVE('',#3881,#3880,#1769,.T.);
#4775=EDGE_CURVE('',#3881,#3882,#3344,.T.);
#4776=EDGE_CURVE('',#3882,#3883,#1770,.T.);
#4777=EDGE_CURVE('',#3884,#3883,#3345,.T.);
#4778=EDGE_CURVE('',#3885,#3884,#1771,.T.);
#4779=EDGE_CURVE('',#3885,#3886,#3346,.T.);
#4780=EDGE_CURVE('',#3886,#3887,#1772,.T.);
#4781=EDGE_CURVE('',#3888,#3887,#3347,.T.);
#4782=EDGE_CURVE('',#3889,#3888,#1773,.T.);
#4783=EDGE_CURVE('',#3889,#3890,#3348,.T.);
#4784=EDGE_CURVE('',#3890,#3891,#1774,.T.);
#4785=EDGE_CURVE('',#3892,#3891,#3349,.T.);
#4786=EDGE_CURVE('',#3893,#3892,#1775,.T.);
#4787=EDGE_CURVE('',#3893,#3894,#3350,.T.);
#4788=EDGE_CURVE('',#3894,#3895,#1776,.T.);
#4789=EDGE_CURVE('',#3896,#3895,#3351,.T.);
#4790=EDGE_CURVE('',#3897,#3896,#1777,.T.);
#4791=EDGE_CURVE('',#3897,#3898,#3352,.T.);
#4792=EDGE_CURVE('',#3898,#3899,#1778,.T.);
#4793=EDGE_CURVE('',#3900,#3899,#3353,.T.);
#4794=EDGE_CURVE('',#3901,#3900,#1779,.T.);
#4795=EDGE_CURVE('',#3901,#3902,#3354,.T.);
#4796=EDGE_CURVE('',#3902,#3903,#1780,.T.);
#4797=EDGE_CURVE('',#3904,#3903,#3355,.T.);
#4798=EDGE_CURVE('',#3905,#3904,#1781,.T.);
#4799=EDGE_CURVE('',#3905,#3495,#3356,.T.);
#4800=EDGE_CURVE('',#3863,#3906,#1782,.T.);
#4801=EDGE_CURVE('',#3907,#3906,#3357,.T.);
#4802=EDGE_CURVE('',#3907,#3870,#1783,.T.);
#4803=EDGE_CURVE('',#3870,#3871,#1784,.T.);
#4804=EDGE_CURVE('',#3906,#3873,#1785,.T.);
#4805=EDGE_CURVE('',#3872,#3907,#1786,.T.);
#4806=EDGE_CURVE('',#3908,#3909,#1787,.T.);
#4807=EDGE_CURVE('',#3909,#3546,#1788,.T.);
#4808=EDGE_CURVE('',#3545,#3908,#1789,.T.);
#4809=EDGE_CURVE('',#3910,#3911,#1790,.T.);
#4810=EDGE_CURVE('',#3912,#3911,#1791,.T.);
#4811=EDGE_CURVE('',#3912,#3913,#1792,.T.);
#4812=EDGE_CURVE('',#3910,#3913,#1793,.T.);
#4813=EDGE_CURVE('',#3547,#3910,#1794,.T.);
#4814=EDGE_CURVE('',#3913,#3548,#1795,.T.);
#4815=EDGE_CURVE('',#3914,#3915,#1796,.T.);
#4816=EDGE_CURVE('',#3916,#3914,#1797,.T.);
#4817=EDGE_CURVE('',#3917,#3916,#1798,.T.);
#4818=EDGE_CURVE('',#3915,#3917,#1799,.T.);
#4819=EDGE_CURVE('',#3531,#3915,#1800,.T.);
#4820=EDGE_CURVE('',#3917,#3532,#1801,.T.);
#4821=EDGE_CURVE('',#3918,#3919,#1802,.T.);
#4822=EDGE_CURVE('',#3919,#3658,#1803,.T.);
#4823=EDGE_CURVE('',#3657,#3918,#1804,.T.);
#4824=EDGE_CURVE('',#3920,#3656,#1805,.T.);
#4825=EDGE_CURVE('',#3918,#3920,#1806,.T.);
#4826=EDGE_CURVE('',#3841,#3919,#1807,.T.);
#4827=EDGE_CURVE('',#3921,#3672,#1808,.T.);
#4828=EDGE_CURVE('',#3855,#3921,#1809,.T.);
#4829=EDGE_CURVE('',#3922,#3923,#1810,.T.);
#4830=EDGE_CURVE('',#3923,#3674,#1811,.T.);
#4831=EDGE_CURVE('',#3673,#3922,#1812,.T.);
#4832=EDGE_CURVE('',#3922,#3921,#1813,.T.);
#4833=EDGE_CURVE('',#3817,#3923,#1814,.T.);
#4834=EDGE_CURVE('',#3924,#3688,#1815,.T.);
#4835=EDGE_CURVE('',#3851,#3924,#1816,.T.);
#4836=EDGE_CURVE('',#3925,#3926,#1817,.T.);
#4837=EDGE_CURVE('',#3926,#3690,#1818,.T.);
#4838=EDGE_CURVE('',#3689,#3925,#1819,.T.);
#4839=EDGE_CURVE('',#3925,#3924,#1820,.T.);
#4840=EDGE_CURVE('',#3821,#3926,#1821,.T.);
#4841=EDGE_CURVE('',#3927,#3704,#1822,.T.);
#4842=EDGE_CURVE('',#3847,#3927,#1823,.T.);
#4843=EDGE_CURVE('',#3522,#3920,#1824,.T.);
#4844=EDGE_CURVE('',#3928,#3521,#1825,.T.);
#4845=EDGE_CURVE('',#3928,#3929,#1826,.T.);
#4846=EDGE_CURVE('',#3930,#3929,#1827,.T.);
#4847=EDGE_CURVE('',#3930,#3927,#1828,.T.);
#4848=EDGE_CURVE('',#3929,#3706,#1829,.T.);
#4849=EDGE_CURVE('',#3705,#3930,#1830,.T.);
#4850=EDGE_CURVE('',#3526,#3928,#1831,.T.);
#4851=EDGE_CURVE('',#3840,#3931,#3358,.T.);
#4852=EDGE_CURVE('',#3932,#3839,#3359,.T.);
#4853=EDGE_CURVE('',#3932,#3933,#1832,.T.);
#4854=EDGE_CURVE('',#3934,#3933,#3360,.T.);
#4855=EDGE_CURVE('',#3935,#3934,#1833,.T.);
#4856=EDGE_CURVE('',#3500,#3935,#3361,.T.);
#4857=EDGE_CURVE('',#3498,#3936,#3362,.T.);
#4858=EDGE_CURVE('',#3936,#3937,#1834,.T.);
#4859=EDGE_CURVE('',#3938,#3937,#3363,.T.);
#4860=EDGE_CURVE('',#3939,#3938,#1835,.T.);
#4861=EDGE_CURVE('',#3939,#3940,#3364,.T.);
#4862=EDGE_CURVE('',#3940,#3941,#1836,.T.);
#4863=EDGE_CURVE('',#3942,#3941,#3365,.T.);
#4864=EDGE_CURVE('',#3943,#3942,#1837,.T.);
#4865=EDGE_CURVE('',#3943,#3944,#3366,.T.);
#4866=EDGE_CURVE('',#3944,#3945,#1838,.T.);
#4867=EDGE_CURVE('',#3946,#3945,#3367,.T.);
#4868=EDGE_CURVE('',#3947,#3946,#1839,.T.);
#4869=EDGE_CURVE('',#3947,#3948,#3368,.T.);
#4870=EDGE_CURVE('',#3948,#3949,#1840,.T.);
#4871=EDGE_CURVE('',#3950,#3949,#3369,.T.);
#4872=EDGE_CURVE('',#3951,#3950,#1841,.T.);
#4873=EDGE_CURVE('',#3951,#3952,#3370,.T.);
#4874=EDGE_CURVE('',#3952,#3953,#1842,.T.);
#4875=EDGE_CURVE('',#3954,#3953,#3371,.T.);
#4876=EDGE_CURVE('',#3955,#3954,#1843,.T.);
#4877=EDGE_CURVE('',#3955,#3956,#3372,.T.);
#4878=EDGE_CURVE('',#3956,#3957,#1844,.T.);
#4879=EDGE_CURVE('',#3958,#3957,#3373,.T.);
#4880=EDGE_CURVE('',#3959,#3958,#1845,.T.);
#4881=EDGE_CURVE('',#3959,#3960,#3374,.T.);
#4882=EDGE_CURVE('',#3960,#3961,#1846,.T.);
#4883=EDGE_CURVE('',#3962,#3961,#3375,.T.);
#4884=EDGE_CURVE('',#3963,#3962,#1847,.T.);
#4885=EDGE_CURVE('',#3963,#3964,#3376,.T.);
#4886=EDGE_CURVE('',#3964,#3965,#1848,.T.);
#4887=EDGE_CURVE('',#3966,#3965,#3377,.T.);
#4888=EDGE_CURVE('',#3967,#3966,#1849,.T.);
#4889=EDGE_CURVE('',#3967,#3551,#3378,.T.);
#4890=EDGE_CURVE('',#3968,#3550,#3379,.T.);
#4891=EDGE_CURVE('',#3968,#3969,#1850,.T.);
#4892=EDGE_CURVE('',#3970,#3969,#3380,.T.);
#4893=EDGE_CURVE('',#3970,#3931,#1851,.T.);
#4894=EDGE_CURVE('',#3931,#3932,#1852,.T.);
#4895=EDGE_CURVE('',#3969,#3934,#1853,.T.);
#4896=EDGE_CURVE('',#3933,#3970,#1854,.T.);
#4897=EDGE_CURVE('',#3935,#3968,#1855,.T.);
#4898=EDGE_CURVE('',#3879,#3900,#1856,.T.);
#4899=EDGE_CURVE('',#3899,#3880,#1857,.T.);
#4900=EDGE_CURVE('',#3901,#3878,#1858,.T.);
#4901=EDGE_CURVE('',#3881,#3898,#1859,.T.);
#4902=EDGE_CURVE('',#3951,#3952,#1860,.T.);
#4903=EDGE_CURVE('',#3949,#3954,#1861,.T.);
#4904=EDGE_CURVE('',#3953,#3950,#1862,.T.);
#4905=EDGE_CURVE('',#3955,#3948,#1863,.T.);
#4906=EDGE_CURVE('',#3941,#3962,#1864,.T.);
#4907=EDGE_CURVE('',#3961,#3942,#1865,.T.);
#4908=EDGE_CURVE('',#3963,#3940,#1866,.T.);
#4909=EDGE_CURVE('',#3943,#3960,#1867,.T.);
#4910=EDGE_CURVE('',#3971,#3972,#1868,.T.);
#4911=EDGE_CURVE('',#3972,#3560,#1869,.T.);
#4912=EDGE_CURVE('',#3559,#3971,#1870,.T.);
#4913=EDGE_CURVE('',#3973,#3974,#1871,.T.);
#4914=EDGE_CURVE('',#3974,#3618,#1872,.T.);
#4915=EDGE_CURVE('',#3617,#3973,#1873,.T.);
#4916=EDGE_CURVE('',#3975,#3976,#1874,.T.);
#4917=EDGE_CURVE('',#3976,#3614,#1875,.T.);
#4918=EDGE_CURVE('',#3613,#3975,#1876,.T.);
#4919=EDGE_CURVE('',#3897,#3882,#1877,.T.);
#4920=EDGE_CURVE('',#3883,#3896,#1878,.T.);
#4921=EDGE_CURVE('',#3895,#3884,#1879,.T.);
#4922=EDGE_CURVE('',#3885,#3894,#1880,.T.);
#4923=EDGE_CURVE('',#3977,#3978,#1881,.T.);
#4924=EDGE_CURVE('',#3978,#3610,#1882,.T.);
#4925=EDGE_CURVE('',#3609,#3977,#1883,.T.);
#4926=EDGE_CURVE('',#3979,#3453,#1884,.T.);
#4927=EDGE_CURVE('',#3493,#3979,#1885,.T.);
#4928=EDGE_CURVE('',#3980,#3981,#1886,.T.);
#4929=EDGE_CURVE('',#3981,#3592,#1887,.T.);
#4930=EDGE_CURVE('',#3591,#3980,#1888,.T.);
#4931=EDGE_CURVE('',#3982,#3461,#1889,.T.);
#4932=EDGE_CURVE('',#3595,#3982,#1890,.T.);
#4933=EDGE_CURVE('',#3983,#3984,#1891,.T.);
#4934=EDGE_CURVE('',#3984,#3598,#1892,.T.);
#4935=EDGE_CURVE('',#3597,#3983,#1893,.T.);
#4936=EDGE_CURVE('',#3877,#3902,#1894,.T.);
#4937=EDGE_CURVE('',#3875,#3904,#1895,.T.);
#4938=EDGE_CURVE('',#3903,#3876,#1896,.T.);
#4939=EDGE_CURVE('',#3905,#3874,#1897,.T.);
#4940=EDGE_CURVE('',#3985,#3986,#1898,.T.);
#4941=EDGE_CURVE('',#3986,#3630,#1899,.T.);
#4942=EDGE_CURVE('',#3629,#3985,#1900,.T.);
#4943=EDGE_CURVE('',#3987,#3988,#1901,.T.);
#4944=EDGE_CURVE('',#3988,#3572,#1902,.T.);
#4945=EDGE_CURVE('',#3571,#3987,#1903,.T.);
#4946=EDGE_CURVE('',#3989,#3990,#1904,.T.);
#4947=EDGE_CURVE('',#3990,#3556,#1905,.T.);
#4948=EDGE_CURVE('',#3555,#3989,#1906,.T.);
#4949=EDGE_CURVE('',#3959,#3944,#1907,.T.);
#4950=EDGE_CURVE('',#3947,#3956,#1908,.T.);
#4951=EDGE_CURVE('',#3945,#3958,#1909,.T.);
#4952=EDGE_CURVE('',#3957,#3946,#1910,.T.);
#4953=EDGE_CURVE('',#3499,#3991,#1911,.T.);
#4954=EDGE_CURVE('',#3991,#3552,#1912,.T.);
#4955=EDGE_CURVE('',#3967,#3936,#1913,.T.);
#4956=EDGE_CURVE('',#3939,#3964,#1914,.T.);
#4957=EDGE_CURVE('',#3937,#3966,#1915,.T.);
#4958=EDGE_CURVE('',#3965,#3938,#1916,.T.);
#4959=EDGE_CURVE('',#3992,#3993,#1917,.T.);
#4960=EDGE_CURVE('',#3993,#3568,#1918,.T.);
#4961=EDGE_CURVE('',#3567,#3992,#1919,.T.);
#4962=EDGE_CURVE('',#3994,#3995,#1920,.T.);
#4963=EDGE_CURVE('',#3995,#3564,#1921,.T.);
#4964=EDGE_CURVE('',#3563,#3994,#1922,.T.);
#4965=EDGE_CURVE('',#3996,#3997,#1923,.T.);
#4966=EDGE_CURVE('',#3997,#3626,#1924,.T.);
#4967=EDGE_CURVE('',#3625,#3996,#1925,.T.);
#4968=EDGE_CURVE('',#3998,#3999,#1926,.T.);
#4969=EDGE_CURVE('',#3999,#3622,#1927,.T.);
#4970=EDGE_CURVE('',#3621,#3998,#1928,.T.);
#4971=EDGE_CURVE('',#4000,#4001,#1929,.T.);
#4972=EDGE_CURVE('',#4001,#3580,#1930,.T.);
#4973=EDGE_CURVE('',#3579,#4000,#1931,.T.);
#4974=EDGE_CURVE('',#4002,#4003,#1932,.T.);
#4975=EDGE_CURVE('',#4003,#3576,#1933,.T.);
#4976=EDGE_CURVE('',#3575,#4002,#1934,.T.);
#4977=EDGE_CURVE('',#3893,#3886,#1935,.T.);
#4978=EDGE_CURVE('',#3889,#3890,#1936,.T.);
#4979=EDGE_CURVE('',#3887,#3892,#1937,.T.);
#4980=EDGE_CURVE('',#3891,#3888,#1938,.T.);
#4981=EDGE_CURVE('',#4004,#4005,#1939,.T.);
#4982=EDGE_CURVE('',#4005,#3606,#1940,.T.);
#4983=EDGE_CURVE('',#3605,#4004,#1941,.T.);
#4984=EDGE_CURVE('',#4006,#4007,#1942,.T.);
#4985=EDGE_CURVE('',#4007,#3602,#1943,.T.);
#4986=EDGE_CURVE('',#3601,#4006,#1944,.T.);
#4987=EDGE_CURVE('',#4008,#3446,#1945,.T.);
#4988=EDGE_CURVE('',#3490,#4008,#1946,.T.);
#4989=EDGE_CURVE('',#4009,#3443,#1947,.T.);
#4990=EDGE_CURVE('',#3492,#4009,#1948,.T.);
#4991=EDGE_CURVE('',#4010,#4011,#1949,.T.);
#4992=EDGE_CURVE('',#4011,#3588,#1950,.T.);
#4993=EDGE_CURVE('',#3587,#4010,#1951,.T.);
#4994=EDGE_CURVE('',#4012,#4013,#1952,.T.);
#4995=EDGE_CURVE('',#4013,#3584,#1953,.T.);
#4996=EDGE_CURVE('',#3583,#4012,#1954,.T.);
#4997=EDGE_CURVE('',#4014,#3501,#1955,.T.);
#4998=EDGE_CURVE('',#3549,#4014,#1956,.T.);
#4999=EDGE_CURVE('',#4015,#4016,#1957,.T.);
#5000=EDGE_CURVE('',#4016,#3542,#1958,.T.);
#5001=EDGE_CURVE('',#3541,#4015,#1959,.T.);
#5002=EDGE_CURVE('',#4017,#4018,#1960,.T.);
#5003=EDGE_CURVE('',#4018,#3538,#1961,.T.);
#5004=EDGE_CURVE('',#3537,#4017,#1962,.T.);
#5005=EDGE_CURVE('',#4019,#4020,#1963,.T.);
#5006=EDGE_CURVE('',#4020,#3534,#1964,.T.);
#5007=EDGE_CURVE('',#3533,#4019,#1965,.T.);
#5008=EDGE_CURVE('',#4021,#4022,#1966,.T.);
#5009=EDGE_CURVE('',#4022,#3530,#1967,.T.);
#5010=EDGE_CURVE('',#3529,#4021,#1968,.T.);
#5011=EDGE_CURVE('',#4023,#4024,#1969,.T.);
#5012=EDGE_CURVE('',#4024,#3525,#1970,.T.);
#5013=EDGE_CURVE('',#3763,#4023,#1971,.T.);
#5014=EDGE_CURVE('',#4025,#4026,#1972,.T.);
#5015=EDGE_CURVE('',#4026,#3760,#1973,.T.);
#5016=EDGE_CURVE('',#3759,#4025,#1974,.T.);
#5017=EDGE_CURVE('',#4027,#4028,#1975,.T.);
#5018=EDGE_CURVE('',#4028,#3756,#1976,.T.);
#5019=EDGE_CURVE('',#3755,#4027,#1977,.T.);
#5020=EDGE_CURVE('',#4029,#4030,#1978,.T.);
#5021=EDGE_CURVE('',#4030,#3752,#1979,.T.);
#5022=EDGE_CURVE('',#3751,#4029,#1980,.T.);
#5023=EDGE_CURVE('',#4031,#4032,#1981,.T.);
#5024=EDGE_CURVE('',#4032,#3748,#1982,.T.);
#5025=EDGE_CURVE('',#3747,#4031,#1983,.T.);
#5026=EDGE_CURVE('',#4033,#4034,#1984,.T.);
#5027=EDGE_CURVE('',#4034,#3744,#1985,.T.);
#5028=EDGE_CURVE('',#3743,#4033,#1986,.T.);
#5029=EDGE_CURVE('',#4035,#4036,#1987,.T.);
#5030=EDGE_CURVE('',#4036,#3740,#1988,.T.);
#5031=EDGE_CURVE('',#3739,#4035,#1989,.T.);
#5032=EDGE_CURVE('',#4037,#4038,#1990,.T.);
#5033=EDGE_CURVE('',#4038,#3736,#1991,.T.);
#5034=EDGE_CURVE('',#3735,#4037,#1992,.T.);
#5035=EDGE_CURVE('',#4039,#4040,#1993,.T.);
#5036=EDGE_CURVE('',#4040,#3732,#1994,.T.);
#5037=EDGE_CURVE('',#3731,#4039,#1995,.T.);
#5038=EDGE_CURVE('',#4041,#3494,#1996,.T.);
#5039=EDGE_CURVE('',#3633,#4041,#1997,.T.);
#5040=EDGE_CURVE('',#4042,#4043,#1998,.T.);
#5041=EDGE_CURVE('',#4043,#3728,#1999,.T.);
#5042=EDGE_CURVE('',#3727,#4042,#2000,.T.);
#5043=EDGE_CURVE('',#4044,#4045,#2001,.T.);
#5044=EDGE_CURVE('',#4045,#3724,#2002,.T.);
#5045=EDGE_CURVE('',#3723,#4044,#2003,.T.);
#5046=EDGE_CURVE('',#4046,#4047,#2004,.T.);
#5047=EDGE_CURVE('',#4047,#3720,#2005,.T.);
#5048=EDGE_CURVE('',#3719,#4046,#2006,.T.);
#5049=EDGE_CURVE('',#4048,#4049,#2007,.T.);
#5050=EDGE_CURVE('',#4049,#3715,#2008,.T.);
#5051=EDGE_CURVE('',#3716,#4048,#2009,.T.);
#5052=EDGE_CURVE('',#4050,#4051,#2010,.T.);
#5053=EDGE_CURVE('',#4051,#3764,#2011,.T.);
#5054=EDGE_CURVE('',#3655,#4050,#2012,.T.);
#5055=EDGE_CURVE('',#4052,#3510,#2013,.T.);
#5056=EDGE_CURVE('',#3524,#4052,#2014,.T.);
#5057=EDGE_CURVE('',#3436,#4052,#2015,.T.);
#5058=EDGE_CURVE('',#4053,#4050,#2016,.T.);
#5059=EDGE_CURVE('',#4053,#3654,#2017,.T.);
#5060=EDGE_CURVE('',#3769,#4053,#2018,.T.);
#5061=EDGE_CURVE('',#4054,#3767,#2019,.T.);
#5062=EDGE_CURVE('',#4054,#3650,#2020,.T.);
#5063=EDGE_CURVE('',#4051,#4055,#2021,.T.);
#5064=EDGE_CURVE('',#3765,#4055,#2022,.T.);
#5065=EDGE_CURVE('',#3843,#4056,#2023,.T.);
#5066=EDGE_CURVE('',#3649,#4056,#2024,.T.);
#5067=EDGE_CURVE('',#4056,#4054,#2025,.T.);
#5068=EDGE_CURVE('',#4057,#4048,#2026,.T.);
#5069=EDGE_CURVE('',#4057,#3766,#2027,.T.);
#5070=EDGE_CURVE('',#4055,#4057,#2028,.T.);
#5071=EDGE_CURVE('',#4049,#4058,#2029,.T.);
#5072=EDGE_CURVE('',#3717,#4058,#2030,.T.);
#5073=EDGE_CURVE('',#4059,#4046,#2031,.T.);
#5074=EDGE_CURVE('',#4059,#3718,#2032,.T.);
#5075=EDGE_CURVE('',#4058,#4059,#2033,.T.);
#5076=EDGE_CURVE('',#4060,#3842,#2034,.T.);
#5077=EDGE_CURVE('',#4060,#3646,#2035,.T.);
#5078=EDGE_CURVE('',#4047,#4061,#2036,.T.);
#5079=EDGE_CURVE('',#3721,#4061,#2037,.T.);
#5080=EDGE_CURVE('',#3857,#4062,#2038,.T.);
#5081=EDGE_CURVE('',#3645,#4062,#2039,.T.);
#5082=EDGE_CURVE('',#4062,#4060,#2040,.T.);
#5083=EDGE_CURVE('',#4063,#4044,#2041,.T.);
#5084=EDGE_CURVE('',#4063,#3722,#2042,.T.);
#5085=EDGE_CURVE('',#4061,#4063,#2043,.T.);
#5086=EDGE_CURVE('',#4045,#4064,#2044,.T.);
#5087=EDGE_CURVE('',#3725,#4064,#2045,.T.);
#5088=EDGE_CURVE('',#4065,#4042,#2046,.T.);
#5089=EDGE_CURVE('',#4065,#3726,#2047,.T.);
#5090=EDGE_CURVE('',#4064,#4065,#2048,.T.);
#5091=EDGE_CURVE('',#4066,#3856,#2049,.T.);
#5092=EDGE_CURVE('',#4066,#3642,#2050,.T.);
#5093=EDGE_CURVE('',#4043,#4067,#2051,.T.);
#5094=EDGE_CURVE('',#3729,#4067,#2052,.T.);
#5095=EDGE_CURVE('',#3786,#4068,#2053,.T.);
#5096=EDGE_CURVE('',#3641,#4068,#2054,.T.);
#5097=EDGE_CURVE('',#4068,#4066,#2055,.T.);
#5098=EDGE_CURVE('',#4069,#4039,#2056,.T.);
#5099=EDGE_CURVE('',#4069,#3730,#2057,.T.);
#5100=EDGE_CURVE('',#4067,#4069,#2058,.T.);
#5101=EDGE_CURVE('',#4040,#4070,#2059,.T.);
#5102=EDGE_CURVE('',#3733,#4070,#2060,.T.);
#5103=EDGE_CURVE('',#4071,#3785,#2061,.T.);
#5104=EDGE_CURVE('',#4071,#3638,#2062,.T.);
#5105=EDGE_CURVE('',#4072,#4037,#2063,.T.);
#5106=EDGE_CURVE('',#4072,#3734,#2064,.T.);
#5107=EDGE_CURVE('',#4070,#4072,#2065,.T.);
#5108=EDGE_CURVE('',#3811,#4073,#2066,.T.);
#5109=EDGE_CURVE('',#3637,#4073,#2067,.T.);
#5110=EDGE_CURVE('',#4073,#4071,#2068,.T.);
#5111=EDGE_CURVE('',#4038,#4074,#2069,.T.);
#5112=EDGE_CURVE('',#3737,#4074,#2070,.T.);
#5113=EDGE_CURVE('',#4075,#4035,#2071,.T.);
#5114=EDGE_CURVE('',#4075,#3738,#2072,.T.);
#5115=EDGE_CURVE('',#4074,#4075,#2073,.T.);
#5116=EDGE_CURVE('',#4036,#4076,#2074,.T.);
#5117=EDGE_CURVE('',#3741,#4076,#2075,.T.);
#5118=EDGE_CURVE('',#4077,#4033,#2076,.T.);
#5119=EDGE_CURVE('',#4077,#3742,#2077,.T.);
#5120=EDGE_CURVE('',#4076,#4077,#2078,.T.);
#5121=EDGE_CURVE('',#4034,#4078,#2079,.T.);
#5122=EDGE_CURVE('',#3745,#4078,#2080,.T.);
#5123=EDGE_CURVE('',#4079,#4031,#2081,.T.);
#5124=EDGE_CURVE('',#4079,#3746,#2082,.T.);
#5125=EDGE_CURVE('',#4078,#4079,#2083,.T.);
#5126=EDGE_CURVE('',#4032,#4080,#2084,.T.);
#5127=EDGE_CURVE('',#3749,#4080,#2085,.T.);
#5128=EDGE_CURVE('',#4081,#4029,#2086,.T.);
#5129=EDGE_CURVE('',#4081,#3750,#2087,.T.);
#5130=EDGE_CURVE('',#4080,#4081,#2088,.T.);
#5131=EDGE_CURVE('',#4030,#4082,#2089,.T.);
#5132=EDGE_CURVE('',#3753,#4082,#2090,.T.);
#5133=EDGE_CURVE('',#4083,#4027,#2091,.T.);
#5134=EDGE_CURVE('',#4083,#3754,#2092,.T.);
#5135=EDGE_CURVE('',#4082,#4083,#2093,.T.);
#5136=EDGE_CURVE('',#4028,#4084,#2094,.T.);
#5137=EDGE_CURVE('',#3757,#4084,#2095,.T.);
#5138=EDGE_CURVE('',#4085,#4025,#2096,.T.);
#5139=EDGE_CURVE('',#4085,#3758,#2097,.T.);
#5140=EDGE_CURVE('',#4084,#4085,#2098,.T.);
#5141=EDGE_CURVE('',#4026,#4086,#2099,.T.);
#5142=EDGE_CURVE('',#3761,#4086,#2100,.T.);
#5143=EDGE_CURVE('',#4087,#4023,#2101,.T.);
#5144=EDGE_CURVE('',#4087,#3762,#2102,.T.);
#5145=EDGE_CURVE('',#4086,#4087,#2103,.T.);
#5146=EDGE_CURVE('',#4024,#4088,#2104,.T.);
#5147=EDGE_CURVE('',#3527,#4088,#2105,.T.);
#5148=EDGE_CURVE('',#4089,#4021,#2106,.T.);
#5149=EDGE_CURVE('',#4089,#3528,#2107,.T.);
#5150=EDGE_CURVE('',#4088,#4089,#2108,.T.);
#5151=EDGE_CURVE('',#4022,#4090,#2109,.T.);
#5152=EDGE_CURVE('',#3914,#4090,#2110,.T.);
#5153=EDGE_CURVE('',#4091,#4019,#2111,.T.);
#5154=EDGE_CURVE('',#4091,#3916,#2112,.T.);
#5155=EDGE_CURVE('',#4090,#4091,#2113,.T.);
#5156=EDGE_CURVE('',#4020,#4092,#2114,.T.);
#5157=EDGE_CURVE('',#3858,#4092,#2115,.T.);
#5158=EDGE_CURVE('',#4093,#4017,#2116,.T.);
#5159=EDGE_CURVE('',#4093,#3860,#2117,.T.);
#5160=EDGE_CURVE('',#4092,#4093,#2118,.T.);
#5161=EDGE_CURVE('',#4018,#4094,#2119,.T.);
#5162=EDGE_CURVE('',#3787,#4094,#2120,.T.);
#5163=EDGE_CURVE('',#4095,#4015,#2121,.T.);
#5164=EDGE_CURVE('',#4095,#3789,#2122,.T.);
#5165=EDGE_CURVE('',#4094,#4095,#2123,.T.);
#5166=EDGE_CURVE('',#4016,#4096,#2124,.T.);
#5167=EDGE_CURVE('',#3807,#4096,#2125,.T.);
#5168=EDGE_CURVE('',#4097,#3908,#2126,.T.);
#5169=EDGE_CURVE('',#4097,#3809,#2127,.T.);
#5170=EDGE_CURVE('',#4096,#4097,#2128,.T.);
#5171=EDGE_CURVE('',#3909,#4098,#2129,.T.);
#5172=EDGE_CURVE('',#3911,#4098,#2130,.T.);
#5173=EDGE_CURVE('',#4098,#4099,#2131,.T.);
#5174=EDGE_CURVE('',#4099,#3912,#2132,.T.);
#5175=EDGE_CURVE('',#4099,#4014,#2133,.T.);
#5176=EDGE_CURVE('',#4100,#4041,#2134,.T.);
#5177=EDGE_CURVE('',#4101,#4100,#2135,.T.);
#5178=EDGE_CURVE('',#3986,#4101,#2136,.T.);
#5179=EDGE_CURVE('',#4102,#3985,#2137,.T.);
#5180=EDGE_CURVE('',#4103,#4102,#2138,.T.);
#5181=EDGE_CURVE('',#3997,#4103,#2139,.T.);
#5182=EDGE_CURVE('',#4104,#3996,#2140,.T.);
#5183=EDGE_CURVE('',#4105,#4104,#2141,.T.);
#5184=EDGE_CURVE('',#3999,#4105,#2142,.T.);
#5185=EDGE_CURVE('',#4106,#3998,#2143,.T.);
#5186=EDGE_CURVE('',#4107,#4106,#2144,.T.);
#5187=EDGE_CURVE('',#3974,#4107,#2145,.T.);
#5188=EDGE_CURVE('',#4108,#3973,#2146,.T.);
#5189=EDGE_CURVE('',#4109,#4108,#2147,.T.);
#5190=EDGE_CURVE('',#3976,#4109,#2148,.T.);
#5191=EDGE_CURVE('',#4110,#3975,#2149,.T.);
#5192=EDGE_CURVE('',#4111,#4110,#2150,.T.);
#5193=EDGE_CURVE('',#3978,#4111,#2151,.T.);
#5194=EDGE_CURVE('',#4112,#3977,#2152,.T.);
#5195=EDGE_CURVE('',#4113,#4112,#2153,.T.);
#5196=EDGE_CURVE('',#4005,#4113,#2154,.T.);
#5197=EDGE_CURVE('',#4114,#4004,#2155,.T.);
#5198=EDGE_CURVE('',#4115,#4114,#2156,.T.);
#5199=EDGE_CURVE('',#4007,#4115,#2157,.T.);
#5200=EDGE_CURVE('',#4116,#4006,#2158,.T.);
#5201=EDGE_CURVE('',#4117,#4116,#2159,.T.);
#5202=EDGE_CURVE('',#3984,#4117,#2160,.T.);
#5203=EDGE_CURVE('',#4118,#3983,#2161,.T.);
#5204=EDGE_CURVE('',#3454,#4118,#2162,.T.);
#5205=EDGE_CURVE('',#3481,#3979,#2163,.T.);
#5206=EDGE_CURVE('',#3440,#4009,#2164,.T.);
#5207=EDGE_CURVE('',#3476,#4008,#2165,.T.);
#5208=EDGE_CURVE('',#4119,#3982,#2166,.T.);
#5209=EDGE_CURVE('',#4120,#4119,#2167,.T.);
#5210=EDGE_CURVE('',#3981,#4120,#2168,.T.);
#5211=EDGE_CURVE('',#4121,#3980,#2169,.T.);
#5212=EDGE_CURVE('',#4122,#4121,#2170,.T.);
#5213=EDGE_CURVE('',#4011,#4122,#2171,.T.);
#5214=EDGE_CURVE('',#4123,#4010,#2172,.T.);
#5215=EDGE_CURVE('',#4124,#4123,#2173,.T.);
#5216=EDGE_CURVE('',#4013,#4124,#2174,.T.);
#5217=EDGE_CURVE('',#4125,#4012,#2175,.T.);
#5218=EDGE_CURVE('',#4126,#4125,#2176,.T.);
#5219=EDGE_CURVE('',#4001,#4126,#2177,.T.);
#5220=EDGE_CURVE('',#4127,#4000,#2178,.T.);
#5221=EDGE_CURVE('',#4128,#4127,#2179,.T.);
#5222=EDGE_CURVE('',#4003,#4128,#2180,.T.);
#5223=EDGE_CURVE('',#4129,#4002,#2181,.T.);
#5224=EDGE_CURVE('',#4130,#4129,#2182,.T.);
#5225=EDGE_CURVE('',#3988,#4130,#2183,.T.);
#5226=EDGE_CURVE('',#4131,#3987,#2184,.T.);
#5227=EDGE_CURVE('',#4132,#4131,#2185,.T.);
#5228=EDGE_CURVE('',#3993,#4132,#2186,.T.);
#5229=EDGE_CURVE('',#4133,#3992,#2187,.T.);
#5230=EDGE_CURVE('',#4134,#4133,#2188,.T.);
#5231=EDGE_CURVE('',#3995,#4134,#2189,.T.);
#5232=EDGE_CURVE('',#4135,#3994,#2190,.T.);
#5233=EDGE_CURVE('',#4136,#4135,#2191,.T.);
#5234=EDGE_CURVE('',#3972,#4136,#2192,.T.);
#5235=EDGE_CURVE('',#4137,#3971,#2193,.T.);
#5236=EDGE_CURVE('',#4138,#4137,#2194,.T.);
#5237=EDGE_CURVE('',#3990,#4138,#2195,.T.);
#5238=EDGE_CURVE('',#4139,#3989,#2196,.T.);
#5239=EDGE_CURVE('',#4140,#4139,#2197,.T.);
#5240=EDGE_CURVE('',#3991,#4140,#2198,.T.);
#5241=EDGE_CURVE('',#4100,#3632,#2199,.T.);
#5242=EDGE_CURVE('',#3631,#4101,#2200,.T.);
#5243=EDGE_CURVE('',#4102,#3628,#2201,.T.);
#5244=EDGE_CURVE('',#3627,#4103,#2202,.T.);
#5245=EDGE_CURVE('',#4104,#3624,#2203,.T.);
#5246=EDGE_CURVE('',#3623,#4105,#2204,.T.);
#5247=EDGE_CURVE('',#4106,#3620,#2205,.T.);
#5248=EDGE_CURVE('',#3619,#4107,#2206,.T.);
#5249=EDGE_CURVE('',#4108,#3616,#2207,.T.);
#5250=EDGE_CURVE('',#3615,#4109,#2208,.T.);
#5251=EDGE_CURVE('',#4110,#3612,#2209,.T.);
#5252=EDGE_CURVE('',#3611,#4111,#2210,.T.);
#5253=EDGE_CURVE('',#4112,#3608,#2211,.T.);
#5254=EDGE_CURVE('',#3607,#4113,#2212,.T.);
#5255=EDGE_CURVE('',#4114,#3604,#2213,.T.);
#5256=EDGE_CURVE('',#3603,#4115,#2214,.T.);
#5257=EDGE_CURVE('',#4116,#3600,#2215,.T.);
#5258=EDGE_CURVE('',#3599,#4117,#2216,.T.);
#5259=EDGE_CURVE('',#4118,#3596,#2217,.T.);
#5260=EDGE_CURVE('',#4119,#3594,#2218,.T.);
#5261=EDGE_CURVE('',#3593,#4120,#2219,.T.);
#5262=EDGE_CURVE('',#4121,#3590,#2220,.T.);
#5263=EDGE_CURVE('',#3589,#4122,#2221,.T.);
#5264=EDGE_CURVE('',#4123,#3586,#2222,.T.);
#5265=EDGE_CURVE('',#3585,#4124,#2223,.T.);
#5266=EDGE_CURVE('',#4125,#3582,#2224,.T.);
#5267=EDGE_CURVE('',#3553,#4140,#2225,.T.);
#5268=EDGE_CURVE('',#3581,#4126,#2226,.T.);
#5269=EDGE_CURVE('',#4139,#3554,#2227,.T.);
#5270=EDGE_CURVE('',#4127,#3578,#2228,.T.);
#5271=EDGE_CURVE('',#3557,#4138,#2229,.T.);
#5272=EDGE_CURVE('',#3577,#4128,#2230,.T.);
#5273=EDGE_CURVE('',#4137,#3558,#2231,.T.);
#5274=EDGE_CURVE('',#4129,#3574,#2232,.T.);
#5275=EDGE_CURVE('',#3561,#4136,#2233,.T.);
#5276=EDGE_CURVE('',#3573,#4130,#2234,.T.);
#5277=EDGE_CURVE('',#4135,#3562,#2235,.T.);
#5278=EDGE_CURVE('',#4131,#3570,#2236,.T.);
#5279=EDGE_CURVE('',#3565,#4134,#2237,.T.);
#5280=EDGE_CURVE('',#3569,#4132,#2238,.T.);
#5281=EDGE_CURVE('',#4133,#3566,#2239,.T.);
#5282=ORIENTED_EDGE('',*,*,#4141,.F.);
#5283=ORIENTED_EDGE('',*,*,#4142,.T.);
#5284=ORIENTED_EDGE('',*,*,#4143,.T.);
#5285=ORIENTED_EDGE('',*,*,#4142,.F.);
#5286=ORIENTED_EDGE('',*,*,#4143,.F.);
#5287=ORIENTED_EDGE('',*,*,#4144,.F.);
#5288=ORIENTED_EDGE('',*,*,#4145,.T.);
#5289=ORIENTED_EDGE('',*,*,#4146,.T.);
#5290=ORIENTED_EDGE('',*,*,#4145,.F.);
#5291=ORIENTED_EDGE('',*,*,#4146,.F.);
#5292=ORIENTED_EDGE('',*,*,#4147,.F.);
#5293=ORIENTED_EDGE('',*,*,#4148,.T.);
#5294=ORIENTED_EDGE('',*,*,#4149,.T.);
#5295=ORIENTED_EDGE('',*,*,#4148,.F.);
#5296=ORIENTED_EDGE('',*,*,#4149,.F.);
#5297=ORIENTED_EDGE('',*,*,#4150,.F.);
#5298=ORIENTED_EDGE('',*,*,#4151,.T.);
#5299=ORIENTED_EDGE('',*,*,#4152,.T.);
#5300=ORIENTED_EDGE('',*,*,#4151,.F.);
#5301=ORIENTED_EDGE('',*,*,#4152,.F.);
#5302=ORIENTED_EDGE('',*,*,#4153,.F.);
#5303=ORIENTED_EDGE('',*,*,#4154,.F.);
#5304=ORIENTED_EDGE('',*,*,#4155,.F.);
#5305=ORIENTED_EDGE('',*,*,#4156,.F.);
#5306=ORIENTED_EDGE('',*,*,#4157,.F.);
#5307=ORIENTED_EDGE('',*,*,#4156,.T.);
#5308=ORIENTED_EDGE('',*,*,#4158,.F.);
#5309=ORIENTED_EDGE('',*,*,#4159,.F.);
#5310=ORIENTED_EDGE('',*,*,#4160,.F.);
#5311=ORIENTED_EDGE('',*,*,#4161,.F.);
#5312=ORIENTED_EDGE('',*,*,#4158,.T.);
#5313=ORIENTED_EDGE('',*,*,#4155,.T.);
#5314=ORIENTED_EDGE('',*,*,#4150,.T.);
#5315=ORIENTED_EDGE('',*,*,#4160,.T.);
#5316=ORIENTED_EDGE('',*,*,#4154,.T.);
#5317=ORIENTED_EDGE('',*,*,#4162,.T.);
#5318=ORIENTED_EDGE('',*,*,#4163,.T.);
#5319=ORIENTED_EDGE('',*,*,#4164,.T.);
#5320=ORIENTED_EDGE('',*,*,#4165,.T.);
#5321=ORIENTED_EDGE('',*,*,#4166,.T.);
#5322=ORIENTED_EDGE('',*,*,#4167,.T.);
#5323=ORIENTED_EDGE('',*,*,#4168,.F.);
#5324=ORIENTED_EDGE('',*,*,#4169,.F.);
#5325=ORIENTED_EDGE('',*,*,#4170,.F.);
#5326=ORIENTED_EDGE('',*,*,#4171,.F.);
#5327=ORIENTED_EDGE('',*,*,#4172,.F.);
#5328=ORIENTED_EDGE('',*,*,#4171,.T.);
#5329=ORIENTED_EDGE('',*,*,#4173,.F.);
#5330=ORIENTED_EDGE('',*,*,#4163,.F.);
#5331=ORIENTED_EDGE('',*,*,#4173,.T.);
#5332=ORIENTED_EDGE('',*,*,#4170,.T.);
#5333=ORIENTED_EDGE('',*,*,#4174,.F.);
#5334=ORIENTED_EDGE('',*,*,#4164,.F.);
#5335=ORIENTED_EDGE('',*,*,#4147,.T.);
#5336=ORIENTED_EDGE('',*,*,#4174,.T.);
#5337=ORIENTED_EDGE('',*,*,#4169,.T.);
#5338=ORIENTED_EDGE('',*,*,#4175,.T.);
#5339=ORIENTED_EDGE('',*,*,#4176,.T.);
#5340=ORIENTED_EDGE('',*,*,#4177,.T.);
#5341=ORIENTED_EDGE('',*,*,#4178,.T.);
#5342=ORIENTED_EDGE('',*,*,#4179,.T.);
#5343=ORIENTED_EDGE('',*,*,#4165,.F.);
#5344=ORIENTED_EDGE('',*,*,#4180,.T.);
#5345=ORIENTED_EDGE('',*,*,#4181,.T.);
#5346=ORIENTED_EDGE('',*,*,#4182,.T.);
#5347=ORIENTED_EDGE('',*,*,#4183,.T.);
#5348=ORIENTED_EDGE('',*,*,#4157,.T.);
#5349=ORIENTED_EDGE('',*,*,#4184,.F.);
#5350=ORIENTED_EDGE('',*,*,#4185,.F.);
#5351=ORIENTED_EDGE('',*,*,#4186,.F.);
#5352=ORIENTED_EDGE('',*,*,#4187,.T.);
#5353=ORIENTED_EDGE('',*,*,#4188,.T.);
#5354=ORIENTED_EDGE('',*,*,#4189,.F.);
#5355=ORIENTED_EDGE('',*,*,#4190,.T.);
#5356=ORIENTED_EDGE('',*,*,#4191,.T.);
#5357=ORIENTED_EDGE('',*,*,#4175,.F.);
#5358=ORIENTED_EDGE('',*,*,#4168,.T.);
#5359=ORIENTED_EDGE('',*,*,#4172,.T.);
#5360=ORIENTED_EDGE('',*,*,#4162,.F.);
#5361=ORIENTED_EDGE('',*,*,#4153,.T.);
#5362=ORIENTED_EDGE('',*,*,#4187,.F.);
#5363=ORIENTED_EDGE('',*,*,#4192,.F.);
#5364=ORIENTED_EDGE('',*,*,#4193,.F.);
#5365=ORIENTED_EDGE('',*,*,#4194,.F.);
#5366=ORIENTED_EDGE('',*,*,#4188,.F.);
#5367=ORIENTED_EDGE('',*,*,#4194,.T.);
#5368=ORIENTED_EDGE('',*,*,#4195,.F.);
#5369=ORIENTED_EDGE('',*,*,#4196,.F.);
#5370=ORIENTED_EDGE('',*,*,#4195,.T.);
#5371=ORIENTED_EDGE('',*,*,#4193,.T.);
#5372=ORIENTED_EDGE('',*,*,#4197,.F.);
#5373=ORIENTED_EDGE('',*,*,#4198,.F.);
#5374=ORIENTED_EDGE('',*,*,#4144,.T.);
#5375=ORIENTED_EDGE('',*,*,#4196,.T.);
#5376=ORIENTED_EDGE('',*,*,#4198,.T.);
#5377=ORIENTED_EDGE('',*,*,#4199,.T.);
#5378=ORIENTED_EDGE('',*,*,#4200,.T.);
#5379=ORIENTED_EDGE('',*,*,#4178,.F.);
#5380=ORIENTED_EDGE('',*,*,#4201,.T.);
#5381=ORIENTED_EDGE('',*,*,#4202,.T.);
#5382=ORIENTED_EDGE('',*,*,#4189,.T.);
#5383=ORIENTED_EDGE('',*,*,#4190,.F.);
#5384=ORIENTED_EDGE('',*,*,#4202,.F.);
#5385=ORIENTED_EDGE('',*,*,#4203,.F.);
#5386=ORIENTED_EDGE('',*,*,#4204,.F.);
#5387=ORIENTED_EDGE('',*,*,#4191,.F.);
#5388=ORIENTED_EDGE('',*,*,#4204,.T.);
#5389=ORIENTED_EDGE('',*,*,#4205,.F.);
#5390=ORIENTED_EDGE('',*,*,#4176,.F.);
#5391=ORIENTED_EDGE('',*,*,#4201,.F.);
#5392=ORIENTED_EDGE('',*,*,#4177,.F.);
#5393=ORIENTED_EDGE('',*,*,#4205,.T.);
#5394=ORIENTED_EDGE('',*,*,#4203,.T.);
#5395=ORIENTED_EDGE('',*,*,#4141,.T.);
#5396=ORIENTED_EDGE('',*,*,#4185,.T.);
#5397=ORIENTED_EDGE('',*,*,#4206,.T.);
#5398=ORIENTED_EDGE('',*,*,#4207,.T.);
#5399=ORIENTED_EDGE('',*,*,#4208,.F.);
#5400=ORIENTED_EDGE('',*,*,#4209,.T.);
#5401=ORIENTED_EDGE('',*,*,#4210,.T.);
#5402=ORIENTED_EDGE('',*,*,#4211,.F.);
#5403=ORIENTED_EDGE('',*,*,#4212,.T.);
#5404=ORIENTED_EDGE('',*,*,#4213,.T.);
#5405=ORIENTED_EDGE('',*,*,#4214,.F.);
#5406=ORIENTED_EDGE('',*,*,#4215,.F.);
#5407=ORIENTED_EDGE('',*,*,#4216,.F.);
#5408=ORIENTED_EDGE('',*,*,#4208,.T.);
#5409=ORIENTED_EDGE('',*,*,#4217,.T.);
#5410=ORIENTED_EDGE('',*,*,#4212,.F.);
#5411=ORIENTED_EDGE('',*,*,#4218,.F.);
#5412=ORIENTED_EDGE('',*,*,#4213,.F.);
#5413=ORIENTED_EDGE('',*,*,#4217,.F.);
#5414=ORIENTED_EDGE('',*,*,#4207,.F.);
#5415=ORIENTED_EDGE('',*,*,#4192,.T.);
#5416=ORIENTED_EDGE('',*,*,#4186,.T.);
#5417=ORIENTED_EDGE('',*,*,#4216,.T.);
#5418=ORIENTED_EDGE('',*,*,#4219,.T.);
#5419=ORIENTED_EDGE('',*,*,#4199,.F.);
#5420=ORIENTED_EDGE('',*,*,#4197,.T.);
#5421=ORIENTED_EDGE('',*,*,#4161,.T.);
#5422=ORIENTED_EDGE('',*,*,#4167,.F.);
#5423=ORIENTED_EDGE('',*,*,#4220,.T.);
#5424=ORIENTED_EDGE('',*,*,#4221,.T.);
#5425=ORIENTED_EDGE('',*,*,#4184,.T.);
#5426=ORIENTED_EDGE('',*,*,#4159,.T.);
#5427=ORIENTED_EDGE('',*,*,#4222,.T.);
#5428=ORIENTED_EDGE('',*,*,#4223,.T.);
#5429=ORIENTED_EDGE('',*,*,#4224,.T.);
#5430=ORIENTED_EDGE('',*,*,#4225,.T.);
#5431=ORIENTED_EDGE('',*,*,#4226,.T.);
#5432=ORIENTED_EDGE('',*,*,#4227,.F.);
#5433=ORIENTED_EDGE('',*,*,#4228,.T.);
#5434=ORIENTED_EDGE('',*,*,#4229,.F.);
#5435=ORIENTED_EDGE('',*,*,#4230,.T.);
#5436=ORIENTED_EDGE('',*,*,#4231,.F.);
#5437=ORIENTED_EDGE('',*,*,#4232,.T.);
#5438=ORIENTED_EDGE('',*,*,#4223,.F.);
#5439=ORIENTED_EDGE('',*,*,#4233,.T.);
#5440=ORIENTED_EDGE('',*,*,#4234,.F.);
#5441=ORIENTED_EDGE('',*,*,#4235,.F.);
#5442=ORIENTED_EDGE('',*,*,#4236,.F.);
#5443=ORIENTED_EDGE('',*,*,#4237,.T.);
#5444=ORIENTED_EDGE('',*,*,#4238,.F.);
#5445=ORIENTED_EDGE('',*,*,#4239,.T.);
#5446=ORIENTED_EDGE('',*,*,#4240,.F.);
#5447=ORIENTED_EDGE('',*,*,#4241,.T.);
#5448=ORIENTED_EDGE('',*,*,#4242,.F.);
#5449=ORIENTED_EDGE('',*,*,#4243,.F.);
#5450=ORIENTED_EDGE('',*,*,#4244,.F.);
#5451=ORIENTED_EDGE('',*,*,#4245,.T.);
#5452=ORIENTED_EDGE('',*,*,#4246,.F.);
#5453=ORIENTED_EDGE('',*,*,#4247,.T.);
#5454=ORIENTED_EDGE('',*,*,#4248,.F.);
#5455=ORIENTED_EDGE('',*,*,#4249,.T.);
#5456=ORIENTED_EDGE('',*,*,#4250,.T.);
#5457=ORIENTED_EDGE('',*,*,#4251,.T.);
#5458=ORIENTED_EDGE('',*,*,#4242,.T.);
#5459=ORIENTED_EDGE('',*,*,#4252,.T.);
#5460=ORIENTED_EDGE('',*,*,#4253,.F.);
#5461=ORIENTED_EDGE('',*,*,#4254,.T.);
#5462=ORIENTED_EDGE('',*,*,#4250,.F.);
#5463=ORIENTED_EDGE('',*,*,#4255,.T.);
#5464=ORIENTED_EDGE('',*,*,#4256,.F.);
#5465=ORIENTED_EDGE('',*,*,#4257,.T.);
#5466=ORIENTED_EDGE('',*,*,#4258,.F.);
#5467=ORIENTED_EDGE('',*,*,#4259,.T.);
#5468=ORIENTED_EDGE('',*,*,#4260,.F.);
#5469=ORIENTED_EDGE('',*,*,#4261,.F.);
#5470=ORIENTED_EDGE('',*,*,#4262,.F.);
#5471=ORIENTED_EDGE('',*,*,#4263,.T.);
#5472=ORIENTED_EDGE('',*,*,#4248,.T.);
#5473=ORIENTED_EDGE('',*,*,#4264,.T.);
#5474=ORIENTED_EDGE('',*,*,#4265,.T.);
#5475=ORIENTED_EDGE('',*,*,#4266,.T.);
#5476=ORIENTED_EDGE('',*,*,#4258,.T.);
#5477=ORIENTED_EDGE('',*,*,#4267,.T.);
#5478=ORIENTED_EDGE('',*,*,#4268,.T.);
#5479=ORIENTED_EDGE('',*,*,#4269,.T.);
#5480=ORIENTED_EDGE('',*,*,#4270,.T.);
#5481=ORIENTED_EDGE('',*,*,#4229,.T.);
#5482=ORIENTED_EDGE('',*,*,#4271,.T.);
#5483=ORIENTED_EDGE('',*,*,#4272,.T.);
#5484=ORIENTED_EDGE('',*,*,#4273,.T.);
#5485=ORIENTED_EDGE('',*,*,#4274,.T.);
#5486=ORIENTED_EDGE('',*,*,#4268,.F.);
#5487=ORIENTED_EDGE('',*,*,#4275,.F.);
#5488=ORIENTED_EDGE('',*,*,#4276,.F.);
#5489=ORIENTED_EDGE('',*,*,#4277,.T.);
#5490=ORIENTED_EDGE('',*,*,#4278,.T.);
#5491=ORIENTED_EDGE('',*,*,#4279,.T.);
#5492=ORIENTED_EDGE('',*,*,#4260,.T.);
#5493=ORIENTED_EDGE('',*,*,#4280,.T.);
#5494=ORIENTED_EDGE('',*,*,#4281,.F.);
#5495=ORIENTED_EDGE('',*,*,#4282,.T.);
#5496=ORIENTED_EDGE('',*,*,#4278,.F.);
#5497=ORIENTED_EDGE('',*,*,#4283,.F.);
#5498=ORIENTED_EDGE('',*,*,#4284,.T.);
#5499=ORIENTED_EDGE('',*,*,#4180,.F.);
#5500=ORIENTED_EDGE('',*,*,#4285,.F.);
#5501=ORIENTED_EDGE('',*,*,#4286,.F.);
#5502=ORIENTED_EDGE('',*,*,#4252,.F.);
#5503=ORIENTED_EDGE('',*,*,#4249,.F.);
#5504=ORIENTED_EDGE('',*,*,#4241,.F.);
#5505=ORIENTED_EDGE('',*,*,#4287,.F.);
#5506=ORIENTED_EDGE('',*,*,#4245,.F.);
#5507=ORIENTED_EDGE('',*,*,#4263,.F.);
#5508=ORIENTED_EDGE('',*,*,#4288,.F.);
#5509=ORIENTED_EDGE('',*,*,#4289,.T.);
#5510=ORIENTED_EDGE('',*,*,#4181,.F.);
#5511=ORIENTED_EDGE('',*,*,#4284,.F.);
#5512=ORIENTED_EDGE('',*,*,#4290,.F.);
#5513=ORIENTED_EDGE('',*,*,#4230,.F.);
#5514=ORIENTED_EDGE('',*,*,#4222,.F.);
#5515=ORIENTED_EDGE('',*,*,#4291,.F.);
#5516=ORIENTED_EDGE('',*,*,#4292,.F.);
#5517=ORIENTED_EDGE('',*,*,#4226,.F.);
#5518=ORIENTED_EDGE('',*,*,#4270,.F.);
#5519=ORIENTED_EDGE('',*,*,#4293,.T.);
#5520=ORIENTED_EDGE('',*,*,#4182,.F.);
#5521=ORIENTED_EDGE('',*,*,#4289,.F.);
#5522=ORIENTED_EDGE('',*,*,#4273,.F.);
#5523=ORIENTED_EDGE('',*,*,#4294,.F.);
#5524=ORIENTED_EDGE('',*,*,#4295,.F.);
#5525=ORIENTED_EDGE('',*,*,#4237,.F.);
#5526=ORIENTED_EDGE('',*,*,#4296,.F.);
#5527=ORIENTED_EDGE('',*,*,#4233,.F.);
#5528=ORIENTED_EDGE('',*,*,#4297,.F.);
#5529=ORIENTED_EDGE('',*,*,#4255,.F.);
#5530=ORIENTED_EDGE('',*,*,#4266,.F.);
#5531=ORIENTED_EDGE('',*,*,#4298,.F.);
#5532=ORIENTED_EDGE('',*,*,#4285,.T.);
#5533=ORIENTED_EDGE('',*,*,#4183,.F.);
#5534=ORIENTED_EDGE('',*,*,#4293,.F.);
#5535=ORIENTED_EDGE('',*,*,#4269,.F.);
#5536=ORIENTED_EDGE('',*,*,#4274,.F.);
#5537=ORIENTED_EDGE('',*,*,#4299,.F.);
#5538=ORIENTED_EDGE('',*,*,#4280,.F.);
#5539=ORIENTED_EDGE('',*,*,#4277,.F.);
#5540=ORIENTED_EDGE('',*,*,#4259,.F.);
#5541=ORIENTED_EDGE('',*,*,#4300,.F.);
#5542=ORIENTED_EDGE('',*,*,#4301,.T.);
#5543=ORIENTED_EDGE('',*,*,#4302,.F.);
#5544=ORIENTED_EDGE('',*,*,#4303,.F.);
#5545=ORIENTED_EDGE('',*,*,#4304,.F.);
#5546=ORIENTED_EDGE('',*,*,#4305,.F.);
#5547=ORIENTED_EDGE('',*,*,#4306,.F.);
#5548=ORIENTED_EDGE('',*,*,#4307,.T.);
#5549=ORIENTED_EDGE('',*,*,#4308,.T.);
#5550=ORIENTED_EDGE('',*,*,#4309,.T.);
#5551=ORIENTED_EDGE('',*,*,#4310,.T.);
#5552=ORIENTED_EDGE('',*,*,#4309,.F.);
#5553=ORIENTED_EDGE('',*,*,#4310,.F.);
#5554=ORIENTED_EDGE('',*,*,#4311,.T.);
#5555=ORIENTED_EDGE('',*,*,#4312,.T.);
#5556=ORIENTED_EDGE('',*,*,#4313,.T.);
#5557=ORIENTED_EDGE('',*,*,#4312,.F.);
#5558=ORIENTED_EDGE('',*,*,#4313,.F.);
#5559=ORIENTED_EDGE('',*,*,#4314,.T.);
#5560=ORIENTED_EDGE('',*,*,#4315,.T.);
#5561=ORIENTED_EDGE('',*,*,#4316,.T.);
#5562=ORIENTED_EDGE('',*,*,#4315,.F.);
#5563=ORIENTED_EDGE('',*,*,#4316,.F.);
#5564=ORIENTED_EDGE('',*,*,#4317,.T.);
#5565=ORIENTED_EDGE('',*,*,#4318,.T.);
#5566=ORIENTED_EDGE('',*,*,#4319,.T.);
#5567=ORIENTED_EDGE('',*,*,#4318,.F.);
#5568=ORIENTED_EDGE('',*,*,#4319,.F.);
#5569=ORIENTED_EDGE('',*,*,#4320,.T.);
#5570=ORIENTED_EDGE('',*,*,#4321,.T.);
#5571=ORIENTED_EDGE('',*,*,#4322,.T.);
#5572=ORIENTED_EDGE('',*,*,#4323,.T.);
#5573=ORIENTED_EDGE('',*,*,#4324,.T.);
#5574=ORIENTED_EDGE('',*,*,#4325,.F.);
#5575=ORIENTED_EDGE('',*,*,#4326,.F.);
#5576=ORIENTED_EDGE('',*,*,#4321,.F.);
#5577=ORIENTED_EDGE('',*,*,#4327,.T.);
#5578=ORIENTED_EDGE('',*,*,#4328,.T.);
#5579=ORIENTED_EDGE('',*,*,#4329,.T.);
#5580=ORIENTED_EDGE('',*,*,#4330,.T.);
#5581=ORIENTED_EDGE('',*,*,#4329,.F.);
#5582=ORIENTED_EDGE('',*,*,#4331,.F.);
#5583=ORIENTED_EDGE('',*,*,#4332,.F.);
#5584=ORIENTED_EDGE('',*,*,#4333,.T.);
#5585=ORIENTED_EDGE('',*,*,#4327,.F.);
#5586=ORIENTED_EDGE('',*,*,#4334,.F.);
#5587=ORIENTED_EDGE('',*,*,#4335,.F.);
#5588=ORIENTED_EDGE('',*,*,#4336,.T.);
#5589=ORIENTED_EDGE('',*,*,#4326,.T.);
#5590=ORIENTED_EDGE('',*,*,#4337,.F.);
#5591=ORIENTED_EDGE('',*,*,#4209,.F.);
#5592=ORIENTED_EDGE('',*,*,#4338,.F.);
#5593=ORIENTED_EDGE('',*,*,#4339,.F.);
#5594=ORIENTED_EDGE('',*,*,#4322,.F.);
#5595=ORIENTED_EDGE('',*,*,#4340,.T.);
#5596=ORIENTED_EDGE('',*,*,#4210,.F.);
#5597=ORIENTED_EDGE('',*,*,#4337,.T.);
#5598=ORIENTED_EDGE('',*,*,#4325,.T.);
#5599=ORIENTED_EDGE('',*,*,#4341,.F.);
#5600=ORIENTED_EDGE('',*,*,#4342,.T.);
#5601=ORIENTED_EDGE('',*,*,#4343,.F.);
#5602=ORIENTED_EDGE('',*,*,#4344,.T.);
#5603=ORIENTED_EDGE('',*,*,#4345,.F.);
#5604=ORIENTED_EDGE('',*,*,#4346,.T.);
#5605=ORIENTED_EDGE('',*,*,#4347,.T.);
#5606=ORIENTED_EDGE('',*,*,#4348,.T.);
#5607=ORIENTED_EDGE('',*,*,#4349,.F.);
#5608=ORIENTED_EDGE('',*,*,#4350,.T.);
#5609=ORIENTED_EDGE('',*,*,#4351,.T.);
#5610=ORIENTED_EDGE('',*,*,#4352,.T.);
#5611=ORIENTED_EDGE('',*,*,#4353,.F.);
#5612=ORIENTED_EDGE('',*,*,#4354,.T.);
#5613=ORIENTED_EDGE('',*,*,#4355,.T.);
#5614=ORIENTED_EDGE('',*,*,#4356,.T.);
#5615=ORIENTED_EDGE('',*,*,#4357,.F.);
#5616=ORIENTED_EDGE('',*,*,#4358,.T.);
#5617=ORIENTED_EDGE('',*,*,#4359,.T.);
#5618=ORIENTED_EDGE('',*,*,#4360,.T.);
#5619=ORIENTED_EDGE('',*,*,#4361,.F.);
#5620=ORIENTED_EDGE('',*,*,#4362,.T.);
#5621=ORIENTED_EDGE('',*,*,#4363,.T.);
#5622=ORIENTED_EDGE('',*,*,#4364,.T.);
#5623=ORIENTED_EDGE('',*,*,#4365,.F.);
#5624=ORIENTED_EDGE('',*,*,#4366,.F.);
#5625=ORIENTED_EDGE('',*,*,#4367,.T.);
#5626=ORIENTED_EDGE('',*,*,#4368,.T.);
#5627=ORIENTED_EDGE('',*,*,#4369,.F.);
#5628=ORIENTED_EDGE('',*,*,#4370,.F.);
#5629=ORIENTED_EDGE('',*,*,#4371,.T.);
#5630=ORIENTED_EDGE('',*,*,#4372,.T.);
#5631=ORIENTED_EDGE('',*,*,#4373,.F.);
#5632=ORIENTED_EDGE('',*,*,#4374,.F.);
#5633=ORIENTED_EDGE('',*,*,#4375,.T.);
#5634=ORIENTED_EDGE('',*,*,#4376,.T.);
#5635=ORIENTED_EDGE('',*,*,#4377,.F.);
#5636=ORIENTED_EDGE('',*,*,#4378,.F.);
#5637=ORIENTED_EDGE('',*,*,#4379,.T.);
#5638=ORIENTED_EDGE('',*,*,#4380,.T.);
#5639=ORIENTED_EDGE('',*,*,#4381,.F.);
#5640=ORIENTED_EDGE('',*,*,#4382,.F.);
#5641=ORIENTED_EDGE('',*,*,#4383,.T.);
#5642=ORIENTED_EDGE('',*,*,#4384,.T.);
#5643=ORIENTED_EDGE('',*,*,#4385,.F.);
#5644=ORIENTED_EDGE('',*,*,#4386,.F.);
#5645=ORIENTED_EDGE('',*,*,#4387,.T.);
#5646=ORIENTED_EDGE('',*,*,#4388,.T.);
#5647=ORIENTED_EDGE('',*,*,#4389,.F.);
#5648=ORIENTED_EDGE('',*,*,#4390,.F.);
#5649=ORIENTED_EDGE('',*,*,#4391,.T.);
#5650=ORIENTED_EDGE('',*,*,#4392,.T.);
#5651=ORIENTED_EDGE('',*,*,#4393,.F.);
#5652=ORIENTED_EDGE('',*,*,#4394,.F.);
#5653=ORIENTED_EDGE('',*,*,#4395,.T.);
#5654=ORIENTED_EDGE('',*,*,#4396,.T.);
#5655=ORIENTED_EDGE('',*,*,#4397,.F.);
#5656=ORIENTED_EDGE('',*,*,#4398,.F.);
#5657=ORIENTED_EDGE('',*,*,#4399,.T.);
#5658=ORIENTED_EDGE('',*,*,#4400,.T.);
#5659=ORIENTED_EDGE('',*,*,#4401,.F.);
#5660=ORIENTED_EDGE('',*,*,#4402,.F.);
#5661=ORIENTED_EDGE('',*,*,#4403,.T.);
#5662=ORIENTED_EDGE('',*,*,#4404,.T.);
#5663=ORIENTED_EDGE('',*,*,#4405,.F.);
#5664=ORIENTED_EDGE('',*,*,#4406,.F.);
#5665=ORIENTED_EDGE('',*,*,#4407,.T.);
#5666=ORIENTED_EDGE('',*,*,#4408,.T.);
#5667=ORIENTED_EDGE('',*,*,#4409,.F.);
#5668=ORIENTED_EDGE('',*,*,#4410,.F.);
#5669=ORIENTED_EDGE('',*,*,#4411,.T.);
#5670=ORIENTED_EDGE('',*,*,#4243,.T.);
#5671=ORIENTED_EDGE('',*,*,#4251,.F.);
#5672=ORIENTED_EDGE('',*,*,#4254,.F.);
#5673=ORIENTED_EDGE('',*,*,#4412,.T.);
#5674=ORIENTED_EDGE('',*,*,#4261,.T.);
#5675=ORIENTED_EDGE('',*,*,#4279,.F.);
#5676=ORIENTED_EDGE('',*,*,#4282,.F.);
#5677=ORIENTED_EDGE('',*,*,#4413,.T.);
#5678=ORIENTED_EDGE('',*,*,#4275,.T.);
#5679=ORIENTED_EDGE('',*,*,#4267,.F.);
#5680=ORIENTED_EDGE('',*,*,#4257,.F.);
#5681=ORIENTED_EDGE('',*,*,#4414,.T.);
#5682=ORIENTED_EDGE('',*,*,#4235,.T.);
#5683=ORIENTED_EDGE('',*,*,#4415,.F.);
#5684=ORIENTED_EDGE('',*,*,#4416,.F.);
#5685=ORIENTED_EDGE('',*,*,#4417,.T.);
#5686=ORIENTED_EDGE('',*,*,#4418,.T.);
#5687=ORIENTED_EDGE('',*,*,#4419,.F.);
#5688=ORIENTED_EDGE('',*,*,#4420,.F.);
#5689=ORIENTED_EDGE('',*,*,#4421,.T.);
#5690=ORIENTED_EDGE('',*,*,#4422,.T.);
#5691=ORIENTED_EDGE('',*,*,#4423,.F.);
#5692=ORIENTED_EDGE('',*,*,#4424,.F.);
#5693=ORIENTED_EDGE('',*,*,#4425,.T.);
#5694=ORIENTED_EDGE('',*,*,#4426,.T.);
#5695=ORIENTED_EDGE('',*,*,#4427,.F.);
#5696=ORIENTED_EDGE('',*,*,#4428,.F.);
#5697=ORIENTED_EDGE('',*,*,#4429,.T.);
#5698=ORIENTED_EDGE('',*,*,#4430,.T.);
#5699=ORIENTED_EDGE('',*,*,#4431,.F.);
#5700=ORIENTED_EDGE('',*,*,#4432,.F.);
#5701=ORIENTED_EDGE('',*,*,#4433,.T.);
#5702=ORIENTED_EDGE('',*,*,#4434,.T.);
#5703=ORIENTED_EDGE('',*,*,#4435,.F.);
#5704=ORIENTED_EDGE('',*,*,#4436,.F.);
#5705=ORIENTED_EDGE('',*,*,#4437,.T.);
#5706=ORIENTED_EDGE('',*,*,#4438,.T.);
#5707=ORIENTED_EDGE('',*,*,#4439,.F.);
#5708=ORIENTED_EDGE('',*,*,#4440,.F.);
#5709=ORIENTED_EDGE('',*,*,#4441,.T.);
#5710=ORIENTED_EDGE('',*,*,#4442,.T.);
#5711=ORIENTED_EDGE('',*,*,#4443,.F.);
#5712=ORIENTED_EDGE('',*,*,#4444,.F.);
#5713=ORIENTED_EDGE('',*,*,#4445,.T.);
#5714=ORIENTED_EDGE('',*,*,#4446,.T.);
#5715=ORIENTED_EDGE('',*,*,#4447,.F.);
#5716=ORIENTED_EDGE('',*,*,#4448,.F.);
#5717=ORIENTED_EDGE('',*,*,#4449,.T.);
#5718=ORIENTED_EDGE('',*,*,#4450,.T.);
#5719=ORIENTED_EDGE('',*,*,#4451,.F.);
#5720=ORIENTED_EDGE('',*,*,#4452,.F.);
#5721=ORIENTED_EDGE('',*,*,#4453,.T.);
#5722=ORIENTED_EDGE('',*,*,#4454,.T.);
#5723=ORIENTED_EDGE('',*,*,#4455,.F.);
#5724=ORIENTED_EDGE('',*,*,#4456,.T.);
#5725=ORIENTED_EDGE('',*,*,#4457,.F.);
#5726=ORIENTED_EDGE('',*,*,#4458,.T.);
#5727=ORIENTED_EDGE('',*,*,#4459,.F.);
#5728=ORIENTED_EDGE('',*,*,#4460,.T.);
#5729=ORIENTED_EDGE('',*,*,#4461,.F.);
#5730=ORIENTED_EDGE('',*,*,#4462,.T.);
#5731=ORIENTED_EDGE('',*,*,#4463,.F.);
#5732=ORIENTED_EDGE('',*,*,#4464,.T.);
#5733=ORIENTED_EDGE('',*,*,#4465,.F.);
#5734=ORIENTED_EDGE('',*,*,#4466,.T.);
#5735=ORIENTED_EDGE('',*,*,#4467,.F.);
#5736=ORIENTED_EDGE('',*,*,#4468,.T.);
#5737=ORIENTED_EDGE('',*,*,#4469,.F.);
#5738=ORIENTED_EDGE('',*,*,#4470,.T.);
#5739=ORIENTED_EDGE('',*,*,#4471,.F.);
#5740=ORIENTED_EDGE('',*,*,#4472,.T.);
#5741=ORIENTED_EDGE('',*,*,#4473,.F.);
#5742=ORIENTED_EDGE('',*,*,#4474,.T.);
#5743=ORIENTED_EDGE('',*,*,#4475,.F.);
#5744=ORIENTED_EDGE('',*,*,#4476,.T.);
#5745=ORIENTED_EDGE('',*,*,#4477,.F.);
#5746=ORIENTED_EDGE('',*,*,#4478,.F.);
#5747=ORIENTED_EDGE('',*,*,#4479,.F.);
#5748=ORIENTED_EDGE('',*,*,#4480,.T.);
#5749=ORIENTED_EDGE('',*,*,#4481,.F.);
#5750=ORIENTED_EDGE('',*,*,#4482,.F.);
#5751=ORIENTED_EDGE('',*,*,#4483,.F.);
#5752=ORIENTED_EDGE('',*,*,#4484,.T.);
#5753=ORIENTED_EDGE('',*,*,#4485,.F.);
#5754=ORIENTED_EDGE('',*,*,#4486,.F.);
#5755=ORIENTED_EDGE('',*,*,#4487,.F.);
#5756=ORIENTED_EDGE('',*,*,#4488,.T.);
#5757=ORIENTED_EDGE('',*,*,#4489,.F.);
#5758=ORIENTED_EDGE('',*,*,#4490,.F.);
#5759=ORIENTED_EDGE('',*,*,#4491,.F.);
#5760=ORIENTED_EDGE('',*,*,#4492,.T.);
#5761=ORIENTED_EDGE('',*,*,#4493,.F.);
#5762=ORIENTED_EDGE('',*,*,#4494,.F.);
#5763=ORIENTED_EDGE('',*,*,#4495,.F.);
#5764=ORIENTED_EDGE('',*,*,#4496,.T.);
#5765=ORIENTED_EDGE('',*,*,#4497,.F.);
#5766=ORIENTED_EDGE('',*,*,#4498,.F.);
#5767=ORIENTED_EDGE('',*,*,#4499,.F.);
#5768=ORIENTED_EDGE('',*,*,#4500,.T.);
#5769=ORIENTED_EDGE('',*,*,#4501,.F.);
#5770=ORIENTED_EDGE('',*,*,#4502,.F.);
#5771=ORIENTED_EDGE('',*,*,#4503,.F.);
#5772=ORIENTED_EDGE('',*,*,#4504,.T.);
#5773=ORIENTED_EDGE('',*,*,#4505,.F.);
#5774=ORIENTED_EDGE('',*,*,#4506,.F.);
#5775=ORIENTED_EDGE('',*,*,#4507,.F.);
#5776=ORIENTED_EDGE('',*,*,#4508,.T.);
#5777=ORIENTED_EDGE('',*,*,#4509,.F.);
#5778=ORIENTED_EDGE('',*,*,#4510,.F.);
#5779=ORIENTED_EDGE('',*,*,#4511,.F.);
#5780=ORIENTED_EDGE('',*,*,#4512,.T.);
#5781=ORIENTED_EDGE('',*,*,#4513,.F.);
#5782=ORIENTED_EDGE('',*,*,#4514,.F.);
#5783=ORIENTED_EDGE('',*,*,#4515,.F.);
#5784=ORIENTED_EDGE('',*,*,#4516,.T.);
#5785=ORIENTED_EDGE('',*,*,#4517,.F.);
#5786=ORIENTED_EDGE('',*,*,#4518,.F.);
#5787=ORIENTED_EDGE('',*,*,#4519,.F.);
#5788=ORIENTED_EDGE('',*,*,#4520,.T.);
#5789=ORIENTED_EDGE('',*,*,#4521,.F.);
#5790=ORIENTED_EDGE('',*,*,#4522,.F.);
#5791=ORIENTED_EDGE('',*,*,#4523,.F.);
#5792=ORIENTED_EDGE('',*,*,#4524,.T.);
#5793=ORIENTED_EDGE('',*,*,#4525,.F.);
#5794=ORIENTED_EDGE('',*,*,#4526,.F.);
#5795=ORIENTED_EDGE('',*,*,#4527,.T.);
#5796=ORIENTED_EDGE('',*,*,#4528,.T.);
#5797=ORIENTED_EDGE('',*,*,#4529,.T.);
#5798=ORIENTED_EDGE('',*,*,#4530,.T.);
#5799=ORIENTED_EDGE('',*,*,#4531,.T.);
#5800=ORIENTED_EDGE('',*,*,#4532,.T.);
#5801=ORIENTED_EDGE('',*,*,#4527,.F.);
#5802=ORIENTED_EDGE('',*,*,#4533,.F.);
#5803=ORIENTED_EDGE('',*,*,#4532,.F.);
#5804=ORIENTED_EDGE('',*,*,#4534,.F.);
#5805=ORIENTED_EDGE('',*,*,#4535,.F.);
#5806=ORIENTED_EDGE('',*,*,#4536,.T.);
#5807=ORIENTED_EDGE('',*,*,#4530,.F.);
#5808=ORIENTED_EDGE('',*,*,#4537,.F.);
#5809=ORIENTED_EDGE('',*,*,#4538,.F.);
#5810=ORIENTED_EDGE('',*,*,#4539,.T.);
#5811=ORIENTED_EDGE('',*,*,#4540,.F.);
#5812=ORIENTED_EDGE('',*,*,#4541,.T.);
#5813=ORIENTED_EDGE('',*,*,#4542,.F.);
#5814=ORIENTED_EDGE('',*,*,#4543,.T.);
#5815=ORIENTED_EDGE('',*,*,#4544,.F.);
#5816=ORIENTED_EDGE('',*,*,#4545,.T.);
#5817=ORIENTED_EDGE('',*,*,#4546,.F.);
#5818=ORIENTED_EDGE('',*,*,#4547,.T.);
#5819=ORIENTED_EDGE('',*,*,#4548,.F.);
#5820=ORIENTED_EDGE('',*,*,#4549,.T.);
#5821=ORIENTED_EDGE('',*,*,#4550,.F.);
#5822=ORIENTED_EDGE('',*,*,#4551,.T.);
#5823=ORIENTED_EDGE('',*,*,#4552,.F.);
#5824=ORIENTED_EDGE('',*,*,#4553,.T.);
#5825=ORIENTED_EDGE('',*,*,#4554,.F.);
#5826=ORIENTED_EDGE('',*,*,#4555,.T.);
#5827=ORIENTED_EDGE('',*,*,#4556,.F.);
#5828=ORIENTED_EDGE('',*,*,#4557,.T.);
#5829=ORIENTED_EDGE('',*,*,#4558,.F.);
#5830=ORIENTED_EDGE('',*,*,#4559,.T.);
#5831=ORIENTED_EDGE('',*,*,#4560,.F.);
#5832=ORIENTED_EDGE('',*,*,#4561,.T.);
#5833=ORIENTED_EDGE('',*,*,#4562,.F.);
#5834=ORIENTED_EDGE('',*,*,#4563,.T.);
#5835=ORIENTED_EDGE('',*,*,#4564,.F.);
#5836=ORIENTED_EDGE('',*,*,#4565,.T.);
#5837=ORIENTED_EDGE('',*,*,#4566,.F.);
#5838=ORIENTED_EDGE('',*,*,#4567,.T.);
#5839=ORIENTED_EDGE('',*,*,#4568,.F.);
#5840=ORIENTED_EDGE('',*,*,#4569,.T.);
#5841=ORIENTED_EDGE('',*,*,#4570,.F.);
#5842=ORIENTED_EDGE('',*,*,#4571,.T.);
#5843=ORIENTED_EDGE('',*,*,#4572,.F.);
#5844=ORIENTED_EDGE('',*,*,#4573,.T.);
#5845=ORIENTED_EDGE('',*,*,#4574,.F.);
#5846=ORIENTED_EDGE('',*,*,#4575,.T.);
#5847=ORIENTED_EDGE('',*,*,#4576,.F.);
#5848=ORIENTED_EDGE('',*,*,#4577,.T.);
#5849=ORIENTED_EDGE('',*,*,#4578,.F.);
#5850=ORIENTED_EDGE('',*,*,#4579,.T.);
#5851=ORIENTED_EDGE('',*,*,#4580,.F.);
#5852=ORIENTED_EDGE('',*,*,#4581,.T.);
#5853=ORIENTED_EDGE('',*,*,#4582,.F.);
#5854=ORIENTED_EDGE('',*,*,#4583,.T.);
#5855=ORIENTED_EDGE('',*,*,#4584,.F.);
#5856=ORIENTED_EDGE('',*,*,#4585,.T.);
#5857=ORIENTED_EDGE('',*,*,#4586,.F.);
#5858=ORIENTED_EDGE('',*,*,#4331,.T.);
#5859=ORIENTED_EDGE('',*,*,#4328,.F.);
#5860=ORIENTED_EDGE('',*,*,#4336,.F.);
#5861=ORIENTED_EDGE('',*,*,#4587,.F.);
#5862=ORIENTED_EDGE('',*,*,#4588,.T.);
#5863=ORIENTED_EDGE('',*,*,#4589,.F.);
#5864=ORIENTED_EDGE('',*,*,#4590,.T.);
#5865=ORIENTED_EDGE('',*,*,#4591,.T.);
#5866=ORIENTED_EDGE('',*,*,#4592,.T.);
#5867=ORIENTED_EDGE('',*,*,#4471,.T.);
#5868=ORIENTED_EDGE('',*,*,#4593,.T.);
#5869=ORIENTED_EDGE('',*,*,#4594,.T.);
#5870=ORIENTED_EDGE('',*,*,#4595,.F.);
#5871=ORIENTED_EDGE('',*,*,#4472,.F.);
#5872=ORIENTED_EDGE('',*,*,#4592,.F.);
#5873=ORIENTED_EDGE('',*,*,#4596,.T.);
#5874=ORIENTED_EDGE('',*,*,#4597,.T.);
#5875=ORIENTED_EDGE('',*,*,#4598,.T.);
#5876=ORIENTED_EDGE('',*,*,#4515,.T.);
#5877=ORIENTED_EDGE('',*,*,#4599,.T.);
#5878=ORIENTED_EDGE('',*,*,#4600,.T.);
#5879=ORIENTED_EDGE('',*,*,#4517,.T.);
#5880=ORIENTED_EDGE('',*,*,#4601,.T.);
#5881=ORIENTED_EDGE('',*,*,#4598,.F.);
#5882=ORIENTED_EDGE('',*,*,#4602,.F.);
#5883=ORIENTED_EDGE('',*,*,#4601,.F.);
#5884=ORIENTED_EDGE('',*,*,#4516,.F.);
#5885=ORIENTED_EDGE('',*,*,#4603,.F.);
#5886=ORIENTED_EDGE('',*,*,#4518,.T.);
#5887=ORIENTED_EDGE('',*,*,#4600,.F.);
#5888=ORIENTED_EDGE('',*,*,#4604,.F.);
#5889=ORIENTED_EDGE('',*,*,#4605,.T.);
#5890=ORIENTED_EDGE('',*,*,#4606,.T.);
#5891=ORIENTED_EDGE('',*,*,#4607,.T.);
#5892=ORIENTED_EDGE('',*,*,#4499,.T.);
#5893=ORIENTED_EDGE('',*,*,#4608,.T.);
#5894=ORIENTED_EDGE('',*,*,#4609,.T.);
#5895=ORIENTED_EDGE('',*,*,#4501,.T.);
#5896=ORIENTED_EDGE('',*,*,#4610,.T.);
#5897=ORIENTED_EDGE('',*,*,#4607,.F.);
#5898=ORIENTED_EDGE('',*,*,#4611,.F.);
#5899=ORIENTED_EDGE('',*,*,#4610,.F.);
#5900=ORIENTED_EDGE('',*,*,#4500,.F.);
#5901=ORIENTED_EDGE('',*,*,#4612,.F.);
#5902=ORIENTED_EDGE('',*,*,#4502,.T.);
#5903=ORIENTED_EDGE('',*,*,#4609,.F.);
#5904=ORIENTED_EDGE('',*,*,#4613,.F.);
#5905=ORIENTED_EDGE('',*,*,#4614,.T.);
#5906=ORIENTED_EDGE('',*,*,#4615,.T.);
#5907=ORIENTED_EDGE('',*,*,#4616,.T.);
#5908=ORIENTED_EDGE('',*,*,#4483,.T.);
#5909=ORIENTED_EDGE('',*,*,#4617,.T.);
#5910=ORIENTED_EDGE('',*,*,#4618,.T.);
#5911=ORIENTED_EDGE('',*,*,#4485,.T.);
#5912=ORIENTED_EDGE('',*,*,#4619,.T.);
#5913=ORIENTED_EDGE('',*,*,#4616,.F.);
#5914=ORIENTED_EDGE('',*,*,#4620,.F.);
#5915=ORIENTED_EDGE('',*,*,#4619,.F.);
#5916=ORIENTED_EDGE('',*,*,#4484,.F.);
#5917=ORIENTED_EDGE('',*,*,#4621,.F.);
#5918=ORIENTED_EDGE('',*,*,#4486,.T.);
#5919=ORIENTED_EDGE('',*,*,#4618,.F.);
#5920=ORIENTED_EDGE('',*,*,#4622,.F.);
#5921=ORIENTED_EDGE('',*,*,#4623,.T.);
#5922=ORIENTED_EDGE('',*,*,#4624,.T.);
#5923=ORIENTED_EDGE('',*,*,#4459,.T.);
#5924=ORIENTED_EDGE('',*,*,#4625,.T.);
#5925=ORIENTED_EDGE('',*,*,#4626,.F.);
#5926=ORIENTED_EDGE('',*,*,#4627,.F.);
#5927=ORIENTED_EDGE('',*,*,#4628,.F.);
#5928=ORIENTED_EDGE('',*,*,#4629,.F.);
#5929=ORIENTED_EDGE('',*,*,#4355,.F.);
#5930=ORIENTED_EDGE('',*,*,#4630,.T.);
#5931=ORIENTED_EDGE('',*,*,#4629,.T.);
#5932=ORIENTED_EDGE('',*,*,#4631,.T.);
#5933=ORIENTED_EDGE('',*,*,#4632,.T.);
#5934=ORIENTED_EDGE('',*,*,#4633,.T.);
#5935=ORIENTED_EDGE('',*,*,#4634,.T.);
#5936=ORIENTED_EDGE('',*,*,#4635,.T.);
#5937=ORIENTED_EDGE('',*,*,#4636,.T.);
#5938=ORIENTED_EDGE('',*,*,#4637,.T.);
#5939=ORIENTED_EDGE('',*,*,#4632,.F.);
#5940=ORIENTED_EDGE('',*,*,#4638,.F.);
#5941=ORIENTED_EDGE('',*,*,#4637,.F.);
#5942=ORIENTED_EDGE('',*,*,#4639,.F.);
#5943=ORIENTED_EDGE('',*,*,#4640,.F.);
#5944=ORIENTED_EDGE('',*,*,#4641,.T.);
#5945=ORIENTED_EDGE('',*,*,#4635,.F.);
#5946=ORIENTED_EDGE('',*,*,#4642,.F.);
#5947=ORIENTED_EDGE('',*,*,#4643,.T.);
#5948=ORIENTED_EDGE('',*,*,#4644,.T.);
#5949=ORIENTED_EDGE('',*,*,#4640,.T.);
#5950=ORIENTED_EDGE('',*,*,#4645,.T.);
#5951=ORIENTED_EDGE('',*,*,#4646,.T.);
#5952=ORIENTED_EDGE('',*,*,#4647,.T.);
#5953=ORIENTED_EDGE('',*,*,#4648,.T.);
#5954=ORIENTED_EDGE('',*,*,#4649,.T.);
#5955=ORIENTED_EDGE('',*,*,#4643,.F.);
#5956=ORIENTED_EDGE('',*,*,#4650,.F.);
#5957=ORIENTED_EDGE('',*,*,#4649,.F.);
#5958=ORIENTED_EDGE('',*,*,#4651,.F.);
#5959=ORIENTED_EDGE('',*,*,#4652,.F.);
#5960=ORIENTED_EDGE('',*,*,#4653,.T.);
#5961=ORIENTED_EDGE('',*,*,#4647,.F.);
#5962=ORIENTED_EDGE('',*,*,#4654,.F.);
#5963=ORIENTED_EDGE('',*,*,#4655,.F.);
#5964=ORIENTED_EDGE('',*,*,#4656,.F.);
#5965=ORIENTED_EDGE('',*,*,#4657,.F.);
#5966=ORIENTED_EDGE('',*,*,#4658,.F.);
#5967=ORIENTED_EDGE('',*,*,#4359,.F.);
#5968=ORIENTED_EDGE('',*,*,#4659,.T.);
#5969=ORIENTED_EDGE('',*,*,#4658,.T.);
#5970=ORIENTED_EDGE('',*,*,#4660,.T.);
#5971=ORIENTED_EDGE('',*,*,#4661,.T.);
#5972=ORIENTED_EDGE('',*,*,#4662,.T.);
#5973=ORIENTED_EDGE('',*,*,#4455,.T.);
#5974=ORIENTED_EDGE('',*,*,#4663,.T.);
#5975=ORIENTED_EDGE('',*,*,#4664,.T.);
#5976=ORIENTED_EDGE('',*,*,#4665,.T.);
#5977=ORIENTED_EDGE('',*,*,#4302,.T.);
#5978=ORIENTED_EDGE('',*,*,#4666,.T.);
#5979=ORIENTED_EDGE('',*,*,#4667,.T.);
#5980=ORIENTED_EDGE('',*,*,#4481,.T.);
#5981=ORIENTED_EDGE('',*,*,#4668,.T.);
#5982=ORIENTED_EDGE('',*,*,#4669,.F.);
#5983=ORIENTED_EDGE('',*,*,#4670,.F.);
#5984=ORIENTED_EDGE('',*,*,#4668,.F.);
#5985=ORIENTED_EDGE('',*,*,#4480,.F.);
#5986=ORIENTED_EDGE('',*,*,#4614,.F.);
#5987=ORIENTED_EDGE('',*,*,#4482,.T.);
#5988=ORIENTED_EDGE('',*,*,#4667,.F.);
#5989=ORIENTED_EDGE('',*,*,#4671,.F.);
#5990=ORIENTED_EDGE('',*,*,#4672,.T.);
#5991=ORIENTED_EDGE('',*,*,#4673,.T.);
#5992=ORIENTED_EDGE('',*,*,#4674,.T.);
#5993=ORIENTED_EDGE('',*,*,#4495,.T.);
#5994=ORIENTED_EDGE('',*,*,#4675,.T.);
#5995=ORIENTED_EDGE('',*,*,#4676,.T.);
#5996=ORIENTED_EDGE('',*,*,#4497,.T.);
#5997=ORIENTED_EDGE('',*,*,#4677,.T.);
#5998=ORIENTED_EDGE('',*,*,#4674,.F.);
#5999=ORIENTED_EDGE('',*,*,#4678,.F.);
#6000=ORIENTED_EDGE('',*,*,#4677,.F.);
#6001=ORIENTED_EDGE('',*,*,#4496,.F.);
#6002=ORIENTED_EDGE('',*,*,#4605,.F.);
#6003=ORIENTED_EDGE('',*,*,#4498,.T.);
#6004=ORIENTED_EDGE('',*,*,#4676,.F.);
#6005=ORIENTED_EDGE('',*,*,#4679,.F.);
#6006=ORIENTED_EDGE('',*,*,#4680,.T.);
#6007=ORIENTED_EDGE('',*,*,#4681,.T.);
#6008=ORIENTED_EDGE('',*,*,#4682,.T.);
#6009=ORIENTED_EDGE('',*,*,#4511,.T.);
#6010=ORIENTED_EDGE('',*,*,#4683,.T.);
#6011=ORIENTED_EDGE('',*,*,#4684,.T.);
#6012=ORIENTED_EDGE('',*,*,#4513,.T.);
#6013=ORIENTED_EDGE('',*,*,#4685,.T.);
#6014=ORIENTED_EDGE('',*,*,#4682,.F.);
#6015=ORIENTED_EDGE('',*,*,#4686,.F.);
#6016=ORIENTED_EDGE('',*,*,#4685,.F.);
#6017=ORIENTED_EDGE('',*,*,#4512,.F.);
#6018=ORIENTED_EDGE('',*,*,#4596,.F.);
#6019=ORIENTED_EDGE('',*,*,#4514,.T.);
#6020=ORIENTED_EDGE('',*,*,#4684,.F.);
#6021=ORIENTED_EDGE('',*,*,#4687,.F.);
#6022=ORIENTED_EDGE('',*,*,#4688,.T.);
#6023=ORIENTED_EDGE('',*,*,#4689,.T.);
#6024=ORIENTED_EDGE('',*,*,#4535,.T.);
#6025=ORIENTED_EDGE('',*,*,#4690,.T.);
#6026=ORIENTED_EDGE('',*,*,#4691,.T.);
#6027=ORIENTED_EDGE('',*,*,#4692,.T.);
#6028=ORIENTED_EDGE('',*,*,#4693,.T.);
#6029=ORIENTED_EDGE('',*,*,#4694,.T.);
#6030=ORIENTED_EDGE('',*,*,#4688,.F.);
#6031=ORIENTED_EDGE('',*,*,#4695,.F.);
#6032=ORIENTED_EDGE('',*,*,#4694,.F.);
#6033=ORIENTED_EDGE('',*,*,#4696,.F.);
#6034=ORIENTED_EDGE('',*,*,#4697,.F.);
#6035=ORIENTED_EDGE('',*,*,#4698,.T.);
#6036=ORIENTED_EDGE('',*,*,#4692,.F.);
#6037=ORIENTED_EDGE('',*,*,#4699,.F.);
#6038=ORIENTED_EDGE('',*,*,#4700,.T.);
#6039=ORIENTED_EDGE('',*,*,#4701,.T.);
#6040=ORIENTED_EDGE('',*,*,#4697,.T.);
#6041=ORIENTED_EDGE('',*,*,#4702,.T.);
#6042=ORIENTED_EDGE('',*,*,#4703,.T.);
#6043=ORIENTED_EDGE('',*,*,#4704,.T.);
#6044=ORIENTED_EDGE('',*,*,#4705,.T.);
#6045=ORIENTED_EDGE('',*,*,#4706,.T.);
#6046=ORIENTED_EDGE('',*,*,#4700,.F.);
#6047=ORIENTED_EDGE('',*,*,#4707,.F.);
#6048=ORIENTED_EDGE('',*,*,#4706,.F.);
#6049=ORIENTED_EDGE('',*,*,#4708,.F.);
#6050=ORIENTED_EDGE('',*,*,#4709,.F.);
#6051=ORIENTED_EDGE('',*,*,#4710,.T.);
#6052=ORIENTED_EDGE('',*,*,#4704,.F.);
#6053=ORIENTED_EDGE('',*,*,#4711,.F.);
#6054=ORIENTED_EDGE('',*,*,#4712,.T.);
#6055=ORIENTED_EDGE('',*,*,#4713,.T.);
#6056=ORIENTED_EDGE('',*,*,#4669,.T.);
#6057=ORIENTED_EDGE('',*,*,#4479,.T.);
#6058=ORIENTED_EDGE('',*,*,#4714,.T.);
#6059=ORIENTED_EDGE('',*,*,#4715,.T.);
#6060=ORIENTED_EDGE('',*,*,#4467,.T.);
#6061=ORIENTED_EDGE('',*,*,#4716,.T.);
#6062=ORIENTED_EDGE('',*,*,#4717,.T.);
#6063=ORIENTED_EDGE('',*,*,#4519,.T.);
#6064=ORIENTED_EDGE('',*,*,#4603,.T.);
#6065=ORIENTED_EDGE('',*,*,#4718,.T.);
#6066=ORIENTED_EDGE('',*,*,#4719,.T.);
#6067=ORIENTED_EDGE('',*,*,#4720,.T.);
#6068=ORIENTED_EDGE('',*,*,#4521,.T.);
#6069=ORIENTED_EDGE('',*,*,#4721,.T.);
#6070=ORIENTED_EDGE('',*,*,#4717,.F.);
#6071=ORIENTED_EDGE('',*,*,#4722,.F.);
#6072=ORIENTED_EDGE('',*,*,#4721,.F.);
#6073=ORIENTED_EDGE('',*,*,#4520,.F.);
#6074=ORIENTED_EDGE('',*,*,#4723,.F.);
#6075=ORIENTED_EDGE('',*,*,#4522,.T.);
#6076=ORIENTED_EDGE('',*,*,#4720,.F.);
#6077=ORIENTED_EDGE('',*,*,#4724,.F.);
#6078=ORIENTED_EDGE('',*,*,#4725,.T.);
#6079=ORIENTED_EDGE('',*,*,#4503,.T.);
#6080=ORIENTED_EDGE('',*,*,#4612,.T.);
#6081=ORIENTED_EDGE('',*,*,#4726,.T.);
#6082=ORIENTED_EDGE('',*,*,#4727,.T.);
#6083=ORIENTED_EDGE('',*,*,#4728,.T.);
#6084=ORIENTED_EDGE('',*,*,#4505,.T.);
#6085=ORIENTED_EDGE('',*,*,#4729,.T.);
#6086=ORIENTED_EDGE('',*,*,#4725,.F.);
#6087=ORIENTED_EDGE('',*,*,#4730,.F.);
#6088=ORIENTED_EDGE('',*,*,#4729,.F.);
#6089=ORIENTED_EDGE('',*,*,#4504,.F.);
#6090=ORIENTED_EDGE('',*,*,#4731,.F.);
#6091=ORIENTED_EDGE('',*,*,#4506,.T.);
#6092=ORIENTED_EDGE('',*,*,#4728,.F.);
#6093=ORIENTED_EDGE('',*,*,#4732,.F.);
#6094=ORIENTED_EDGE('',*,*,#4733,.T.);
#6095=ORIENTED_EDGE('',*,*,#4487,.T.);
#6096=ORIENTED_EDGE('',*,*,#4621,.T.);
#6097=ORIENTED_EDGE('',*,*,#4734,.T.);
#6098=ORIENTED_EDGE('',*,*,#4735,.T.);
#6099=ORIENTED_EDGE('',*,*,#4736,.T.);
#6100=ORIENTED_EDGE('',*,*,#4489,.T.);
#6101=ORIENTED_EDGE('',*,*,#4737,.T.);
#6102=ORIENTED_EDGE('',*,*,#4733,.F.);
#6103=ORIENTED_EDGE('',*,*,#4738,.F.);
#6104=ORIENTED_EDGE('',*,*,#4737,.F.);
#6105=ORIENTED_EDGE('',*,*,#4488,.F.);
#6106=ORIENTED_EDGE('',*,*,#4739,.F.);
#6107=ORIENTED_EDGE('',*,*,#4490,.T.);
#6108=ORIENTED_EDGE('',*,*,#4736,.F.);
#6109=ORIENTED_EDGE('',*,*,#4740,.F.);
#6110=ORIENTED_EDGE('',*,*,#4741,.T.);
#6111=ORIENTED_EDGE('',*,*,#4742,.T.);
#6112=ORIENTED_EDGE('',*,*,#4463,.T.);
#6113=ORIENTED_EDGE('',*,*,#4743,.T.);
#6114=ORIENTED_EDGE('',*,*,#4744,.F.);
#6115=ORIENTED_EDGE('',*,*,#4745,.F.);
#6116=ORIENTED_EDGE('',*,*,#4746,.F.);
#6117=ORIENTED_EDGE('',*,*,#4747,.F.);
#6118=ORIENTED_EDGE('',*,*,#4351,.F.);
#6119=ORIENTED_EDGE('',*,*,#4748,.T.);
#6120=ORIENTED_EDGE('',*,*,#4747,.T.);
#6121=ORIENTED_EDGE('',*,*,#4749,.T.);
#6122=ORIENTED_EDGE('',*,*,#4750,.T.);
#6123=ORIENTED_EDGE('',*,*,#4751,.T.);
#6124=ORIENTED_EDGE('',*,*,#4752,.T.);
#6125=ORIENTED_EDGE('',*,*,#4753,.T.);
#6126=ORIENTED_EDGE('',*,*,#4754,.T.);
#6127=ORIENTED_EDGE('',*,*,#4755,.T.);
#6128=ORIENTED_EDGE('',*,*,#4756,.T.);
#6129=ORIENTED_EDGE('',*,*,#4757,.T.);
#6130=ORIENTED_EDGE('',*,*,#4752,.F.);
#6131=ORIENTED_EDGE('',*,*,#4758,.F.);
#6132=ORIENTED_EDGE('',*,*,#4757,.F.);
#6133=ORIENTED_EDGE('',*,*,#4759,.F.);
#6134=ORIENTED_EDGE('',*,*,#4664,.F.);
#6135=ORIENTED_EDGE('',*,*,#4760,.T.);
#6136=ORIENTED_EDGE('',*,*,#4755,.F.);
#6137=ORIENTED_EDGE('',*,*,#4761,.F.);
#6138=ORIENTED_EDGE('',*,*,#4762,.F.);
#6139=ORIENTED_EDGE('',*,*,#4654,.T.);
#6140=ORIENTED_EDGE('',*,*,#4646,.F.);
#6141=ORIENTED_EDGE('',*,*,#4650,.T.);
#6142=ORIENTED_EDGE('',*,*,#4645,.F.);
#6143=ORIENTED_EDGE('',*,*,#4642,.T.);
#6144=ORIENTED_EDGE('',*,*,#4634,.F.);
#6145=ORIENTED_EDGE('',*,*,#4638,.T.);
#6146=ORIENTED_EDGE('',*,*,#4633,.F.);
#6147=ORIENTED_EDGE('',*,*,#4639,.T.);
#6148=ORIENTED_EDGE('',*,*,#4636,.F.);
#6149=ORIENTED_EDGE('',*,*,#4641,.F.);
#6150=ORIENTED_EDGE('',*,*,#4644,.F.);
#6151=ORIENTED_EDGE('',*,*,#4651,.T.);
#6152=ORIENTED_EDGE('',*,*,#4648,.F.);
#6153=ORIENTED_EDGE('',*,*,#4653,.F.);
#6154=ORIENTED_EDGE('',*,*,#4763,.F.);
#6155=ORIENTED_EDGE('',*,*,#4764,.T.);
#6156=ORIENTED_EDGE('',*,*,#4765,.F.);
#6157=ORIENTED_EDGE('',*,*,#4766,.F.);
#6158=ORIENTED_EDGE('',*,*,#4753,.F.);
#6159=ORIENTED_EDGE('',*,*,#4759,.T.);
#6160=ORIENTED_EDGE('',*,*,#4756,.F.);
#6161=ORIENTED_EDGE('',*,*,#4760,.F.);
#6162=ORIENTED_EDGE('',*,*,#4663,.F.);
#6163=ORIENTED_EDGE('',*,*,#4454,.F.);
#6164=ORIENTED_EDGE('',*,*,#4767,.T.);
#6165=ORIENTED_EDGE('',*,*,#4768,.T.);
#6166=ORIENTED_EDGE('',*,*,#4769,.F.);
#6167=ORIENTED_EDGE('',*,*,#4770,.F.);
#6168=ORIENTED_EDGE('',*,*,#4771,.T.);
#6169=ORIENTED_EDGE('',*,*,#4772,.T.);
#6170=ORIENTED_EDGE('',*,*,#4773,.F.);
#6171=ORIENTED_EDGE('',*,*,#4774,.F.);
#6172=ORIENTED_EDGE('',*,*,#4775,.T.);
#6173=ORIENTED_EDGE('',*,*,#4776,.T.);
#6174=ORIENTED_EDGE('',*,*,#4777,.F.);
#6175=ORIENTED_EDGE('',*,*,#4778,.F.);
#6176=ORIENTED_EDGE('',*,*,#4779,.T.);
#6177=ORIENTED_EDGE('',*,*,#4780,.T.);
#6178=ORIENTED_EDGE('',*,*,#4781,.F.);
#6179=ORIENTED_EDGE('',*,*,#4782,.F.);
#6180=ORIENTED_EDGE('',*,*,#4783,.T.);
#6181=ORIENTED_EDGE('',*,*,#4784,.T.);
#6182=ORIENTED_EDGE('',*,*,#4785,.F.);
#6183=ORIENTED_EDGE('',*,*,#4786,.F.);
#6184=ORIENTED_EDGE('',*,*,#4787,.T.);
#6185=ORIENTED_EDGE('',*,*,#4788,.T.);
#6186=ORIENTED_EDGE('',*,*,#4789,.F.);
#6187=ORIENTED_EDGE('',*,*,#4790,.F.);
#6188=ORIENTED_EDGE('',*,*,#4791,.T.);
#6189=ORIENTED_EDGE('',*,*,#4792,.T.);
#6190=ORIENTED_EDGE('',*,*,#4793,.F.);
#6191=ORIENTED_EDGE('',*,*,#4794,.F.);
#6192=ORIENTED_EDGE('',*,*,#4795,.T.);
#6193=ORIENTED_EDGE('',*,*,#4796,.T.);
#6194=ORIENTED_EDGE('',*,*,#4797,.F.);
#6195=ORIENTED_EDGE('',*,*,#4798,.F.);
#6196=ORIENTED_EDGE('',*,*,#4799,.T.);
#6197=ORIENTED_EDGE('',*,*,#4303,.T.);
#6198=ORIENTED_EDGE('',*,*,#4665,.F.);
#6199=ORIENTED_EDGE('',*,*,#4761,.T.);
#6200=ORIENTED_EDGE('',*,*,#4754,.F.);
#6201=ORIENTED_EDGE('',*,*,#4758,.T.);
#6202=ORIENTED_EDGE('',*,*,#4751,.F.);
#6203=ORIENTED_EDGE('',*,*,#4800,.T.);
#6204=ORIENTED_EDGE('',*,*,#4801,.F.);
#6205=ORIENTED_EDGE('',*,*,#4802,.T.);
#6206=ORIENTED_EDGE('',*,*,#4803,.T.);
#6207=ORIENTED_EDGE('',*,*,#4763,.T.);
#6208=ORIENTED_EDGE('',*,*,#4652,.T.);
#6209=ORIENTED_EDGE('',*,*,#4762,.T.);
#6210=ORIENTED_EDGE('',*,*,#4801,.T.);
#6211=ORIENTED_EDGE('',*,*,#4804,.T.);
#6212=ORIENTED_EDGE('',*,*,#4765,.T.);
#6213=ORIENTED_EDGE('',*,*,#4805,.T.);
#6214=ORIENTED_EDGE('',*,*,#4803,.F.);
#6215=ORIENTED_EDGE('',*,*,#4802,.F.);
#6216=ORIENTED_EDGE('',*,*,#4805,.F.);
#6217=ORIENTED_EDGE('',*,*,#4764,.F.);
#6218=ORIENTED_EDGE('',*,*,#4750,.F.);
#6219=ORIENTED_EDGE('',*,*,#4766,.T.);
#6220=ORIENTED_EDGE('',*,*,#4804,.F.);
#6221=ORIENTED_EDGE('',*,*,#4800,.F.);
#6222=ORIENTED_EDGE('',*,*,#4806,.T.);
#6223=ORIENTED_EDGE('',*,*,#4807,.T.);
#6224=ORIENTED_EDGE('',*,*,#4361,.T.);
#6225=ORIENTED_EDGE('',*,*,#4808,.T.);
#6226=ORIENTED_EDGE('',*,*,#4809,.T.);
#6227=ORIENTED_EDGE('',*,*,#4810,.F.);
#6228=ORIENTED_EDGE('',*,*,#4811,.T.);
#6229=ORIENTED_EDGE('',*,*,#4812,.F.);
#6230=ORIENTED_EDGE('',*,*,#4363,.F.);
#6231=ORIENTED_EDGE('',*,*,#4813,.T.);
#6232=ORIENTED_EDGE('',*,*,#4812,.T.);
#6233=ORIENTED_EDGE('',*,*,#4814,.T.);
#6234=ORIENTED_EDGE('',*,*,#4815,.F.);
#6235=ORIENTED_EDGE('',*,*,#4816,.F.);
#6236=ORIENTED_EDGE('',*,*,#4817,.F.);
#6237=ORIENTED_EDGE('',*,*,#4818,.F.);
#6238=ORIENTED_EDGE('',*,*,#4347,.F.);
#6239=ORIENTED_EDGE('',*,*,#4819,.T.);
#6240=ORIENTED_EDGE('',*,*,#4818,.T.);
#6241=ORIENTED_EDGE('',*,*,#4820,.T.);
#6242=ORIENTED_EDGE('',*,*,#4821,.T.);
#6243=ORIENTED_EDGE('',*,*,#4822,.T.);
#6244=ORIENTED_EDGE('',*,*,#4477,.T.);
#6245=ORIENTED_EDGE('',*,*,#4823,.T.);
#6246=ORIENTED_EDGE('',*,*,#4824,.F.);
#6247=ORIENTED_EDGE('',*,*,#4825,.F.);
#6248=ORIENTED_EDGE('',*,*,#4823,.F.);
#6249=ORIENTED_EDGE('',*,*,#4476,.F.);
#6250=ORIENTED_EDGE('',*,*,#4712,.F.);
#6251=ORIENTED_EDGE('',*,*,#4478,.T.);
#6252=ORIENTED_EDGE('',*,*,#4822,.F.);
#6253=ORIENTED_EDGE('',*,*,#4826,.F.);
#6254=ORIENTED_EDGE('',*,*,#4827,.T.);
#6255=ORIENTED_EDGE('',*,*,#4491,.T.);
#6256=ORIENTED_EDGE('',*,*,#4739,.T.);
#6257=ORIENTED_EDGE('',*,*,#4828,.T.);
#6258=ORIENTED_EDGE('',*,*,#4829,.T.);
#6259=ORIENTED_EDGE('',*,*,#4830,.T.);
#6260=ORIENTED_EDGE('',*,*,#4493,.T.);
#6261=ORIENTED_EDGE('',*,*,#4831,.T.);
#6262=ORIENTED_EDGE('',*,*,#4827,.F.);
#6263=ORIENTED_EDGE('',*,*,#4832,.F.);
#6264=ORIENTED_EDGE('',*,*,#4831,.F.);
#6265=ORIENTED_EDGE('',*,*,#4492,.F.);
#6266=ORIENTED_EDGE('',*,*,#4672,.F.);
#6267=ORIENTED_EDGE('',*,*,#4494,.T.);
#6268=ORIENTED_EDGE('',*,*,#4830,.F.);
#6269=ORIENTED_EDGE('',*,*,#4833,.F.);
#6270=ORIENTED_EDGE('',*,*,#4834,.T.);
#6271=ORIENTED_EDGE('',*,*,#4507,.T.);
#6272=ORIENTED_EDGE('',*,*,#4731,.T.);
#6273=ORIENTED_EDGE('',*,*,#4835,.T.);
#6274=ORIENTED_EDGE('',*,*,#4836,.T.);
#6275=ORIENTED_EDGE('',*,*,#4837,.T.);
#6276=ORIENTED_EDGE('',*,*,#4509,.T.);
#6277=ORIENTED_EDGE('',*,*,#4838,.T.);
#6278=ORIENTED_EDGE('',*,*,#4834,.F.);
#6279=ORIENTED_EDGE('',*,*,#4839,.F.);
#6280=ORIENTED_EDGE('',*,*,#4838,.F.);
#6281=ORIENTED_EDGE('',*,*,#4508,.F.);
#6282=ORIENTED_EDGE('',*,*,#4680,.F.);
#6283=ORIENTED_EDGE('',*,*,#4510,.T.);
#6284=ORIENTED_EDGE('',*,*,#4837,.F.);
#6285=ORIENTED_EDGE('',*,*,#4840,.F.);
#6286=ORIENTED_EDGE('',*,*,#4841,.T.);
#6287=ORIENTED_EDGE('',*,*,#4523,.T.);
#6288=ORIENTED_EDGE('',*,*,#4723,.T.);
#6289=ORIENTED_EDGE('',*,*,#4842,.T.);
#6290=ORIENTED_EDGE('',*,*,#4842,.F.);
#6291=ORIENTED_EDGE('',*,*,#4724,.T.);
#6292=ORIENTED_EDGE('',*,*,#4719,.F.);
#6293=ORIENTED_EDGE('',*,*,#4722,.T.);
#6294=ORIENTED_EDGE('',*,*,#4718,.F.);
#6295=ORIENTED_EDGE('',*,*,#4604,.T.);
#6296=ORIENTED_EDGE('',*,*,#4599,.F.);
#6297=ORIENTED_EDGE('',*,*,#4602,.T.);
#6298=ORIENTED_EDGE('',*,*,#4597,.F.);
#6299=ORIENTED_EDGE('',*,*,#4687,.T.);
#6300=ORIENTED_EDGE('',*,*,#4683,.F.);
#6301=ORIENTED_EDGE('',*,*,#4686,.T.);
#6302=ORIENTED_EDGE('',*,*,#4681,.F.);
#6303=ORIENTED_EDGE('',*,*,#4840,.T.);
#6304=ORIENTED_EDGE('',*,*,#4836,.F.);
#6305=ORIENTED_EDGE('',*,*,#4839,.T.);
#6306=ORIENTED_EDGE('',*,*,#4835,.F.);
#6307=ORIENTED_EDGE('',*,*,#4732,.T.);
#6308=ORIENTED_EDGE('',*,*,#4727,.F.);
#6309=ORIENTED_EDGE('',*,*,#4730,.T.);
#6310=ORIENTED_EDGE('',*,*,#4726,.F.);
#6311=ORIENTED_EDGE('',*,*,#4613,.T.);
#6312=ORIENTED_EDGE('',*,*,#4608,.F.);
#6313=ORIENTED_EDGE('',*,*,#4611,.T.);
#6314=ORIENTED_EDGE('',*,*,#4606,.F.);
#6315=ORIENTED_EDGE('',*,*,#4679,.T.);
#6316=ORIENTED_EDGE('',*,*,#4675,.F.);
#6317=ORIENTED_EDGE('',*,*,#4678,.T.);
#6318=ORIENTED_EDGE('',*,*,#4673,.F.);
#6319=ORIENTED_EDGE('',*,*,#4833,.T.);
#6320=ORIENTED_EDGE('',*,*,#4829,.F.);
#6321=ORIENTED_EDGE('',*,*,#4832,.T.);
#6322=ORIENTED_EDGE('',*,*,#4828,.F.);
#6323=ORIENTED_EDGE('',*,*,#4740,.T.);
#6324=ORIENTED_EDGE('',*,*,#4735,.F.);
#6325=ORIENTED_EDGE('',*,*,#4738,.T.);
#6326=ORIENTED_EDGE('',*,*,#4734,.F.);
#6327=ORIENTED_EDGE('',*,*,#4622,.T.);
#6328=ORIENTED_EDGE('',*,*,#4617,.F.);
#6329=ORIENTED_EDGE('',*,*,#4620,.T.);
#6330=ORIENTED_EDGE('',*,*,#4615,.F.);
#6331=ORIENTED_EDGE('',*,*,#4671,.T.);
#6332=ORIENTED_EDGE('',*,*,#4666,.F.);
#6333=ORIENTED_EDGE('',*,*,#4670,.T.);
#6334=ORIENTED_EDGE('',*,*,#4713,.F.);
#6335=ORIENTED_EDGE('',*,*,#4826,.T.);
#6336=ORIENTED_EDGE('',*,*,#4821,.F.);
#6337=ORIENTED_EDGE('',*,*,#4825,.T.);
#6338=ORIENTED_EDGE('',*,*,#4843,.F.);
#6339=ORIENTED_EDGE('',*,*,#4334,.T.);
#6340=ORIENTED_EDGE('',*,*,#4330,.F.);
#6341=ORIENTED_EDGE('',*,*,#4333,.F.);
#6342=ORIENTED_EDGE('',*,*,#4844,.F.);
#6343=ORIENTED_EDGE('',*,*,#4845,.T.);
#6344=ORIENTED_EDGE('',*,*,#4846,.F.);
#6345=ORIENTED_EDGE('',*,*,#4847,.T.);
#6346=ORIENTED_EDGE('',*,*,#4846,.T.);
#6347=ORIENTED_EDGE('',*,*,#4848,.T.);
#6348=ORIENTED_EDGE('',*,*,#4525,.T.);
#6349=ORIENTED_EDGE('',*,*,#4849,.T.);
#6350=ORIENTED_EDGE('',*,*,#4841,.F.);
#6351=ORIENTED_EDGE('',*,*,#4847,.F.);
#6352=ORIENTED_EDGE('',*,*,#4849,.F.);
#6353=ORIENTED_EDGE('',*,*,#4524,.F.);
#6354=ORIENTED_EDGE('',*,*,#4850,.F.);
#6355=ORIENTED_EDGE('',*,*,#4526,.T.);
#6356=ORIENTED_EDGE('',*,*,#4848,.F.);
#6357=ORIENTED_EDGE('',*,*,#4845,.F.);
#6358=ORIENTED_EDGE('',*,*,#4851,.F.);
#6359=ORIENTED_EDGE('',*,*,#4711,.T.);
#6360=ORIENTED_EDGE('',*,*,#4703,.F.);
#6361=ORIENTED_EDGE('',*,*,#4707,.T.);
#6362=ORIENTED_EDGE('',*,*,#4702,.F.);
#6363=ORIENTED_EDGE('',*,*,#4699,.T.);
#6364=ORIENTED_EDGE('',*,*,#4691,.F.);
#6365=ORIENTED_EDGE('',*,*,#4695,.T.);
#6366=ORIENTED_EDGE('',*,*,#4690,.F.);
#6367=ORIENTED_EDGE('',*,*,#4537,.T.);
#6368=ORIENTED_EDGE('',*,*,#4529,.F.);
#6369=ORIENTED_EDGE('',*,*,#4533,.T.);
#6370=ORIENTED_EDGE('',*,*,#4528,.F.);
#6371=ORIENTED_EDGE('',*,*,#4534,.T.);
#6372=ORIENTED_EDGE('',*,*,#4531,.F.);
#6373=ORIENTED_EDGE('',*,*,#4536,.F.);
#6374=ORIENTED_EDGE('',*,*,#4689,.F.);
#6375=ORIENTED_EDGE('',*,*,#4696,.T.);
#6376=ORIENTED_EDGE('',*,*,#4693,.F.);
#6377=ORIENTED_EDGE('',*,*,#4698,.F.);
#6378=ORIENTED_EDGE('',*,*,#4701,.F.);
#6379=ORIENTED_EDGE('',*,*,#4708,.T.);
#6380=ORIENTED_EDGE('',*,*,#4705,.F.);
#6381=ORIENTED_EDGE('',*,*,#4710,.F.);
#6382=ORIENTED_EDGE('',*,*,#4852,.F.);
#6383=ORIENTED_EDGE('',*,*,#4853,.T.);
#6384=ORIENTED_EDGE('',*,*,#4854,.F.);
#6385=ORIENTED_EDGE('',*,*,#4855,.F.);
#6386=ORIENTED_EDGE('',*,*,#4856,.F.);
#6387=ORIENTED_EDGE('',*,*,#4305,.T.);
#6388=ORIENTED_EDGE('',*,*,#4857,.T.);
#6389=ORIENTED_EDGE('',*,*,#4858,.T.);
#6390=ORIENTED_EDGE('',*,*,#4859,.F.);
#6391=ORIENTED_EDGE('',*,*,#4860,.F.);
#6392=ORIENTED_EDGE('',*,*,#4861,.T.);
#6393=ORIENTED_EDGE('',*,*,#4862,.T.);
#6394=ORIENTED_EDGE('',*,*,#4863,.F.);
#6395=ORIENTED_EDGE('',*,*,#4864,.F.);
#6396=ORIENTED_EDGE('',*,*,#4865,.T.);
#6397=ORIENTED_EDGE('',*,*,#4866,.T.);
#6398=ORIENTED_EDGE('',*,*,#4867,.F.);
#6399=ORIENTED_EDGE('',*,*,#4868,.F.);
#6400=ORIENTED_EDGE('',*,*,#4869,.T.);
#6401=ORIENTED_EDGE('',*,*,#4870,.T.);
#6402=ORIENTED_EDGE('',*,*,#4871,.F.);
#6403=ORIENTED_EDGE('',*,*,#4872,.F.);
#6404=ORIENTED_EDGE('',*,*,#4873,.T.);
#6405=ORIENTED_EDGE('',*,*,#4874,.T.);
#6406=ORIENTED_EDGE('',*,*,#4875,.F.);
#6407=ORIENTED_EDGE('',*,*,#4876,.F.);
#6408=ORIENTED_EDGE('',*,*,#4877,.T.);
#6409=ORIENTED_EDGE('',*,*,#4878,.T.);
#6410=ORIENTED_EDGE('',*,*,#4879,.F.);
#6411=ORIENTED_EDGE('',*,*,#4880,.F.);
#6412=ORIENTED_EDGE('',*,*,#4881,.T.);
#6413=ORIENTED_EDGE('',*,*,#4882,.T.);
#6414=ORIENTED_EDGE('',*,*,#4883,.F.);
#6415=ORIENTED_EDGE('',*,*,#4884,.F.);
#6416=ORIENTED_EDGE('',*,*,#4885,.T.);
#6417=ORIENTED_EDGE('',*,*,#4886,.T.);
#6418=ORIENTED_EDGE('',*,*,#4887,.F.);
#6419=ORIENTED_EDGE('',*,*,#4888,.F.);
#6420=ORIENTED_EDGE('',*,*,#4889,.T.);
#6421=ORIENTED_EDGE('',*,*,#4366,.T.);
#6422=ORIENTED_EDGE('',*,*,#4890,.F.);
#6423=ORIENTED_EDGE('',*,*,#4891,.T.);
#6424=ORIENTED_EDGE('',*,*,#4892,.F.);
#6425=ORIENTED_EDGE('',*,*,#4893,.T.);
#6426=ORIENTED_EDGE('',*,*,#4894,.T.);
#6427=ORIENTED_EDGE('',*,*,#4852,.T.);
#6428=ORIENTED_EDGE('',*,*,#4709,.T.);
#6429=ORIENTED_EDGE('',*,*,#4851,.T.);
#6430=ORIENTED_EDGE('',*,*,#4892,.T.);
#6431=ORIENTED_EDGE('',*,*,#4895,.T.);
#6432=ORIENTED_EDGE('',*,*,#4854,.T.);
#6433=ORIENTED_EDGE('',*,*,#4896,.T.);
#6434=ORIENTED_EDGE('',*,*,#4894,.F.);
#6435=ORIENTED_EDGE('',*,*,#4893,.F.);
#6436=ORIENTED_EDGE('',*,*,#4896,.F.);
#6437=ORIENTED_EDGE('',*,*,#4853,.F.);
#6438=ORIENTED_EDGE('',*,*,#4897,.F.);
#6439=ORIENTED_EDGE('',*,*,#4855,.T.);
#6440=ORIENTED_EDGE('',*,*,#4895,.F.);
#6441=ORIENTED_EDGE('',*,*,#4891,.F.);
#6442=ORIENTED_EDGE('',*,*,#4256,.T.);
#6443=ORIENTED_EDGE('',*,*,#4297,.T.);
#6444=ORIENTED_EDGE('',*,*,#4236,.T.);
#6445=ORIENTED_EDGE('',*,*,#4414,.F.);
#6446=ORIENTED_EDGE('',*,*,#4773,.T.);
#6447=ORIENTED_EDGE('',*,*,#4898,.T.);
#6448=ORIENTED_EDGE('',*,*,#4793,.T.);
#6449=ORIENTED_EDGE('',*,*,#4899,.T.);
#6450=ORIENTED_EDGE('',*,*,#4900,.F.);
#6451=ORIENTED_EDGE('',*,*,#4794,.T.);
#6452=ORIENTED_EDGE('',*,*,#4898,.F.);
#6453=ORIENTED_EDGE('',*,*,#4772,.F.);
#6454=ORIENTED_EDGE('',*,*,#4901,.F.);
#6455=ORIENTED_EDGE('',*,*,#4774,.T.);
#6456=ORIENTED_EDGE('',*,*,#4899,.F.);
#6457=ORIENTED_EDGE('',*,*,#4792,.F.);
#6458=ORIENTED_EDGE('',*,*,#4902,.T.);
#6459=ORIENTED_EDGE('',*,*,#4873,.F.);
#6460=ORIENTED_EDGE('',*,*,#4871,.T.);
#6461=ORIENTED_EDGE('',*,*,#4903,.T.);
#6462=ORIENTED_EDGE('',*,*,#4875,.T.);
#6463=ORIENTED_EDGE('',*,*,#4904,.T.);
#6464=ORIENTED_EDGE('',*,*,#4905,.F.);
#6465=ORIENTED_EDGE('',*,*,#4876,.T.);
#6466=ORIENTED_EDGE('',*,*,#4903,.F.);
#6467=ORIENTED_EDGE('',*,*,#4870,.F.);
#6468=ORIENTED_EDGE('',*,*,#4902,.F.);
#6469=ORIENTED_EDGE('',*,*,#4872,.T.);
#6470=ORIENTED_EDGE('',*,*,#4904,.F.);
#6471=ORIENTED_EDGE('',*,*,#4874,.F.);
#6472=ORIENTED_EDGE('',*,*,#4863,.T.);
#6473=ORIENTED_EDGE('',*,*,#4906,.T.);
#6474=ORIENTED_EDGE('',*,*,#4883,.T.);
#6475=ORIENTED_EDGE('',*,*,#4907,.T.);
#6476=ORIENTED_EDGE('',*,*,#4908,.F.);
#6477=ORIENTED_EDGE('',*,*,#4884,.T.);
#6478=ORIENTED_EDGE('',*,*,#4906,.F.);
#6479=ORIENTED_EDGE('',*,*,#4862,.F.);
#6480=ORIENTED_EDGE('',*,*,#4909,.F.);
#6481=ORIENTED_EDGE('',*,*,#4864,.T.);
#6482=ORIENTED_EDGE('',*,*,#4907,.F.);
#6483=ORIENTED_EDGE('',*,*,#4882,.F.);
#6484=ORIENTED_EDGE('',*,*,#4910,.T.);
#6485=ORIENTED_EDGE('',*,*,#4911,.T.);
#6486=ORIENTED_EDGE('',*,*,#4375,.F.);
#6487=ORIENTED_EDGE('',*,*,#4912,.T.);
#6488=ORIENTED_EDGE('',*,*,#4913,.T.);
#6489=ORIENTED_EDGE('',*,*,#4914,.T.);
#6490=ORIENTED_EDGE('',*,*,#4437,.F.);
#6491=ORIENTED_EDGE('',*,*,#4915,.T.);
#6492=ORIENTED_EDGE('',*,*,#4916,.T.);
#6493=ORIENTED_EDGE('',*,*,#4917,.T.);
#6494=ORIENTED_EDGE('',*,*,#4433,.F.);
#6495=ORIENTED_EDGE('',*,*,#4918,.T.);
#6496=ORIENTED_EDGE('',*,*,#4919,.T.);
#6497=ORIENTED_EDGE('',*,*,#4775,.F.);
#6498=ORIENTED_EDGE('',*,*,#4901,.T.);
#6499=ORIENTED_EDGE('',*,*,#4791,.F.);
#6500=ORIENTED_EDGE('',*,*,#4777,.T.);
#6501=ORIENTED_EDGE('',*,*,#4920,.T.);
#6502=ORIENTED_EDGE('',*,*,#4789,.T.);
#6503=ORIENTED_EDGE('',*,*,#4921,.T.);
#6504=ORIENTED_EDGE('',*,*,#4919,.F.);
#6505=ORIENTED_EDGE('',*,*,#4790,.T.);
#6506=ORIENTED_EDGE('',*,*,#4920,.F.);
#6507=ORIENTED_EDGE('',*,*,#4776,.F.);
#6508=ORIENTED_EDGE('',*,*,#4922,.F.);
#6509=ORIENTED_EDGE('',*,*,#4778,.T.);
#6510=ORIENTED_EDGE('',*,*,#4921,.F.);
#6511=ORIENTED_EDGE('',*,*,#4788,.F.);
#6512=ORIENTED_EDGE('',*,*,#4923,.T.);
#6513=ORIENTED_EDGE('',*,*,#4924,.T.);
#6514=ORIENTED_EDGE('',*,*,#4429,.F.);
#6515=ORIENTED_EDGE('',*,*,#4925,.T.);
#6516=ORIENTED_EDGE('',*,*,#4926,.T.);
#6517=ORIENTED_EDGE('',*,*,#4238,.T.);
#6518=ORIENTED_EDGE('',*,*,#4295,.T.);
#6519=ORIENTED_EDGE('',*,*,#4927,.T.);
#6520=ORIENTED_EDGE('',*,*,#4928,.T.);
#6521=ORIENTED_EDGE('',*,*,#4929,.T.);
#6522=ORIENTED_EDGE('',*,*,#4407,.F.);
#6523=ORIENTED_EDGE('',*,*,#4930,.T.);
#6524=ORIENTED_EDGE('',*,*,#4931,.T.);
#6525=ORIENTED_EDGE('',*,*,#4246,.T.);
#6526=ORIENTED_EDGE('',*,*,#4287,.T.);
#6527=ORIENTED_EDGE('',*,*,#4244,.T.);
#6528=ORIENTED_EDGE('',*,*,#4411,.F.);
#6529=ORIENTED_EDGE('',*,*,#4932,.T.);
#6530=ORIENTED_EDGE('',*,*,#4933,.T.);
#6531=ORIENTED_EDGE('',*,*,#4934,.T.);
#6532=ORIENTED_EDGE('',*,*,#4417,.F.);
#6533=ORIENTED_EDGE('',*,*,#4935,.T.);
#6534=ORIENTED_EDGE('',*,*,#4936,.T.);
#6535=ORIENTED_EDGE('',*,*,#4795,.F.);
#6536=ORIENTED_EDGE('',*,*,#4900,.T.);
#6537=ORIENTED_EDGE('',*,*,#4771,.F.);
#6538=ORIENTED_EDGE('',*,*,#4769,.T.);
#6539=ORIENTED_EDGE('',*,*,#4937,.T.);
#6540=ORIENTED_EDGE('',*,*,#4797,.T.);
#6541=ORIENTED_EDGE('',*,*,#4938,.T.);
#6542=ORIENTED_EDGE('',*,*,#4939,.F.);
#6543=ORIENTED_EDGE('',*,*,#4798,.T.);
#6544=ORIENTED_EDGE('',*,*,#4937,.F.);
#6545=ORIENTED_EDGE('',*,*,#4768,.F.);
#6546=ORIENTED_EDGE('',*,*,#4936,.F.);
#6547=ORIENTED_EDGE('',*,*,#4770,.T.);
#6548=ORIENTED_EDGE('',*,*,#4938,.F.);
#6549=ORIENTED_EDGE('',*,*,#4796,.F.);
#6550=ORIENTED_EDGE('',*,*,#4940,.T.);
#6551=ORIENTED_EDGE('',*,*,#4941,.T.);
#6552=ORIENTED_EDGE('',*,*,#4449,.F.);
#6553=ORIENTED_EDGE('',*,*,#4942,.T.);
#6554=ORIENTED_EDGE('',*,*,#4943,.T.);
#6555=ORIENTED_EDGE('',*,*,#4944,.T.);
#6556=ORIENTED_EDGE('',*,*,#4387,.F.);
#6557=ORIENTED_EDGE('',*,*,#4945,.T.);
#6558=ORIENTED_EDGE('',*,*,#4946,.T.);
#6559=ORIENTED_EDGE('',*,*,#4947,.T.);
#6560=ORIENTED_EDGE('',*,*,#4371,.F.);
#6561=ORIENTED_EDGE('',*,*,#4948,.T.);
#6562=ORIENTED_EDGE('',*,*,#4949,.T.);
#6563=ORIENTED_EDGE('',*,*,#4865,.F.);
#6564=ORIENTED_EDGE('',*,*,#4909,.T.);
#6565=ORIENTED_EDGE('',*,*,#4881,.F.);
#6566=ORIENTED_EDGE('',*,*,#4950,.T.);
#6567=ORIENTED_EDGE('',*,*,#4877,.F.);
#6568=ORIENTED_EDGE('',*,*,#4905,.T.);
#6569=ORIENTED_EDGE('',*,*,#4869,.F.);
#6570=ORIENTED_EDGE('',*,*,#4867,.T.);
#6571=ORIENTED_EDGE('',*,*,#4951,.T.);
#6572=ORIENTED_EDGE('',*,*,#4879,.T.);
#6573=ORIENTED_EDGE('',*,*,#4952,.T.);
#6574=ORIENTED_EDGE('',*,*,#4949,.F.);
#6575=ORIENTED_EDGE('',*,*,#4880,.T.);
#6576=ORIENTED_EDGE('',*,*,#4951,.F.);
#6577=ORIENTED_EDGE('',*,*,#4866,.F.);
#6578=ORIENTED_EDGE('',*,*,#4950,.F.);
#6579=ORIENTED_EDGE('',*,*,#4868,.T.);
#6580=ORIENTED_EDGE('',*,*,#4952,.F.);
#6581=ORIENTED_EDGE('',*,*,#4878,.F.);
#6582=ORIENTED_EDGE('',*,*,#4953,.T.);
#6583=ORIENTED_EDGE('',*,*,#4954,.T.);
#6584=ORIENTED_EDGE('',*,*,#4367,.F.);
#6585=ORIENTED_EDGE('',*,*,#4889,.F.);
#6586=ORIENTED_EDGE('',*,*,#4955,.T.);
#6587=ORIENTED_EDGE('',*,*,#4857,.F.);
#6588=ORIENTED_EDGE('',*,*,#4304,.T.);
#6589=ORIENTED_EDGE('',*,*,#4956,.T.);
#6590=ORIENTED_EDGE('',*,*,#4885,.F.);
#6591=ORIENTED_EDGE('',*,*,#4908,.T.);
#6592=ORIENTED_EDGE('',*,*,#4861,.F.);
#6593=ORIENTED_EDGE('',*,*,#4859,.T.);
#6594=ORIENTED_EDGE('',*,*,#4957,.T.);
#6595=ORIENTED_EDGE('',*,*,#4887,.T.);
#6596=ORIENTED_EDGE('',*,*,#4958,.T.);
#6597=ORIENTED_EDGE('',*,*,#4955,.F.);
#6598=ORIENTED_EDGE('',*,*,#4888,.T.);
#6599=ORIENTED_EDGE('',*,*,#4957,.F.);
#6600=ORIENTED_EDGE('',*,*,#4858,.F.);
#6601=ORIENTED_EDGE('',*,*,#4956,.F.);
#6602=ORIENTED_EDGE('',*,*,#4860,.T.);
#6603=ORIENTED_EDGE('',*,*,#4958,.F.);
#6604=ORIENTED_EDGE('',*,*,#4886,.F.);
#6605=ORIENTED_EDGE('',*,*,#4959,.T.);
#6606=ORIENTED_EDGE('',*,*,#4960,.T.);
#6607=ORIENTED_EDGE('',*,*,#4383,.F.);
#6608=ORIENTED_EDGE('',*,*,#4961,.T.);
#6609=ORIENTED_EDGE('',*,*,#4962,.T.);
#6610=ORIENTED_EDGE('',*,*,#4963,.T.);
#6611=ORIENTED_EDGE('',*,*,#4379,.F.);
#6612=ORIENTED_EDGE('',*,*,#4964,.T.);
#6613=ORIENTED_EDGE('',*,*,#4965,.T.);
#6614=ORIENTED_EDGE('',*,*,#4966,.T.);
#6615=ORIENTED_EDGE('',*,*,#4445,.F.);
#6616=ORIENTED_EDGE('',*,*,#4967,.T.);
#6617=ORIENTED_EDGE('',*,*,#4968,.T.);
#6618=ORIENTED_EDGE('',*,*,#4969,.T.);
#6619=ORIENTED_EDGE('',*,*,#4441,.F.);
#6620=ORIENTED_EDGE('',*,*,#4970,.T.);
#6621=ORIENTED_EDGE('',*,*,#4971,.T.);
#6622=ORIENTED_EDGE('',*,*,#4972,.T.);
#6623=ORIENTED_EDGE('',*,*,#4395,.F.);
#6624=ORIENTED_EDGE('',*,*,#4973,.T.);
#6625=ORIENTED_EDGE('',*,*,#4974,.T.);
#6626=ORIENTED_EDGE('',*,*,#4975,.T.);
#6627=ORIENTED_EDGE('',*,*,#4391,.F.);
#6628=ORIENTED_EDGE('',*,*,#4976,.T.);
#6629=ORIENTED_EDGE('',*,*,#4977,.T.);
#6630=ORIENTED_EDGE('',*,*,#4779,.F.);
#6631=ORIENTED_EDGE('',*,*,#4922,.T.);
#6632=ORIENTED_EDGE('',*,*,#4787,.F.);
#6633=ORIENTED_EDGE('',*,*,#4978,.T.);
#6634=ORIENTED_EDGE('',*,*,#4783,.F.);
#6635=ORIENTED_EDGE('',*,*,#4781,.T.);
#6636=ORIENTED_EDGE('',*,*,#4979,.T.);
#6637=ORIENTED_EDGE('',*,*,#4785,.T.);
#6638=ORIENTED_EDGE('',*,*,#4980,.T.);
#6639=ORIENTED_EDGE('',*,*,#4977,.F.);
#6640=ORIENTED_EDGE('',*,*,#4786,.T.);
#6641=ORIENTED_EDGE('',*,*,#4979,.F.);
#6642=ORIENTED_EDGE('',*,*,#4780,.F.);
#6643=ORIENTED_EDGE('',*,*,#4978,.F.);
#6644=ORIENTED_EDGE('',*,*,#4782,.T.);
#6645=ORIENTED_EDGE('',*,*,#4980,.F.);
#6646=ORIENTED_EDGE('',*,*,#4784,.F.);
#6647=ORIENTED_EDGE('',*,*,#4981,.T.);
#6648=ORIENTED_EDGE('',*,*,#4982,.T.);
#6649=ORIENTED_EDGE('',*,*,#4425,.F.);
#6650=ORIENTED_EDGE('',*,*,#4983,.T.);
#6651=ORIENTED_EDGE('',*,*,#4984,.T.);
#6652=ORIENTED_EDGE('',*,*,#4985,.T.);
#6653=ORIENTED_EDGE('',*,*,#4421,.F.);
#6654=ORIENTED_EDGE('',*,*,#4986,.T.);
#6655=ORIENTED_EDGE('',*,*,#4987,.T.);
#6656=ORIENTED_EDGE('',*,*,#4231,.T.);
#6657=ORIENTED_EDGE('',*,*,#4290,.T.);
#6658=ORIENTED_EDGE('',*,*,#4283,.T.);
#6659=ORIENTED_EDGE('',*,*,#4988,.T.);
#6660=ORIENTED_EDGE('',*,*,#4989,.T.);
#6661=ORIENTED_EDGE('',*,*,#4227,.T.);
#6662=ORIENTED_EDGE('',*,*,#4292,.T.);
#6663=ORIENTED_EDGE('',*,*,#4990,.T.);
#6664=ORIENTED_EDGE('',*,*,#4281,.T.);
#6665=ORIENTED_EDGE('',*,*,#4299,.T.);
#6666=ORIENTED_EDGE('',*,*,#4276,.T.);
#6667=ORIENTED_EDGE('',*,*,#4413,.F.);
#6668=ORIENTED_EDGE('',*,*,#4262,.T.);
#6669=ORIENTED_EDGE('',*,*,#4412,.F.);
#6670=ORIENTED_EDGE('',*,*,#4253,.T.);
#6671=ORIENTED_EDGE('',*,*,#4286,.T.);
#6672=ORIENTED_EDGE('',*,*,#4298,.T.);
#6673=ORIENTED_EDGE('',*,*,#4991,.T.);
#6674=ORIENTED_EDGE('',*,*,#4992,.T.);
#6675=ORIENTED_EDGE('',*,*,#4403,.F.);
#6676=ORIENTED_EDGE('',*,*,#4993,.T.);
#6677=ORIENTED_EDGE('',*,*,#4994,.T.);
#6678=ORIENTED_EDGE('',*,*,#4995,.T.);
#6679=ORIENTED_EDGE('',*,*,#4399,.F.);
#6680=ORIENTED_EDGE('',*,*,#4996,.T.);
#6681=ORIENTED_EDGE('',*,*,#4997,.T.);
#6682=ORIENTED_EDGE('',*,*,#4306,.T.);
#6683=ORIENTED_EDGE('',*,*,#4856,.T.);
#6684=ORIENTED_EDGE('',*,*,#4897,.T.);
#6685=ORIENTED_EDGE('',*,*,#4890,.T.);
#6686=ORIENTED_EDGE('',*,*,#4365,.T.);
#6687=ORIENTED_EDGE('',*,*,#4998,.T.);
#6688=ORIENTED_EDGE('',*,*,#4999,.T.);
#6689=ORIENTED_EDGE('',*,*,#5000,.T.);
#6690=ORIENTED_EDGE('',*,*,#4357,.T.);
#6691=ORIENTED_EDGE('',*,*,#5001,.T.);
#6692=ORIENTED_EDGE('',*,*,#5002,.T.);
#6693=ORIENTED_EDGE('',*,*,#5003,.T.);
#6694=ORIENTED_EDGE('',*,*,#4353,.T.);
#6695=ORIENTED_EDGE('',*,*,#5004,.T.);
#6696=ORIENTED_EDGE('',*,*,#5005,.T.);
#6697=ORIENTED_EDGE('',*,*,#5006,.T.);
#6698=ORIENTED_EDGE('',*,*,#4349,.T.);
#6699=ORIENTED_EDGE('',*,*,#5007,.T.);
#6700=ORIENTED_EDGE('',*,*,#5008,.T.);
#6701=ORIENTED_EDGE('',*,*,#5009,.T.);
#6702=ORIENTED_EDGE('',*,*,#4345,.T.);
#6703=ORIENTED_EDGE('',*,*,#5010,.T.);
#6704=ORIENTED_EDGE('',*,*,#5011,.T.);
#6705=ORIENTED_EDGE('',*,*,#5012,.T.);
#6706=ORIENTED_EDGE('',*,*,#4341,.T.);
#6707=ORIENTED_EDGE('',*,*,#4850,.T.);
#6708=ORIENTED_EDGE('',*,*,#4844,.T.);
#6709=ORIENTED_EDGE('',*,*,#4332,.T.);
#6710=ORIENTED_EDGE('',*,*,#4586,.T.);
#6711=ORIENTED_EDGE('',*,*,#5013,.T.);
#6712=ORIENTED_EDGE('',*,*,#5014,.T.);
#6713=ORIENTED_EDGE('',*,*,#5015,.T.);
#6714=ORIENTED_EDGE('',*,*,#4582,.T.);
#6715=ORIENTED_EDGE('',*,*,#5016,.T.);
#6716=ORIENTED_EDGE('',*,*,#5017,.T.);
#6717=ORIENTED_EDGE('',*,*,#5018,.T.);
#6718=ORIENTED_EDGE('',*,*,#4578,.T.);
#6719=ORIENTED_EDGE('',*,*,#5019,.T.);
#6720=ORIENTED_EDGE('',*,*,#5020,.T.);
#6721=ORIENTED_EDGE('',*,*,#5021,.T.);
#6722=ORIENTED_EDGE('',*,*,#4574,.T.);
#6723=ORIENTED_EDGE('',*,*,#5022,.T.);
#6724=ORIENTED_EDGE('',*,*,#5023,.T.);
#6725=ORIENTED_EDGE('',*,*,#5024,.T.);
#6726=ORIENTED_EDGE('',*,*,#4570,.T.);
#6727=ORIENTED_EDGE('',*,*,#5025,.T.);
#6728=ORIENTED_EDGE('',*,*,#5026,.T.);
#6729=ORIENTED_EDGE('',*,*,#5027,.T.);
#6730=ORIENTED_EDGE('',*,*,#4566,.T.);
#6731=ORIENTED_EDGE('',*,*,#5028,.T.);
#6732=ORIENTED_EDGE('',*,*,#5029,.T.);
#6733=ORIENTED_EDGE('',*,*,#5030,.T.);
#6734=ORIENTED_EDGE('',*,*,#4562,.T.);
#6735=ORIENTED_EDGE('',*,*,#5031,.T.);
#6736=ORIENTED_EDGE('',*,*,#5032,.T.);
#6737=ORIENTED_EDGE('',*,*,#5033,.T.);
#6738=ORIENTED_EDGE('',*,*,#4558,.T.);
#6739=ORIENTED_EDGE('',*,*,#5034,.T.);
#6740=ORIENTED_EDGE('',*,*,#5035,.T.);
#6741=ORIENTED_EDGE('',*,*,#5036,.T.);
#6742=ORIENTED_EDGE('',*,*,#4554,.T.);
#6743=ORIENTED_EDGE('',*,*,#5037,.T.);
#6744=ORIENTED_EDGE('',*,*,#5038,.T.);
#6745=ORIENTED_EDGE('',*,*,#4300,.T.);
#6746=ORIENTED_EDGE('',*,*,#4799,.F.);
#6747=ORIENTED_EDGE('',*,*,#4939,.T.);
#6748=ORIENTED_EDGE('',*,*,#4767,.F.);
#6749=ORIENTED_EDGE('',*,*,#4453,.F.);
#6750=ORIENTED_EDGE('',*,*,#5039,.T.);
#6751=ORIENTED_EDGE('',*,*,#5040,.T.);
#6752=ORIENTED_EDGE('',*,*,#5041,.T.);
#6753=ORIENTED_EDGE('',*,*,#4550,.T.);
#6754=ORIENTED_EDGE('',*,*,#5042,.T.);
#6755=ORIENTED_EDGE('',*,*,#5043,.T.);
#6756=ORIENTED_EDGE('',*,*,#5044,.T.);
#6757=ORIENTED_EDGE('',*,*,#4546,.T.);
#6758=ORIENTED_EDGE('',*,*,#5045,.T.);
#6759=ORIENTED_EDGE('',*,*,#5046,.T.);
#6760=ORIENTED_EDGE('',*,*,#5047,.T.);
#6761=ORIENTED_EDGE('',*,*,#4542,.T.);
#6762=ORIENTED_EDGE('',*,*,#5048,.T.);
#6763=ORIENTED_EDGE('',*,*,#5049,.T.);
#6764=ORIENTED_EDGE('',*,*,#5050,.T.);
#6765=ORIENTED_EDGE('',*,*,#4538,.T.);
#6766=ORIENTED_EDGE('',*,*,#5051,.T.);
#6767=ORIENTED_EDGE('',*,*,#5052,.T.);
#6768=ORIENTED_EDGE('',*,*,#5053,.T.);
#6769=ORIENTED_EDGE('',*,*,#4587,.T.);
#6770=ORIENTED_EDGE('',*,*,#4335,.T.);
#6771=ORIENTED_EDGE('',*,*,#4843,.T.);
#6772=ORIENTED_EDGE('',*,*,#4824,.T.);
#6773=ORIENTED_EDGE('',*,*,#4475,.T.);
#6774=ORIENTED_EDGE('',*,*,#5054,.T.);
#6775=ORIENTED_EDGE('',*,*,#5055,.T.);
#6776=ORIENTED_EDGE('',*,*,#4323,.F.);
#6777=ORIENTED_EDGE('',*,*,#4339,.T.);
#6778=ORIENTED_EDGE('',*,*,#5056,.T.);
#6779=ORIENTED_EDGE('',*,*,#5057,.T.);
#6780=ORIENTED_EDGE('',*,*,#5056,.F.);
#6781=ORIENTED_EDGE('',*,*,#4338,.T.);
#6782=ORIENTED_EDGE('',*,*,#4214,.T.);
#6783=ORIENTED_EDGE('',*,*,#4218,.T.);
#6784=ORIENTED_EDGE('',*,*,#4206,.F.);
#6785=ORIENTED_EDGE('',*,*,#4221,.F.);
#6786=ORIENTED_EDGE('',*,*,#5058,.T.);
#6787=ORIENTED_EDGE('',*,*,#5054,.F.);
#6788=ORIENTED_EDGE('',*,*,#4474,.F.);
#6789=ORIENTED_EDGE('',*,*,#5059,.F.);
#6790=ORIENTED_EDGE('',*,*,#5060,.T.);
#6791=ORIENTED_EDGE('',*,*,#5059,.T.);
#6792=ORIENTED_EDGE('',*,*,#4473,.T.);
#6793=ORIENTED_EDGE('',*,*,#4595,.T.);
#6794=ORIENTED_EDGE('',*,*,#5061,.T.);
#6795=ORIENTED_EDGE('',*,*,#4593,.F.);
#6796=ORIENTED_EDGE('',*,*,#4470,.F.);
#6797=ORIENTED_EDGE('',*,*,#5062,.F.);
#6798=ORIENTED_EDGE('',*,*,#5063,.T.);
#6799=ORIENTED_EDGE('',*,*,#5064,.F.);
#6800=ORIENTED_EDGE('',*,*,#4588,.F.);
#6801=ORIENTED_EDGE('',*,*,#5053,.F.);
#6802=ORIENTED_EDGE('',*,*,#5065,.T.);
#6803=ORIENTED_EDGE('',*,*,#5066,.F.);
#6804=ORIENTED_EDGE('',*,*,#4468,.F.);
#6805=ORIENTED_EDGE('',*,*,#4715,.F.);
#6806=ORIENTED_EDGE('',*,*,#5067,.T.);
#6807=ORIENTED_EDGE('',*,*,#5062,.T.);
#6808=ORIENTED_EDGE('',*,*,#4469,.T.);
#6809=ORIENTED_EDGE('',*,*,#5066,.T.);
#6810=ORIENTED_EDGE('',*,*,#5068,.T.);
#6811=ORIENTED_EDGE('',*,*,#5051,.F.);
#6812=ORIENTED_EDGE('',*,*,#4590,.F.);
#6813=ORIENTED_EDGE('',*,*,#5069,.F.);
#6814=ORIENTED_EDGE('',*,*,#5070,.T.);
#6815=ORIENTED_EDGE('',*,*,#5069,.T.);
#6816=ORIENTED_EDGE('',*,*,#4589,.T.);
#6817=ORIENTED_EDGE('',*,*,#5064,.T.);
#6818=ORIENTED_EDGE('',*,*,#5071,.T.);
#6819=ORIENTED_EDGE('',*,*,#5072,.F.);
#6820=ORIENTED_EDGE('',*,*,#4539,.F.);
#6821=ORIENTED_EDGE('',*,*,#5050,.F.);
#6822=ORIENTED_EDGE('',*,*,#5073,.T.);
#6823=ORIENTED_EDGE('',*,*,#5048,.F.);
#6824=ORIENTED_EDGE('',*,*,#4541,.F.);
#6825=ORIENTED_EDGE('',*,*,#5074,.F.);
#6826=ORIENTED_EDGE('',*,*,#5075,.T.);
#6827=ORIENTED_EDGE('',*,*,#5074,.T.);
#6828=ORIENTED_EDGE('',*,*,#4540,.T.);
#6829=ORIENTED_EDGE('',*,*,#5072,.T.);
#6830=ORIENTED_EDGE('',*,*,#5076,.T.);
#6831=ORIENTED_EDGE('',*,*,#4716,.F.);
#6832=ORIENTED_EDGE('',*,*,#4466,.F.);
#6833=ORIENTED_EDGE('',*,*,#5077,.F.);
#6834=ORIENTED_EDGE('',*,*,#5078,.T.);
#6835=ORIENTED_EDGE('',*,*,#5079,.F.);
#6836=ORIENTED_EDGE('',*,*,#4543,.F.);
#6837=ORIENTED_EDGE('',*,*,#5047,.F.);
#6838=ORIENTED_EDGE('',*,*,#5080,.T.);
#6839=ORIENTED_EDGE('',*,*,#5081,.F.);
#6840=ORIENTED_EDGE('',*,*,#4464,.F.);
#6841=ORIENTED_EDGE('',*,*,#4742,.F.);
#6842=ORIENTED_EDGE('',*,*,#5082,.T.);
#6843=ORIENTED_EDGE('',*,*,#5077,.T.);
#6844=ORIENTED_EDGE('',*,*,#4465,.T.);
#6845=ORIENTED_EDGE('',*,*,#5081,.T.);
#6846=ORIENTED_EDGE('',*,*,#5083,.T.);
#6847=ORIENTED_EDGE('',*,*,#5045,.F.);
#6848=ORIENTED_EDGE('',*,*,#4545,.F.);
#6849=ORIENTED_EDGE('',*,*,#5084,.F.);
#6850=ORIENTED_EDGE('',*,*,#5085,.T.);
#6851=ORIENTED_EDGE('',*,*,#5084,.T.);
#6852=ORIENTED_EDGE('',*,*,#4544,.T.);
#6853=ORIENTED_EDGE('',*,*,#5079,.T.);
#6854=ORIENTED_EDGE('',*,*,#5086,.T.);
#6855=ORIENTED_EDGE('',*,*,#5087,.F.);
#6856=ORIENTED_EDGE('',*,*,#4547,.F.);
#6857=ORIENTED_EDGE('',*,*,#5044,.F.);
#6858=ORIENTED_EDGE('',*,*,#5088,.T.);
#6859=ORIENTED_EDGE('',*,*,#5042,.F.);
#6860=ORIENTED_EDGE('',*,*,#4549,.F.);
#6861=ORIENTED_EDGE('',*,*,#5089,.F.);
#6862=ORIENTED_EDGE('',*,*,#5090,.T.);
#6863=ORIENTED_EDGE('',*,*,#5089,.T.);
#6864=ORIENTED_EDGE('',*,*,#4548,.T.);
#6865=ORIENTED_EDGE('',*,*,#5087,.T.);
#6866=ORIENTED_EDGE('',*,*,#5091,.T.);
#6867=ORIENTED_EDGE('',*,*,#4743,.F.);
#6868=ORIENTED_EDGE('',*,*,#4462,.F.);
#6869=ORIENTED_EDGE('',*,*,#5092,.F.);
#6870=ORIENTED_EDGE('',*,*,#5093,.T.);
#6871=ORIENTED_EDGE('',*,*,#5094,.F.);
#6872=ORIENTED_EDGE('',*,*,#4551,.F.);
#6873=ORIENTED_EDGE('',*,*,#5041,.F.);
#6874=ORIENTED_EDGE('',*,*,#5095,.T.);
#6875=ORIENTED_EDGE('',*,*,#5096,.F.);
#6876=ORIENTED_EDGE('',*,*,#4460,.F.);
#6877=ORIENTED_EDGE('',*,*,#4624,.F.);
#6878=ORIENTED_EDGE('',*,*,#5097,.T.);
#6879=ORIENTED_EDGE('',*,*,#5092,.T.);
#6880=ORIENTED_EDGE('',*,*,#4461,.T.);
#6881=ORIENTED_EDGE('',*,*,#5096,.T.);
#6882=ORIENTED_EDGE('',*,*,#5098,.T.);
#6883=ORIENTED_EDGE('',*,*,#5037,.F.);
#6884=ORIENTED_EDGE('',*,*,#4553,.F.);
#6885=ORIENTED_EDGE('',*,*,#5099,.F.);
#6886=ORIENTED_EDGE('',*,*,#5100,.T.);
#6887=ORIENTED_EDGE('',*,*,#5099,.T.);
#6888=ORIENTED_EDGE('',*,*,#4552,.T.);
#6889=ORIENTED_EDGE('',*,*,#5094,.T.);
#6890=ORIENTED_EDGE('',*,*,#5101,.T.);
#6891=ORIENTED_EDGE('',*,*,#5102,.F.);
#6892=ORIENTED_EDGE('',*,*,#4555,.F.);
#6893=ORIENTED_EDGE('',*,*,#5036,.F.);
#6894=ORIENTED_EDGE('',*,*,#5103,.T.);
#6895=ORIENTED_EDGE('',*,*,#4625,.F.);
#6896=ORIENTED_EDGE('',*,*,#4458,.F.);
#6897=ORIENTED_EDGE('',*,*,#5104,.F.);
#6898=ORIENTED_EDGE('',*,*,#5105,.T.);
#6899=ORIENTED_EDGE('',*,*,#5034,.F.);
#6900=ORIENTED_EDGE('',*,*,#4557,.F.);
#6901=ORIENTED_EDGE('',*,*,#5106,.F.);
#6902=ORIENTED_EDGE('',*,*,#5107,.T.);
#6903=ORIENTED_EDGE('',*,*,#5106,.T.);
#6904=ORIENTED_EDGE('',*,*,#4556,.T.);
#6905=ORIENTED_EDGE('',*,*,#5102,.T.);
#6906=ORIENTED_EDGE('',*,*,#5108,.T.);
#6907=ORIENTED_EDGE('',*,*,#5109,.F.);
#6908=ORIENTED_EDGE('',*,*,#4456,.F.);
#6909=ORIENTED_EDGE('',*,*,#4662,.F.);
#6910=ORIENTED_EDGE('',*,*,#5110,.T.);
#6911=ORIENTED_EDGE('',*,*,#5104,.T.);
#6912=ORIENTED_EDGE('',*,*,#4457,.T.);
#6913=ORIENTED_EDGE('',*,*,#5109,.T.);
#6914=ORIENTED_EDGE('',*,*,#5111,.T.);
#6915=ORIENTED_EDGE('',*,*,#5112,.F.);
#6916=ORIENTED_EDGE('',*,*,#4559,.F.);
#6917=ORIENTED_EDGE('',*,*,#5033,.F.);
#6918=ORIENTED_EDGE('',*,*,#5113,.T.);
#6919=ORIENTED_EDGE('',*,*,#5031,.F.);
#6920=ORIENTED_EDGE('',*,*,#4561,.F.);
#6921=ORIENTED_EDGE('',*,*,#5114,.F.);
#6922=ORIENTED_EDGE('',*,*,#5115,.T.);
#6923=ORIENTED_EDGE('',*,*,#5114,.T.);
#6924=ORIENTED_EDGE('',*,*,#4560,.T.);
#6925=ORIENTED_EDGE('',*,*,#5112,.T.);
#6926=ORIENTED_EDGE('',*,*,#5116,.T.);
#6927=ORIENTED_EDGE('',*,*,#5117,.F.);
#6928=ORIENTED_EDGE('',*,*,#4563,.F.);
#6929=ORIENTED_EDGE('',*,*,#5030,.F.);
#6930=ORIENTED_EDGE('',*,*,#5118,.T.);
#6931=ORIENTED_EDGE('',*,*,#5028,.F.);
#6932=ORIENTED_EDGE('',*,*,#4565,.F.);
#6933=ORIENTED_EDGE('',*,*,#5119,.F.);
#6934=ORIENTED_EDGE('',*,*,#5120,.T.);
#6935=ORIENTED_EDGE('',*,*,#5119,.T.);
#6936=ORIENTED_EDGE('',*,*,#4564,.T.);
#6937=ORIENTED_EDGE('',*,*,#5117,.T.);
#6938=ORIENTED_EDGE('',*,*,#5121,.T.);
#6939=ORIENTED_EDGE('',*,*,#5122,.F.);
#6940=ORIENTED_EDGE('',*,*,#4567,.F.);
#6941=ORIENTED_EDGE('',*,*,#5027,.F.);
#6942=ORIENTED_EDGE('',*,*,#5123,.T.);
#6943=ORIENTED_EDGE('',*,*,#5025,.F.);
#6944=ORIENTED_EDGE('',*,*,#4569,.F.);
#6945=ORIENTED_EDGE('',*,*,#5124,.F.);
#6946=ORIENTED_EDGE('',*,*,#5125,.T.);
#6947=ORIENTED_EDGE('',*,*,#5124,.T.);
#6948=ORIENTED_EDGE('',*,*,#4568,.T.);
#6949=ORIENTED_EDGE('',*,*,#5122,.T.);
#6950=ORIENTED_EDGE('',*,*,#5126,.T.);
#6951=ORIENTED_EDGE('',*,*,#5127,.F.);
#6952=ORIENTED_EDGE('',*,*,#4571,.F.);
#6953=ORIENTED_EDGE('',*,*,#5024,.F.);
#6954=ORIENTED_EDGE('',*,*,#5128,.T.);
#6955=ORIENTED_EDGE('',*,*,#5022,.F.);
#6956=ORIENTED_EDGE('',*,*,#4573,.F.);
#6957=ORIENTED_EDGE('',*,*,#5129,.F.);
#6958=ORIENTED_EDGE('',*,*,#5130,.T.);
#6959=ORIENTED_EDGE('',*,*,#5129,.T.);
#6960=ORIENTED_EDGE('',*,*,#4572,.T.);
#6961=ORIENTED_EDGE('',*,*,#5127,.T.);
#6962=ORIENTED_EDGE('',*,*,#5131,.T.);
#6963=ORIENTED_EDGE('',*,*,#5132,.F.);
#6964=ORIENTED_EDGE('',*,*,#4575,.F.);
#6965=ORIENTED_EDGE('',*,*,#5021,.F.);
#6966=ORIENTED_EDGE('',*,*,#5133,.T.);
#6967=ORIENTED_EDGE('',*,*,#5019,.F.);
#6968=ORIENTED_EDGE('',*,*,#4577,.F.);
#6969=ORIENTED_EDGE('',*,*,#5134,.F.);
#6970=ORIENTED_EDGE('',*,*,#5135,.T.);
#6971=ORIENTED_EDGE('',*,*,#5134,.T.);
#6972=ORIENTED_EDGE('',*,*,#4576,.T.);
#6973=ORIENTED_EDGE('',*,*,#5132,.T.);
#6974=ORIENTED_EDGE('',*,*,#5136,.T.);
#6975=ORIENTED_EDGE('',*,*,#5137,.F.);
#6976=ORIENTED_EDGE('',*,*,#4579,.F.);
#6977=ORIENTED_EDGE('',*,*,#5018,.F.);
#6978=ORIENTED_EDGE('',*,*,#5138,.T.);
#6979=ORIENTED_EDGE('',*,*,#5016,.F.);
#6980=ORIENTED_EDGE('',*,*,#4581,.F.);
#6981=ORIENTED_EDGE('',*,*,#5139,.F.);
#6982=ORIENTED_EDGE('',*,*,#5140,.T.);
#6983=ORIENTED_EDGE('',*,*,#5139,.T.);
#6984=ORIENTED_EDGE('',*,*,#4580,.T.);
#6985=ORIENTED_EDGE('',*,*,#5137,.T.);
#6986=ORIENTED_EDGE('',*,*,#5141,.T.);
#6987=ORIENTED_EDGE('',*,*,#5142,.F.);
#6988=ORIENTED_EDGE('',*,*,#4583,.F.);
#6989=ORIENTED_EDGE('',*,*,#5015,.F.);
#6990=ORIENTED_EDGE('',*,*,#5143,.T.);
#6991=ORIENTED_EDGE('',*,*,#5013,.F.);
#6992=ORIENTED_EDGE('',*,*,#4585,.F.);
#6993=ORIENTED_EDGE('',*,*,#5144,.F.);
#6994=ORIENTED_EDGE('',*,*,#5145,.T.);
#6995=ORIENTED_EDGE('',*,*,#5144,.T.);
#6996=ORIENTED_EDGE('',*,*,#4584,.T.);
#6997=ORIENTED_EDGE('',*,*,#5142,.T.);
#6998=ORIENTED_EDGE('',*,*,#5146,.T.);
#6999=ORIENTED_EDGE('',*,*,#5147,.F.);
#7000=ORIENTED_EDGE('',*,*,#4342,.F.);
#7001=ORIENTED_EDGE('',*,*,#5012,.F.);
#7002=ORIENTED_EDGE('',*,*,#5148,.T.);
#7003=ORIENTED_EDGE('',*,*,#5010,.F.);
#7004=ORIENTED_EDGE('',*,*,#4344,.F.);
#7005=ORIENTED_EDGE('',*,*,#5149,.F.);
#7006=ORIENTED_EDGE('',*,*,#5150,.T.);
#7007=ORIENTED_EDGE('',*,*,#5149,.T.);
#7008=ORIENTED_EDGE('',*,*,#4343,.T.);
#7009=ORIENTED_EDGE('',*,*,#5147,.T.);
#7010=ORIENTED_EDGE('',*,*,#5151,.T.);
#7011=ORIENTED_EDGE('',*,*,#5152,.F.);
#7012=ORIENTED_EDGE('',*,*,#4815,.T.);
#7013=ORIENTED_EDGE('',*,*,#4819,.F.);
#7014=ORIENTED_EDGE('',*,*,#4346,.F.);
#7015=ORIENTED_EDGE('',*,*,#5009,.F.);
#7016=ORIENTED_EDGE('',*,*,#5153,.T.);
#7017=ORIENTED_EDGE('',*,*,#5007,.F.);
#7018=ORIENTED_EDGE('',*,*,#4348,.F.);
#7019=ORIENTED_EDGE('',*,*,#4820,.F.);
#7020=ORIENTED_EDGE('',*,*,#4817,.T.);
#7021=ORIENTED_EDGE('',*,*,#5154,.F.);
#7022=ORIENTED_EDGE('',*,*,#5155,.T.);
#7023=ORIENTED_EDGE('',*,*,#5154,.T.);
#7024=ORIENTED_EDGE('',*,*,#4816,.T.);
#7025=ORIENTED_EDGE('',*,*,#5152,.T.);
#7026=ORIENTED_EDGE('',*,*,#5156,.T.);
#7027=ORIENTED_EDGE('',*,*,#5157,.F.);
#7028=ORIENTED_EDGE('',*,*,#4744,.T.);
#7029=ORIENTED_EDGE('',*,*,#4748,.F.);
#7030=ORIENTED_EDGE('',*,*,#4350,.F.);
#7031=ORIENTED_EDGE('',*,*,#5006,.F.);
#7032=ORIENTED_EDGE('',*,*,#5158,.T.);
#7033=ORIENTED_EDGE('',*,*,#5004,.F.);
#7034=ORIENTED_EDGE('',*,*,#4352,.F.);
#7035=ORIENTED_EDGE('',*,*,#4749,.F.);
#7036=ORIENTED_EDGE('',*,*,#4746,.T.);
#7037=ORIENTED_EDGE('',*,*,#5159,.F.);
#7038=ORIENTED_EDGE('',*,*,#5160,.T.);
#7039=ORIENTED_EDGE('',*,*,#5159,.T.);
#7040=ORIENTED_EDGE('',*,*,#4745,.T.);
#7041=ORIENTED_EDGE('',*,*,#5157,.T.);
#7042=ORIENTED_EDGE('',*,*,#5161,.T.);
#7043=ORIENTED_EDGE('',*,*,#5162,.F.);
#7044=ORIENTED_EDGE('',*,*,#4626,.T.);
#7045=ORIENTED_EDGE('',*,*,#4630,.F.);
#7046=ORIENTED_EDGE('',*,*,#4354,.F.);
#7047=ORIENTED_EDGE('',*,*,#5003,.F.);
#7048=ORIENTED_EDGE('',*,*,#5163,.T.);
#7049=ORIENTED_EDGE('',*,*,#5001,.F.);
#7050=ORIENTED_EDGE('',*,*,#4356,.F.);
#7051=ORIENTED_EDGE('',*,*,#4631,.F.);
#7052=ORIENTED_EDGE('',*,*,#4628,.T.);
#7053=ORIENTED_EDGE('',*,*,#5164,.F.);
#7054=ORIENTED_EDGE('',*,*,#5165,.T.);
#7055=ORIENTED_EDGE('',*,*,#5164,.T.);
#7056=ORIENTED_EDGE('',*,*,#4627,.T.);
#7057=ORIENTED_EDGE('',*,*,#5162,.T.);
#7058=ORIENTED_EDGE('',*,*,#5166,.T.);
#7059=ORIENTED_EDGE('',*,*,#5167,.F.);
#7060=ORIENTED_EDGE('',*,*,#4655,.T.);
#7061=ORIENTED_EDGE('',*,*,#4659,.F.);
#7062=ORIENTED_EDGE('',*,*,#4358,.F.);
#7063=ORIENTED_EDGE('',*,*,#5000,.F.);
#7064=ORIENTED_EDGE('',*,*,#5168,.T.);
#7065=ORIENTED_EDGE('',*,*,#4808,.F.);
#7066=ORIENTED_EDGE('',*,*,#4360,.F.);
#7067=ORIENTED_EDGE('',*,*,#4660,.F.);
#7068=ORIENTED_EDGE('',*,*,#4657,.T.);
#7069=ORIENTED_EDGE('',*,*,#5169,.F.);
#7070=ORIENTED_EDGE('',*,*,#5170,.T.);
#7071=ORIENTED_EDGE('',*,*,#5169,.T.);
#7072=ORIENTED_EDGE('',*,*,#4656,.T.);
#7073=ORIENTED_EDGE('',*,*,#5167,.T.);
#7074=ORIENTED_EDGE('',*,*,#5171,.T.);
#7075=ORIENTED_EDGE('',*,*,#5172,.F.);
#7076=ORIENTED_EDGE('',*,*,#4809,.F.);
#7077=ORIENTED_EDGE('',*,*,#4813,.F.);
#7078=ORIENTED_EDGE('',*,*,#4362,.F.);
#7079=ORIENTED_EDGE('',*,*,#4807,.F.);
#7080=ORIENTED_EDGE('',*,*,#5173,.T.);
#7081=ORIENTED_EDGE('',*,*,#5174,.T.);
#7082=ORIENTED_EDGE('',*,*,#4810,.T.);
#7083=ORIENTED_EDGE('',*,*,#5172,.T.);
#7084=ORIENTED_EDGE('',*,*,#5175,.T.);
#7085=ORIENTED_EDGE('',*,*,#4998,.F.);
#7086=ORIENTED_EDGE('',*,*,#4364,.F.);
#7087=ORIENTED_EDGE('',*,*,#4814,.F.);
#7088=ORIENTED_EDGE('',*,*,#4811,.F.);
#7089=ORIENTED_EDGE('',*,*,#5174,.F.);
#7090=ORIENTED_EDGE('',*,*,#4953,.F.);
#7091=ORIENTED_EDGE('',*,*,#4307,.F.);
#7092=ORIENTED_EDGE('',*,*,#4997,.F.);
#7093=ORIENTED_EDGE('',*,*,#5175,.F.);
#7094=ORIENTED_EDGE('',*,*,#5173,.F.);
#7095=ORIENTED_EDGE('',*,*,#5171,.F.);
#7096=ORIENTED_EDGE('',*,*,#4806,.F.);
#7097=ORIENTED_EDGE('',*,*,#5168,.F.);
#7098=ORIENTED_EDGE('',*,*,#5170,.F.);
#7099=ORIENTED_EDGE('',*,*,#5166,.F.);
#7100=ORIENTED_EDGE('',*,*,#4999,.F.);
#7101=ORIENTED_EDGE('',*,*,#5163,.F.);
#7102=ORIENTED_EDGE('',*,*,#5165,.F.);
#7103=ORIENTED_EDGE('',*,*,#5161,.F.);
#7104=ORIENTED_EDGE('',*,*,#5002,.F.);
#7105=ORIENTED_EDGE('',*,*,#5158,.F.);
#7106=ORIENTED_EDGE('',*,*,#5160,.F.);
#7107=ORIENTED_EDGE('',*,*,#5156,.F.);
#7108=ORIENTED_EDGE('',*,*,#5005,.F.);
#7109=ORIENTED_EDGE('',*,*,#5153,.F.);
#7110=ORIENTED_EDGE('',*,*,#5155,.F.);
#7111=ORIENTED_EDGE('',*,*,#5151,.F.);
#7112=ORIENTED_EDGE('',*,*,#5008,.F.);
#7113=ORIENTED_EDGE('',*,*,#5148,.F.);
#7114=ORIENTED_EDGE('',*,*,#5150,.F.);
#7115=ORIENTED_EDGE('',*,*,#5146,.F.);
#7116=ORIENTED_EDGE('',*,*,#5011,.F.);
#7117=ORIENTED_EDGE('',*,*,#5143,.F.);
#7118=ORIENTED_EDGE('',*,*,#5145,.F.);
#7119=ORIENTED_EDGE('',*,*,#5141,.F.);
#7120=ORIENTED_EDGE('',*,*,#5014,.F.);
#7121=ORIENTED_EDGE('',*,*,#5138,.F.);
#7122=ORIENTED_EDGE('',*,*,#5140,.F.);
#7123=ORIENTED_EDGE('',*,*,#5136,.F.);
#7124=ORIENTED_EDGE('',*,*,#5017,.F.);
#7125=ORIENTED_EDGE('',*,*,#5133,.F.);
#7126=ORIENTED_EDGE('',*,*,#5135,.F.);
#7127=ORIENTED_EDGE('',*,*,#5131,.F.);
#7128=ORIENTED_EDGE('',*,*,#5020,.F.);
#7129=ORIENTED_EDGE('',*,*,#5128,.F.);
#7130=ORIENTED_EDGE('',*,*,#5130,.F.);
#7131=ORIENTED_EDGE('',*,*,#5126,.F.);
#7132=ORIENTED_EDGE('',*,*,#5023,.F.);
#7133=ORIENTED_EDGE('',*,*,#5123,.F.);
#7134=ORIENTED_EDGE('',*,*,#5125,.F.);
#7135=ORIENTED_EDGE('',*,*,#5121,.F.);
#7136=ORIENTED_EDGE('',*,*,#5026,.F.);
#7137=ORIENTED_EDGE('',*,*,#5118,.F.);
#7138=ORIENTED_EDGE('',*,*,#5120,.F.);
#7139=ORIENTED_EDGE('',*,*,#5116,.F.);
#7140=ORIENTED_EDGE('',*,*,#5029,.F.);
#7141=ORIENTED_EDGE('',*,*,#5113,.F.);
#7142=ORIENTED_EDGE('',*,*,#5115,.F.);
#7143=ORIENTED_EDGE('',*,*,#5111,.F.);
#7144=ORIENTED_EDGE('',*,*,#5032,.F.);
#7145=ORIENTED_EDGE('',*,*,#5105,.F.);
#7146=ORIENTED_EDGE('',*,*,#5107,.F.);
#7147=ORIENTED_EDGE('',*,*,#5101,.F.);
#7148=ORIENTED_EDGE('',*,*,#5035,.F.);
#7149=ORIENTED_EDGE('',*,*,#5098,.F.);
#7150=ORIENTED_EDGE('',*,*,#5100,.F.);
#7151=ORIENTED_EDGE('',*,*,#5093,.F.);
#7152=ORIENTED_EDGE('',*,*,#5040,.F.);
#7153=ORIENTED_EDGE('',*,*,#5088,.F.);
#7154=ORIENTED_EDGE('',*,*,#5090,.F.);
#7155=ORIENTED_EDGE('',*,*,#5086,.F.);
#7156=ORIENTED_EDGE('',*,*,#5043,.F.);
#7157=ORIENTED_EDGE('',*,*,#5083,.F.);
#7158=ORIENTED_EDGE('',*,*,#5085,.F.);
#7159=ORIENTED_EDGE('',*,*,#5078,.F.);
#7160=ORIENTED_EDGE('',*,*,#5046,.F.);
#7161=ORIENTED_EDGE('',*,*,#5073,.F.);
#7162=ORIENTED_EDGE('',*,*,#5075,.F.);
#7163=ORIENTED_EDGE('',*,*,#5071,.F.);
#7164=ORIENTED_EDGE('',*,*,#5049,.F.);
#7165=ORIENTED_EDGE('',*,*,#5068,.F.);
#7166=ORIENTED_EDGE('',*,*,#5070,.F.);
#7167=ORIENTED_EDGE('',*,*,#5063,.F.);
#7168=ORIENTED_EDGE('',*,*,#5052,.F.);
#7169=ORIENTED_EDGE('',*,*,#5058,.F.);
#7170=ORIENTED_EDGE('',*,*,#5060,.F.);
#7171=ORIENTED_EDGE('',*,*,#4594,.F.);
#7172=ORIENTED_EDGE('',*,*,#4591,.F.);
#7173=ORIENTED_EDGE('',*,*,#5061,.F.);
#7174=ORIENTED_EDGE('',*,*,#5067,.F.);
#7175=ORIENTED_EDGE('',*,*,#5065,.F.);
#7176=ORIENTED_EDGE('',*,*,#4714,.F.);
#7177=ORIENTED_EDGE('',*,*,#5076,.F.);
#7178=ORIENTED_EDGE('',*,*,#5082,.F.);
#7179=ORIENTED_EDGE('',*,*,#5080,.F.);
#7180=ORIENTED_EDGE('',*,*,#4741,.F.);
#7181=ORIENTED_EDGE('',*,*,#5091,.F.);
#7182=ORIENTED_EDGE('',*,*,#5097,.F.);
#7183=ORIENTED_EDGE('',*,*,#5095,.F.);
#7184=ORIENTED_EDGE('',*,*,#4623,.F.);
#7185=ORIENTED_EDGE('',*,*,#5103,.F.);
#7186=ORIENTED_EDGE('',*,*,#5110,.F.);
#7187=ORIENTED_EDGE('',*,*,#5108,.F.);
#7188=ORIENTED_EDGE('',*,*,#4661,.F.);
#7189=ORIENTED_EDGE('',*,*,#4301,.F.);
#7190=ORIENTED_EDGE('',*,*,#5038,.F.);
#7191=ORIENTED_EDGE('',*,*,#5176,.F.);
#7192=ORIENTED_EDGE('',*,*,#5177,.F.);
#7193=ORIENTED_EDGE('',*,*,#5178,.F.);
#7194=ORIENTED_EDGE('',*,*,#4940,.F.);
#7195=ORIENTED_EDGE('',*,*,#5179,.F.);
#7196=ORIENTED_EDGE('',*,*,#5180,.F.);
#7197=ORIENTED_EDGE('',*,*,#5181,.F.);
#7198=ORIENTED_EDGE('',*,*,#4965,.F.);
#7199=ORIENTED_EDGE('',*,*,#5182,.F.);
#7200=ORIENTED_EDGE('',*,*,#5183,.F.);
#7201=ORIENTED_EDGE('',*,*,#5184,.F.);
#7202=ORIENTED_EDGE('',*,*,#4968,.F.);
#7203=ORIENTED_EDGE('',*,*,#5185,.F.);
#7204=ORIENTED_EDGE('',*,*,#5186,.F.);
#7205=ORIENTED_EDGE('',*,*,#5187,.F.);
#7206=ORIENTED_EDGE('',*,*,#4913,.F.);
#7207=ORIENTED_EDGE('',*,*,#5188,.F.);
#7208=ORIENTED_EDGE('',*,*,#5189,.F.);
#7209=ORIENTED_EDGE('',*,*,#5190,.F.);
#7210=ORIENTED_EDGE('',*,*,#4916,.F.);
#7211=ORIENTED_EDGE('',*,*,#5191,.F.);
#7212=ORIENTED_EDGE('',*,*,#5192,.F.);
#7213=ORIENTED_EDGE('',*,*,#5193,.F.);
#7214=ORIENTED_EDGE('',*,*,#4923,.F.);
#7215=ORIENTED_EDGE('',*,*,#5194,.F.);
#7216=ORIENTED_EDGE('',*,*,#5195,.F.);
#7217=ORIENTED_EDGE('',*,*,#5196,.F.);
#7218=ORIENTED_EDGE('',*,*,#4981,.F.);
#7219=ORIENTED_EDGE('',*,*,#5197,.F.);
#7220=ORIENTED_EDGE('',*,*,#5198,.F.);
#7221=ORIENTED_EDGE('',*,*,#5199,.F.);
#7222=ORIENTED_EDGE('',*,*,#4984,.F.);
#7223=ORIENTED_EDGE('',*,*,#5200,.F.);
#7224=ORIENTED_EDGE('',*,*,#5201,.F.);
#7225=ORIENTED_EDGE('',*,*,#5202,.F.);
#7226=ORIENTED_EDGE('',*,*,#4933,.F.);
#7227=ORIENTED_EDGE('',*,*,#5203,.F.);
#7228=ORIENTED_EDGE('',*,*,#5204,.F.);
#7229=ORIENTED_EDGE('',*,*,#4239,.F.);
#7230=ORIENTED_EDGE('',*,*,#4926,.F.);
#7231=ORIENTED_EDGE('',*,*,#5205,.F.);
#7232=ORIENTED_EDGE('',*,*,#4271,.F.);
#7233=ORIENTED_EDGE('',*,*,#4228,.F.);
#7234=ORIENTED_EDGE('',*,*,#4989,.F.);
#7235=ORIENTED_EDGE('',*,*,#5206,.F.);
#7236=ORIENTED_EDGE('',*,*,#4224,.F.);
#7237=ORIENTED_EDGE('',*,*,#4232,.F.);
#7238=ORIENTED_EDGE('',*,*,#4987,.F.);
#7239=ORIENTED_EDGE('',*,*,#5207,.F.);
#7240=ORIENTED_EDGE('',*,*,#4264,.F.);
#7241=ORIENTED_EDGE('',*,*,#4247,.F.);
#7242=ORIENTED_EDGE('',*,*,#4931,.F.);
#7243=ORIENTED_EDGE('',*,*,#5208,.F.);
#7244=ORIENTED_EDGE('',*,*,#5209,.F.);
#7245=ORIENTED_EDGE('',*,*,#5210,.F.);
#7246=ORIENTED_EDGE('',*,*,#4928,.F.);
#7247=ORIENTED_EDGE('',*,*,#5211,.F.);
#7248=ORIENTED_EDGE('',*,*,#5212,.F.);
#7249=ORIENTED_EDGE('',*,*,#5213,.F.);
#7250=ORIENTED_EDGE('',*,*,#4991,.F.);
#7251=ORIENTED_EDGE('',*,*,#5214,.F.);
#7252=ORIENTED_EDGE('',*,*,#5215,.F.);
#7253=ORIENTED_EDGE('',*,*,#5216,.F.);
#7254=ORIENTED_EDGE('',*,*,#4994,.F.);
#7255=ORIENTED_EDGE('',*,*,#5217,.F.);
#7256=ORIENTED_EDGE('',*,*,#5218,.F.);
#7257=ORIENTED_EDGE('',*,*,#5219,.F.);
#7258=ORIENTED_EDGE('',*,*,#4971,.F.);
#7259=ORIENTED_EDGE('',*,*,#5220,.F.);
#7260=ORIENTED_EDGE('',*,*,#5221,.F.);
#7261=ORIENTED_EDGE('',*,*,#5222,.F.);
#7262=ORIENTED_EDGE('',*,*,#4974,.F.);
#7263=ORIENTED_EDGE('',*,*,#5223,.F.);
#7264=ORIENTED_EDGE('',*,*,#5224,.F.);
#7265=ORIENTED_EDGE('',*,*,#5225,.F.);
#7266=ORIENTED_EDGE('',*,*,#4943,.F.);
#7267=ORIENTED_EDGE('',*,*,#5226,.F.);
#7268=ORIENTED_EDGE('',*,*,#5227,.F.);
#7269=ORIENTED_EDGE('',*,*,#5228,.F.);
#7270=ORIENTED_EDGE('',*,*,#4959,.F.);
#7271=ORIENTED_EDGE('',*,*,#5229,.F.);
#7272=ORIENTED_EDGE('',*,*,#5230,.F.);
#7273=ORIENTED_EDGE('',*,*,#5231,.F.);
#7274=ORIENTED_EDGE('',*,*,#4962,.F.);
#7275=ORIENTED_EDGE('',*,*,#5232,.F.);
#7276=ORIENTED_EDGE('',*,*,#5233,.F.);
#7277=ORIENTED_EDGE('',*,*,#5234,.F.);
#7278=ORIENTED_EDGE('',*,*,#4910,.F.);
#7279=ORIENTED_EDGE('',*,*,#5235,.F.);
#7280=ORIENTED_EDGE('',*,*,#5236,.F.);
#7281=ORIENTED_EDGE('',*,*,#5237,.F.);
#7282=ORIENTED_EDGE('',*,*,#4946,.F.);
#7283=ORIENTED_EDGE('',*,*,#5238,.F.);
#7284=ORIENTED_EDGE('',*,*,#5239,.F.);
#7285=ORIENTED_EDGE('',*,*,#5240,.F.);
#7286=ORIENTED_EDGE('',*,*,#4211,.T.);
#7287=ORIENTED_EDGE('',*,*,#4340,.F.);
#7288=ORIENTED_EDGE('',*,*,#4324,.F.);
#7289=ORIENTED_EDGE('',*,*,#4320,.F.);
#7290=ORIENTED_EDGE('',*,*,#5055,.F.);
#7291=ORIENTED_EDGE('',*,*,#5057,.F.);
#7292=ORIENTED_EDGE('',*,*,#4220,.F.);
#7293=ORIENTED_EDGE('',*,*,#4166,.F.);
#7294=ORIENTED_EDGE('',*,*,#4179,.F.);
#7295=ORIENTED_EDGE('',*,*,#4200,.F.);
#7296=ORIENTED_EDGE('',*,*,#4219,.F.);
#7297=ORIENTED_EDGE('',*,*,#4215,.T.);
#7298=ORIENTED_EDGE('',*,*,#4308,.F.);
#7299=ORIENTED_EDGE('',*,*,#4311,.F.);
#7300=ORIENTED_EDGE('',*,*,#4314,.F.);
#7301=ORIENTED_EDGE('',*,*,#4317,.F.);
#7302=ORIENTED_EDGE('',*,*,#5176,.T.);
#7303=ORIENTED_EDGE('',*,*,#5039,.F.);
#7304=ORIENTED_EDGE('',*,*,#4452,.T.);
#7305=ORIENTED_EDGE('',*,*,#5241,.F.);
#7306=ORIENTED_EDGE('',*,*,#5178,.T.);
#7307=ORIENTED_EDGE('',*,*,#5242,.F.);
#7308=ORIENTED_EDGE('',*,*,#4450,.F.);
#7309=ORIENTED_EDGE('',*,*,#4941,.F.);
#7310=ORIENTED_EDGE('',*,*,#5177,.T.);
#7311=ORIENTED_EDGE('',*,*,#5241,.T.);
#7312=ORIENTED_EDGE('',*,*,#4451,.T.);
#7313=ORIENTED_EDGE('',*,*,#5242,.T.);
#7314=ORIENTED_EDGE('',*,*,#5179,.T.);
#7315=ORIENTED_EDGE('',*,*,#4942,.F.);
#7316=ORIENTED_EDGE('',*,*,#4448,.T.);
#7317=ORIENTED_EDGE('',*,*,#5243,.F.);
#7318=ORIENTED_EDGE('',*,*,#5181,.T.);
#7319=ORIENTED_EDGE('',*,*,#5244,.F.);
#7320=ORIENTED_EDGE('',*,*,#4446,.F.);
#7321=ORIENTED_EDGE('',*,*,#4966,.F.);
#7322=ORIENTED_EDGE('',*,*,#5180,.T.);
#7323=ORIENTED_EDGE('',*,*,#5243,.T.);
#7324=ORIENTED_EDGE('',*,*,#4447,.T.);
#7325=ORIENTED_EDGE('',*,*,#5244,.T.);
#7326=ORIENTED_EDGE('',*,*,#5182,.T.);
#7327=ORIENTED_EDGE('',*,*,#4967,.F.);
#7328=ORIENTED_EDGE('',*,*,#4444,.T.);
#7329=ORIENTED_EDGE('',*,*,#5245,.F.);
#7330=ORIENTED_EDGE('',*,*,#5184,.T.);
#7331=ORIENTED_EDGE('',*,*,#5246,.F.);
#7332=ORIENTED_EDGE('',*,*,#4442,.F.);
#7333=ORIENTED_EDGE('',*,*,#4969,.F.);
#7334=ORIENTED_EDGE('',*,*,#5183,.T.);
#7335=ORIENTED_EDGE('',*,*,#5245,.T.);
#7336=ORIENTED_EDGE('',*,*,#4443,.T.);
#7337=ORIENTED_EDGE('',*,*,#5246,.T.);
#7338=ORIENTED_EDGE('',*,*,#5185,.T.);
#7339=ORIENTED_EDGE('',*,*,#4970,.F.);
#7340=ORIENTED_EDGE('',*,*,#4440,.T.);
#7341=ORIENTED_EDGE('',*,*,#5247,.F.);
#7342=ORIENTED_EDGE('',*,*,#5187,.T.);
#7343=ORIENTED_EDGE('',*,*,#5248,.F.);
#7344=ORIENTED_EDGE('',*,*,#4438,.F.);
#7345=ORIENTED_EDGE('',*,*,#4914,.F.);
#7346=ORIENTED_EDGE('',*,*,#5186,.T.);
#7347=ORIENTED_EDGE('',*,*,#5247,.T.);
#7348=ORIENTED_EDGE('',*,*,#4439,.T.);
#7349=ORIENTED_EDGE('',*,*,#5248,.T.);
#7350=ORIENTED_EDGE('',*,*,#5188,.T.);
#7351=ORIENTED_EDGE('',*,*,#4915,.F.);
#7352=ORIENTED_EDGE('',*,*,#4436,.T.);
#7353=ORIENTED_EDGE('',*,*,#5249,.F.);
#7354=ORIENTED_EDGE('',*,*,#5190,.T.);
#7355=ORIENTED_EDGE('',*,*,#5250,.F.);
#7356=ORIENTED_EDGE('',*,*,#4434,.F.);
#7357=ORIENTED_EDGE('',*,*,#4917,.F.);
#7358=ORIENTED_EDGE('',*,*,#5189,.T.);
#7359=ORIENTED_EDGE('',*,*,#5249,.T.);
#7360=ORIENTED_EDGE('',*,*,#4435,.T.);
#7361=ORIENTED_EDGE('',*,*,#5250,.T.);
#7362=ORIENTED_EDGE('',*,*,#5191,.T.);
#7363=ORIENTED_EDGE('',*,*,#4918,.F.);
#7364=ORIENTED_EDGE('',*,*,#4432,.T.);
#7365=ORIENTED_EDGE('',*,*,#5251,.F.);
#7366=ORIENTED_EDGE('',*,*,#5193,.T.);
#7367=ORIENTED_EDGE('',*,*,#5252,.F.);
#7368=ORIENTED_EDGE('',*,*,#4430,.F.);
#7369=ORIENTED_EDGE('',*,*,#4924,.F.);
#7370=ORIENTED_EDGE('',*,*,#5192,.T.);
#7371=ORIENTED_EDGE('',*,*,#5251,.T.);
#7372=ORIENTED_EDGE('',*,*,#4431,.T.);
#7373=ORIENTED_EDGE('',*,*,#5252,.T.);
#7374=ORIENTED_EDGE('',*,*,#5194,.T.);
#7375=ORIENTED_EDGE('',*,*,#4925,.F.);
#7376=ORIENTED_EDGE('',*,*,#4428,.T.);
#7377=ORIENTED_EDGE('',*,*,#5253,.F.);
#7378=ORIENTED_EDGE('',*,*,#5196,.T.);
#7379=ORIENTED_EDGE('',*,*,#5254,.F.);
#7380=ORIENTED_EDGE('',*,*,#4426,.F.);
#7381=ORIENTED_EDGE('',*,*,#4982,.F.);
#7382=ORIENTED_EDGE('',*,*,#5195,.T.);
#7383=ORIENTED_EDGE('',*,*,#5253,.T.);
#7384=ORIENTED_EDGE('',*,*,#4427,.T.);
#7385=ORIENTED_EDGE('',*,*,#5254,.T.);
#7386=ORIENTED_EDGE('',*,*,#5197,.T.);
#7387=ORIENTED_EDGE('',*,*,#4983,.F.);
#7388=ORIENTED_EDGE('',*,*,#4424,.T.);
#7389=ORIENTED_EDGE('',*,*,#5255,.F.);
#7390=ORIENTED_EDGE('',*,*,#5199,.T.);
#7391=ORIENTED_EDGE('',*,*,#5256,.F.);
#7392=ORIENTED_EDGE('',*,*,#4422,.F.);
#7393=ORIENTED_EDGE('',*,*,#4985,.F.);
#7394=ORIENTED_EDGE('',*,*,#5198,.T.);
#7395=ORIENTED_EDGE('',*,*,#5255,.T.);
#7396=ORIENTED_EDGE('',*,*,#4423,.T.);
#7397=ORIENTED_EDGE('',*,*,#5256,.T.);
#7398=ORIENTED_EDGE('',*,*,#5200,.T.);
#7399=ORIENTED_EDGE('',*,*,#4986,.F.);
#7400=ORIENTED_EDGE('',*,*,#4420,.T.);
#7401=ORIENTED_EDGE('',*,*,#5257,.F.);
#7402=ORIENTED_EDGE('',*,*,#5202,.T.);
#7403=ORIENTED_EDGE('',*,*,#5258,.F.);
#7404=ORIENTED_EDGE('',*,*,#4418,.F.);
#7405=ORIENTED_EDGE('',*,*,#4934,.F.);
#7406=ORIENTED_EDGE('',*,*,#5201,.T.);
#7407=ORIENTED_EDGE('',*,*,#5257,.T.);
#7408=ORIENTED_EDGE('',*,*,#4419,.T.);
#7409=ORIENTED_EDGE('',*,*,#5258,.T.);
#7410=ORIENTED_EDGE('',*,*,#5203,.T.);
#7411=ORIENTED_EDGE('',*,*,#4935,.F.);
#7412=ORIENTED_EDGE('',*,*,#4416,.T.);
#7413=ORIENTED_EDGE('',*,*,#5259,.F.);
#7414=ORIENTED_EDGE('',*,*,#4296,.T.);
#7415=ORIENTED_EDGE('',*,*,#4240,.T.);
#7416=ORIENTED_EDGE('',*,*,#5204,.T.);
#7417=ORIENTED_EDGE('',*,*,#5259,.T.);
#7418=ORIENTED_EDGE('',*,*,#4415,.T.);
#7419=ORIENTED_EDGE('',*,*,#4234,.T.);
#7420=ORIENTED_EDGE('',*,*,#4294,.T.);
#7421=ORIENTED_EDGE('',*,*,#4272,.F.);
#7422=ORIENTED_EDGE('',*,*,#5205,.T.);
#7423=ORIENTED_EDGE('',*,*,#4927,.F.);
#7424=ORIENTED_EDGE('',*,*,#4291,.T.);
#7425=ORIENTED_EDGE('',*,*,#4225,.F.);
#7426=ORIENTED_EDGE('',*,*,#5206,.T.);
#7427=ORIENTED_EDGE('',*,*,#4990,.F.);
#7428=ORIENTED_EDGE('',*,*,#4288,.T.);
#7429=ORIENTED_EDGE('',*,*,#4265,.F.);
#7430=ORIENTED_EDGE('',*,*,#5207,.T.);
#7431=ORIENTED_EDGE('',*,*,#4988,.F.);
#7432=ORIENTED_EDGE('',*,*,#5208,.T.);
#7433=ORIENTED_EDGE('',*,*,#4932,.F.);
#7434=ORIENTED_EDGE('',*,*,#4410,.T.);
#7435=ORIENTED_EDGE('',*,*,#5260,.F.);
#7436=ORIENTED_EDGE('',*,*,#5210,.T.);
#7437=ORIENTED_EDGE('',*,*,#5261,.F.);
#7438=ORIENTED_EDGE('',*,*,#4408,.F.);
#7439=ORIENTED_EDGE('',*,*,#4929,.F.);
#7440=ORIENTED_EDGE('',*,*,#5209,.T.);
#7441=ORIENTED_EDGE('',*,*,#5260,.T.);
#7442=ORIENTED_EDGE('',*,*,#4409,.T.);
#7443=ORIENTED_EDGE('',*,*,#5261,.T.);
#7444=ORIENTED_EDGE('',*,*,#5211,.T.);
#7445=ORIENTED_EDGE('',*,*,#4930,.F.);
#7446=ORIENTED_EDGE('',*,*,#4406,.T.);
#7447=ORIENTED_EDGE('',*,*,#5262,.F.);
#7448=ORIENTED_EDGE('',*,*,#5213,.T.);
#7449=ORIENTED_EDGE('',*,*,#5263,.F.);
#7450=ORIENTED_EDGE('',*,*,#4404,.F.);
#7451=ORIENTED_EDGE('',*,*,#4992,.F.);
#7452=ORIENTED_EDGE('',*,*,#5212,.T.);
#7453=ORIENTED_EDGE('',*,*,#5262,.T.);
#7454=ORIENTED_EDGE('',*,*,#4405,.T.);
#7455=ORIENTED_EDGE('',*,*,#5263,.T.);
#7456=ORIENTED_EDGE('',*,*,#5214,.T.);
#7457=ORIENTED_EDGE('',*,*,#4993,.F.);
#7458=ORIENTED_EDGE('',*,*,#4402,.T.);
#7459=ORIENTED_EDGE('',*,*,#5264,.F.);
#7460=ORIENTED_EDGE('',*,*,#5216,.T.);
#7461=ORIENTED_EDGE('',*,*,#5265,.F.);
#7462=ORIENTED_EDGE('',*,*,#4400,.F.);
#7463=ORIENTED_EDGE('',*,*,#4995,.F.);
#7464=ORIENTED_EDGE('',*,*,#5215,.T.);
#7465=ORIENTED_EDGE('',*,*,#5264,.T.);
#7466=ORIENTED_EDGE('',*,*,#4401,.T.);
#7467=ORIENTED_EDGE('',*,*,#5265,.T.);
#7468=ORIENTED_EDGE('',*,*,#5217,.T.);
#7469=ORIENTED_EDGE('',*,*,#4996,.F.);
#7470=ORIENTED_EDGE('',*,*,#4398,.T.);
#7471=ORIENTED_EDGE('',*,*,#5266,.F.);
#7472=ORIENTED_EDGE('',*,*,#5240,.T.);
#7473=ORIENTED_EDGE('',*,*,#5267,.F.);
#7474=ORIENTED_EDGE('',*,*,#4368,.F.);
#7475=ORIENTED_EDGE('',*,*,#4954,.F.);
#7476=ORIENTED_EDGE('',*,*,#5219,.T.);
#7477=ORIENTED_EDGE('',*,*,#5268,.F.);
#7478=ORIENTED_EDGE('',*,*,#4396,.F.);
#7479=ORIENTED_EDGE('',*,*,#4972,.F.);
#7480=ORIENTED_EDGE('',*,*,#5218,.T.);
#7481=ORIENTED_EDGE('',*,*,#5266,.T.);
#7482=ORIENTED_EDGE('',*,*,#4397,.T.);
#7483=ORIENTED_EDGE('',*,*,#5268,.T.);
#7484=ORIENTED_EDGE('',*,*,#5238,.T.);
#7485=ORIENTED_EDGE('',*,*,#4948,.F.);
#7486=ORIENTED_EDGE('',*,*,#4370,.T.);
#7487=ORIENTED_EDGE('',*,*,#5269,.F.);
#7488=ORIENTED_EDGE('',*,*,#5239,.T.);
#7489=ORIENTED_EDGE('',*,*,#5269,.T.);
#7490=ORIENTED_EDGE('',*,*,#4369,.T.);
#7491=ORIENTED_EDGE('',*,*,#5267,.T.);
#7492=ORIENTED_EDGE('',*,*,#5220,.T.);
#7493=ORIENTED_EDGE('',*,*,#4973,.F.);
#7494=ORIENTED_EDGE('',*,*,#4394,.T.);
#7495=ORIENTED_EDGE('',*,*,#5270,.F.);
#7496=ORIENTED_EDGE('',*,*,#5237,.T.);
#7497=ORIENTED_EDGE('',*,*,#5271,.F.);
#7498=ORIENTED_EDGE('',*,*,#4372,.F.);
#7499=ORIENTED_EDGE('',*,*,#4947,.F.);
#7500=ORIENTED_EDGE('',*,*,#5222,.T.);
#7501=ORIENTED_EDGE('',*,*,#5272,.F.);
#7502=ORIENTED_EDGE('',*,*,#4392,.F.);
#7503=ORIENTED_EDGE('',*,*,#4975,.F.);
#7504=ORIENTED_EDGE('',*,*,#5221,.T.);
#7505=ORIENTED_EDGE('',*,*,#5270,.T.);
#7506=ORIENTED_EDGE('',*,*,#4393,.T.);
#7507=ORIENTED_EDGE('',*,*,#5272,.T.);
#7508=ORIENTED_EDGE('',*,*,#5235,.T.);
#7509=ORIENTED_EDGE('',*,*,#4912,.F.);
#7510=ORIENTED_EDGE('',*,*,#4374,.T.);
#7511=ORIENTED_EDGE('',*,*,#5273,.F.);
#7512=ORIENTED_EDGE('',*,*,#5236,.T.);
#7513=ORIENTED_EDGE('',*,*,#5273,.T.);
#7514=ORIENTED_EDGE('',*,*,#4373,.T.);
#7515=ORIENTED_EDGE('',*,*,#5271,.T.);
#7516=ORIENTED_EDGE('',*,*,#5223,.T.);
#7517=ORIENTED_EDGE('',*,*,#4976,.F.);
#7518=ORIENTED_EDGE('',*,*,#4390,.T.);
#7519=ORIENTED_EDGE('',*,*,#5274,.F.);
#7520=ORIENTED_EDGE('',*,*,#5234,.T.);
#7521=ORIENTED_EDGE('',*,*,#5275,.F.);
#7522=ORIENTED_EDGE('',*,*,#4376,.F.);
#7523=ORIENTED_EDGE('',*,*,#4911,.F.);
#7524=ORIENTED_EDGE('',*,*,#5225,.T.);
#7525=ORIENTED_EDGE('',*,*,#5276,.F.);
#7526=ORIENTED_EDGE('',*,*,#4388,.F.);
#7527=ORIENTED_EDGE('',*,*,#4944,.F.);
#7528=ORIENTED_EDGE('',*,*,#5224,.T.);
#7529=ORIENTED_EDGE('',*,*,#5274,.T.);
#7530=ORIENTED_EDGE('',*,*,#4389,.T.);
#7531=ORIENTED_EDGE('',*,*,#5276,.T.);
#7532=ORIENTED_EDGE('',*,*,#5232,.T.);
#7533=ORIENTED_EDGE('',*,*,#4964,.F.);
#7534=ORIENTED_EDGE('',*,*,#4378,.T.);
#7535=ORIENTED_EDGE('',*,*,#5277,.F.);
#7536=ORIENTED_EDGE('',*,*,#5233,.T.);
#7537=ORIENTED_EDGE('',*,*,#5277,.T.);
#7538=ORIENTED_EDGE('',*,*,#4377,.T.);
#7539=ORIENTED_EDGE('',*,*,#5275,.T.);
#7540=ORIENTED_EDGE('',*,*,#5226,.T.);
#7541=ORIENTED_EDGE('',*,*,#4945,.F.);
#7542=ORIENTED_EDGE('',*,*,#4386,.T.);
#7543=ORIENTED_EDGE('',*,*,#5278,.F.);
#7544=ORIENTED_EDGE('',*,*,#5231,.T.);
#7545=ORIENTED_EDGE('',*,*,#5279,.F.);
#7546=ORIENTED_EDGE('',*,*,#4380,.F.);
#7547=ORIENTED_EDGE('',*,*,#4963,.F.);
#7548=ORIENTED_EDGE('',*,*,#5228,.T.);
#7549=ORIENTED_EDGE('',*,*,#5280,.F.);
#7550=ORIENTED_EDGE('',*,*,#4384,.F.);
#7551=ORIENTED_EDGE('',*,*,#4960,.F.);
#7552=ORIENTED_EDGE('',*,*,#5227,.T.);
#7553=ORIENTED_EDGE('',*,*,#5278,.T.);
#7554=ORIENTED_EDGE('',*,*,#4385,.T.);
#7555=ORIENTED_EDGE('',*,*,#5280,.T.);
#7556=ORIENTED_EDGE('',*,*,#5229,.T.);
#7557=ORIENTED_EDGE('',*,*,#4961,.F.);
#7558=ORIENTED_EDGE('',*,*,#4382,.T.);
#7559=ORIENTED_EDGE('',*,*,#5281,.F.);
#7560=ORIENTED_EDGE('',*,*,#5230,.T.);
#7561=ORIENTED_EDGE('',*,*,#5281,.T.);
#7562=ORIENTED_EDGE('',*,*,#4381,.T.);
#7563=ORIENTED_EDGE('',*,*,#5279,.T.);
#7564=CYLINDRICAL_SURFACE('',#7980,2.35000000000001);
#7565=CYLINDRICAL_SURFACE('',#7984,2.34999999999999);
#7566=CYLINDRICAL_SURFACE('',#7988,2.35);
#7567=CYLINDRICAL_SURFACE('',#7992,2.35);
#7568=CYLINDRICAL_SURFACE('',#8041,4.75517545818854);
#7569=CYLINDRICAL_SURFACE('',#8046,4.75517545818837);
#7570=CYLINDRICAL_SURFACE('',#8053,2.3);
#7571=CYLINDRICAL_SURFACE('',#8057,2.3);
#7572=CYLINDRICAL_SURFACE('',#8061,2.3);
#7573=CYLINDRICAL_SURFACE('',#8065,2.3);
#7574=CYLINDRICAL_SURFACE('',#8173,19.5);
#7575=CYLINDRICAL_SURFACE('',#8220,19.5);
#7576=ADVANCED_FACE('',(#404),#7564,.F.);
#7577=ADVANCED_FACE('',(#405),#26,.T.);
#7578=ADVANCED_FACE('',(#406),#7565,.F.);
#7579=ADVANCED_FACE('',(#407),#27,.T.);
#7580=ADVANCED_FACE('',(#408),#7566,.F.);
#7581=ADVANCED_FACE('',(#409),#28,.T.);
#7582=ADVANCED_FACE('',(#410),#7567,.F.);
#7583=ADVANCED_FACE('',(#411),#29,.T.);
#7584=ADVANCED_FACE('',(#412),#30,.T.);
#7585=ADVANCED_FACE('',(#413),#31,.T.);
#7586=ADVANCED_FACE('',(#414,#15),#32,.T.);
#7587=ADVANCED_FACE('',(#415),#33,.F.);
#7588=ADVANCED_FACE('',(#416),#34,.T.);
#7589=ADVANCED_FACE('',(#417),#35,.T.);
#7590=ADVANCED_FACE('',(#418,#16),#36,.T.);
#7591=ADVANCED_FACE('',(#419,#17),#37,.F.);
#7592=ADVANCED_FACE('',(#420),#38,.T.);
#7593=ADVANCED_FACE('',(#421),#39,.T.);
#7594=ADVANCED_FACE('',(#422),#40,.T.);
#7595=ADVANCED_FACE('',(#423,#18),#41,.T.);
#7596=ADVANCED_FACE('',(#424),#42,.F.);
#7597=ADVANCED_FACE('',(#425),#43,.T.);
#7598=ADVANCED_FACE('',(#426),#44,.T.);
#7599=ADVANCED_FACE('',(#427,#19),#45,.T.);
#7600=ADVANCED_FACE('',(#428),#46,.F.);
#7601=ADVANCED_FACE('',(#429),#47,.F.);
#7602=ADVANCED_FACE('',(#430),#48,.F.);
#7603=ADVANCED_FACE('',(#431),#49,.F.);
#7604=ADVANCED_FACE('',(#432),#50,.F.);
#7605=ADVANCED_FACE('',(#433),#51,.F.);
#7606=ADVANCED_FACE('',(#434),#52,.T.);
#7607=ADVANCED_FACE('',(#435),#53,.T.);
#7608=ADVANCED_FACE('',(#436),#54,.T.);
#7609=ADVANCED_FACE('',(#437),#55,.T.);
#7610=ADVANCED_FACE('',(#438),#56,.T.);
#7611=ADVANCED_FACE('',(#439),#57,.T.);
#7612=ADVANCED_FACE('',(#440),#58,.T.);
#7613=ADVANCED_FACE('',(#441),#59,.T.);
#7614=ADVANCED_FACE('',(#442),#60,.T.);
#7615=ADVANCED_FACE('',(#443),#61,.T.);
#7616=ADVANCED_FACE('',(#444),#62,.T.);
#7617=ADVANCED_FACE('',(#445),#63,.T.);
#7618=ADVANCED_FACE('',(#446),#64,.T.);
#7619=ADVANCED_FACE('',(#447),#65,.T.);
#7620=ADVANCED_FACE('',(#448),#66,.T.);
#7621=ADVANCED_FACE('',(#449),#67,.T.);
#7622=ADVANCED_FACE('',(#450),#68,.T.);
#7623=ADVANCED_FACE('',(#451),#7568,.F.);
#7624=ADVANCED_FACE('',(#452),#69,.F.);
#7625=ADVANCED_FACE('',(#453),#7569,.F.);
#7626=ADVANCED_FACE('',(#454),#70,.F.);
#7627=ADVANCED_FACE('',(#455),#71,.F.);
#7628=ADVANCED_FACE('',(#456),#72,.F.);
#7629=ADVANCED_FACE('',(#457),#7570,.F.);
#7630=ADVANCED_FACE('',(#458),#73,.T.);
#7631=ADVANCED_FACE('',(#459),#7571,.F.);
#7632=ADVANCED_FACE('',(#460),#74,.T.);
#7633=ADVANCED_FACE('',(#461),#7572,.F.);
#7634=ADVANCED_FACE('',(#462),#75,.T.);
#7635=ADVANCED_FACE('',(#463),#7573,.F.);
#7636=ADVANCED_FACE('',(#464),#76,.T.);
#7637=ADVANCED_FACE('',(#465),#77,.T.);
#7638=ADVANCED_FACE('',(#466,#20),#78,.T.);
#7639=ADVANCED_FACE('',(#467),#79,.F.);
#7640=ADVANCED_FACE('',(#468),#80,.F.);
#7641=ADVANCED_FACE('',(#469),#81,.T.);
#7642=ADVANCED_FACE('',(#470),#82,.T.);
#7643=ADVANCED_FACE('',(#471),#83,.T.);
#7644=ADVANCED_FACE('',(#472),#84,.T.);
#7645=ADVANCED_FACE('',(#473),#85,.T.);
#7646=ADVANCED_FACE('',(#474),#86,.T.);
#7647=ADVANCED_FACE('',(#475),#87,.T.);
#7648=ADVANCED_FACE('',(#476),#88,.F.);
#7649=ADVANCED_FACE('',(#477),#89,.T.);
#7650=ADVANCED_FACE('',(#478),#90,.T.);
#7651=ADVANCED_FACE('',(#479),#91,.T.);
#7652=ADVANCED_FACE('',(#480),#92,.T.);
#7653=ADVANCED_FACE('',(#481),#93,.T.);
#7654=ADVANCED_FACE('',(#482),#94,.T.);
#7655=ADVANCED_FACE('',(#483),#95,.T.);
#7656=ADVANCED_FACE('',(#484),#96,.T.);
#7657=ADVANCED_FACE('',(#485),#97,.T.);
#7658=ADVANCED_FACE('',(#486),#98,.T.);
#7659=ADVANCED_FACE('',(#487),#99,.T.);
#7660=ADVANCED_FACE('',(#488),#100,.T.);
#7661=ADVANCED_FACE('',(#489),#101,.T.);
#7662=ADVANCED_FACE('',(#490),#102,.T.);
#7663=ADVANCED_FACE('',(#491),#103,.T.);
#7664=ADVANCED_FACE('',(#492),#104,.T.);
#7665=ADVANCED_FACE('',(#493),#105,.T.);
#7666=ADVANCED_FACE('',(#494),#106,.T.);
#7667=ADVANCED_FACE('',(#495),#107,.T.);
#7668=ADVANCED_FACE('',(#496),#108,.T.);
#7669=ADVANCED_FACE('',(#497),#109,.T.);
#7670=ADVANCED_FACE('',(#498),#110,.T.);
#7671=ADVANCED_FACE('',(#499),#111,.T.);
#7672=ADVANCED_FACE('',(#500),#112,.T.);
#7673=ADVANCED_FACE('',(#501),#113,.T.);
#7674=ADVANCED_FACE('',(#502),#114,.T.);
#7675=ADVANCED_FACE('',(#503),#115,.T.);
#7676=ADVANCED_FACE('',(#504),#116,.T.);
#7677=ADVANCED_FACE('',(#505),#117,.T.);
#7678=ADVANCED_FACE('',(#506),#118,.T.);
#7679=ADVANCED_FACE('',(#507),#119,.T.);
#7680=ADVANCED_FACE('',(#508),#120,.T.);
#7681=ADVANCED_FACE('',(#509),#121,.T.);
#7682=ADVANCED_FACE('',(#510),#122,.T.);
#7683=ADVANCED_FACE('',(#511),#123,.T.);
#7684=ADVANCED_FACE('',(#512),#124,.T.);
#7685=ADVANCED_FACE('',(#513),#125,.T.);
#7686=ADVANCED_FACE('',(#514),#126,.T.);
#7687=ADVANCED_FACE('',(#515),#127,.T.);
#7688=ADVANCED_FACE('',(#516),#128,.T.);
#7689=ADVANCED_FACE('',(#517),#129,.T.);
#7690=ADVANCED_FACE('',(#518),#130,.T.);
#7691=ADVANCED_FACE('',(#519),#131,.T.);
#7692=ADVANCED_FACE('',(#520),#132,.T.);
#7693=ADVANCED_FACE('',(#521),#133,.T.);
#7694=ADVANCED_FACE('',(#522),#134,.T.);
#7695=ADVANCED_FACE('',(#523),#135,.T.);
#7696=ADVANCED_FACE('',(#524),#136,.T.);
#7697=ADVANCED_FACE('',(#525),#137,.T.);
#7698=ADVANCED_FACE('',(#526),#138,.T.);
#7699=ADVANCED_FACE('',(#527),#139,.T.);
#7700=ADVANCED_FACE('',(#528),#140,.T.);
#7701=ADVANCED_FACE('',(#529),#141,.T.);
#7702=ADVANCED_FACE('',(#530),#142,.T.);
#7703=ADVANCED_FACE('',(#531),#143,.T.);
#7704=ADVANCED_FACE('',(#532),#144,.T.);
#7705=ADVANCED_FACE('',(#533),#145,.T.);
#7706=ADVANCED_FACE('',(#534),#146,.T.);
#7707=ADVANCED_FACE('',(#535),#147,.T.);
#7708=ADVANCED_FACE('',(#536),#148,.T.);
#7709=ADVANCED_FACE('',(#537),#149,.T.);
#7710=ADVANCED_FACE('',(#538),#150,.T.);
#7711=ADVANCED_FACE('',(#539),#151,.T.);
#7712=ADVANCED_FACE('',(#540),#152,.T.);
#7713=ADVANCED_FACE('',(#541),#153,.T.);
#7714=ADVANCED_FACE('',(#542),#154,.T.);
#7715=ADVANCED_FACE('',(#543),#155,.T.);
#7716=ADVANCED_FACE('',(#544),#156,.T.);
#7717=ADVANCED_FACE('',(#545),#7574,.T.);
#7718=ADVANCED_FACE('',(#546),#157,.T.);
#7719=ADVANCED_FACE('',(#547),#158,.T.);
#7720=ADVANCED_FACE('',(#548),#159,.T.);
#7721=ADVANCED_FACE('',(#549),#160,.T.);
#7722=ADVANCED_FACE('',(#550),#161,.T.);
#7723=ADVANCED_FACE('',(#551),#162,.T.);
#7724=ADVANCED_FACE('',(#552),#163,.T.);
#7725=ADVANCED_FACE('',(#553),#164,.T.);
#7726=ADVANCED_FACE('',(#554),#165,.T.);
#7727=ADVANCED_FACE('',(#555),#166,.T.);
#7728=ADVANCED_FACE('',(#556),#167,.T.);
#7729=ADVANCED_FACE('',(#557),#168,.T.);
#7730=ADVANCED_FACE('',(#558),#169,.T.);
#7731=ADVANCED_FACE('',(#559),#170,.T.);
#7732=ADVANCED_FACE('',(#560),#171,.T.);
#7733=ADVANCED_FACE('',(#561),#172,.T.);
#7734=ADVANCED_FACE('',(#562),#173,.T.);
#7735=ADVANCED_FACE('',(#563),#174,.T.);
#7736=ADVANCED_FACE('',(#564),#175,.T.);
#7737=ADVANCED_FACE('',(#565),#176,.T.);
#7738=ADVANCED_FACE('',(#566),#177,.T.);
#7739=ADVANCED_FACE('',(#567),#178,.F.);
#7740=ADVANCED_FACE('',(#568),#179,.T.);
#7741=ADVANCED_FACE('',(#569),#180,.T.);
#7742=ADVANCED_FACE('',(#570),#181,.T.);
#7743=ADVANCED_FACE('',(#571),#7575,.T.);
#7744=ADVANCED_FACE('',(#572),#182,.T.);
#7745=ADVANCED_FACE('',(#573),#183,.T.);
#7746=ADVANCED_FACE('',(#574),#184,.T.);
#7747=ADVANCED_FACE('',(#575),#185,.T.);
#7748=ADVANCED_FACE('',(#576),#186,.T.);
#7749=ADVANCED_FACE('',(#577),#187,.T.);
#7750=ADVANCED_FACE('',(#578),#188,.T.);
#7751=ADVANCED_FACE('',(#579),#189,.T.);
#7752=ADVANCED_FACE('',(#580),#190,.T.);
#7753=ADVANCED_FACE('',(#581),#191,.T.);
#7754=ADVANCED_FACE('',(#582),#192,.T.);
#7755=ADVANCED_FACE('',(#583),#193,.T.);
#7756=ADVANCED_FACE('',(#584),#194,.T.);
#7757=ADVANCED_FACE('',(#585),#195,.T.);
#7758=ADVANCED_FACE('',(#586),#196,.T.);
#7759=ADVANCED_FACE('',(#587),#197,.T.);
#7760=ADVANCED_FACE('',(#588),#198,.T.);
#7761=ADVANCED_FACE('',(#589),#199,.T.);
#7762=ADVANCED_FACE('',(#590),#200,.T.);
#7763=ADVANCED_FACE('',(#591),#201,.T.);
#7764=ADVANCED_FACE('',(#592),#202,.T.);
#7765=ADVANCED_FACE('',(#593),#203,.T.);
#7766=ADVANCED_FACE('',(#594),#204,.T.);
#7767=ADVANCED_FACE('',(#595),#205,.T.);
#7768=ADVANCED_FACE('',(#596),#206,.T.);
#7769=ADVANCED_FACE('',(#597),#207,.T.);
#7770=ADVANCED_FACE('',(#598),#208,.T.);
#7771=ADVANCED_FACE('',(#599),#209,.T.);
#7772=ADVANCED_FACE('',(#600),#210,.T.);
#7773=ADVANCED_FACE('',(#601),#211,.T.);
#7774=ADVANCED_FACE('',(#602),#212,.T.);
#7775=ADVANCED_FACE('',(#603),#213,.T.);
#7776=ADVANCED_FACE('',(#604),#214,.T.);
#7777=ADVANCED_FACE('',(#605),#215,.T.);
#7778=ADVANCED_FACE('',(#606),#216,.T.);
#7779=ADVANCED_FACE('',(#607),#217,.T.);
#7780=ADVANCED_FACE('',(#608),#218,.T.);
#7781=ADVANCED_FACE('',(#609),#219,.T.);
#7782=ADVANCED_FACE('',(#610),#220,.T.);
#7783=ADVANCED_FACE('',(#611),#221,.T.);
#7784=ADVANCED_FACE('',(#612),#222,.T.);
#7785=ADVANCED_FACE('',(#613),#223,.T.);
#7786=ADVANCED_FACE('',(#614),#224,.T.);
#7787=ADVANCED_FACE('',(#615),#225,.T.);
#7788=ADVANCED_FACE('',(#616),#226,.T.);
#7789=ADVANCED_FACE('',(#617),#227,.T.);
#7790=ADVANCED_FACE('',(#618),#228,.T.);
#7791=ADVANCED_FACE('',(#619),#229,.T.);
#7792=ADVANCED_FACE('',(#620),#230,.T.);
#7793=ADVANCED_FACE('',(#621),#231,.T.);
#7794=ADVANCED_FACE('',(#622),#232,.T.);
#7795=ADVANCED_FACE('',(#623),#233,.T.);
#7796=ADVANCED_FACE('',(#624),#234,.T.);
#7797=ADVANCED_FACE('',(#625),#235,.T.);
#7798=ADVANCED_FACE('',(#626),#236,.T.);
#7799=ADVANCED_FACE('',(#627),#237,.T.);
#7800=ADVANCED_FACE('',(#628),#238,.T.);
#7801=ADVANCED_FACE('',(#629),#239,.T.);
#7802=ADVANCED_FACE('',(#630),#240,.T.);
#7803=ADVANCED_FACE('',(#631),#241,.T.);
#7804=ADVANCED_FACE('',(#632),#242,.T.);
#7805=ADVANCED_FACE('',(#633),#243,.T.);
#7806=ADVANCED_FACE('',(#634),#244,.T.);
#7807=ADVANCED_FACE('',(#635),#245,.T.);
#7808=ADVANCED_FACE('',(#636),#246,.T.);
#7809=ADVANCED_FACE('',(#637),#247,.T.);
#7810=ADVANCED_FACE('',(#638),#248,.T.);
#7811=ADVANCED_FACE('',(#639),#249,.T.);
#7812=ADVANCED_FACE('',(#640),#250,.T.);
#7813=ADVANCED_FACE('',(#641),#251,.T.);
#7814=ADVANCED_FACE('',(#642),#252,.T.);
#7815=ADVANCED_FACE('',(#643),#253,.T.);
#7816=ADVANCED_FACE('',(#644),#254,.T.);
#7817=ADVANCED_FACE('',(#645),#255,.T.);
#7818=ADVANCED_FACE('',(#646),#256,.T.);
#7819=ADVANCED_FACE('',(#647),#257,.T.);
#7820=ADVANCED_FACE('',(#648),#258,.T.);
#7821=ADVANCED_FACE('',(#649),#259,.T.);
#7822=ADVANCED_FACE('',(#650),#260,.T.);
#7823=ADVANCED_FACE('',(#651),#261,.T.);
#7824=ADVANCED_FACE('',(#652),#262,.T.);
#7825=ADVANCED_FACE('',(#653),#263,.T.);
#7826=ADVANCED_FACE('',(#654),#264,.T.);
#7827=ADVANCED_FACE('',(#655),#265,.T.);
#7828=ADVANCED_FACE('',(#656),#266,.T.);
#7829=ADVANCED_FACE('',(#657),#267,.T.);
#7830=ADVANCED_FACE('',(#658),#268,.T.);
#7831=ADVANCED_FACE('',(#659),#269,.T.);
#7832=ADVANCED_FACE('',(#660),#270,.T.);
#7833=ADVANCED_FACE('',(#661),#271,.T.);
#7834=ADVANCED_FACE('',(#662),#272,.T.);
#7835=ADVANCED_FACE('',(#663),#273,.T.);
#7836=ADVANCED_FACE('',(#664),#274,.T.);
#7837=ADVANCED_FACE('',(#665),#275,.T.);
#7838=ADVANCED_FACE('',(#666),#276,.T.);
#7839=ADVANCED_FACE('',(#667),#277,.T.);
#7840=ADVANCED_FACE('',(#668),#278,.T.);
#7841=ADVANCED_FACE('',(#669),#279,.T.);
#7842=ADVANCED_FACE('',(#670),#280,.T.);
#7843=ADVANCED_FACE('',(#671),#281,.T.);
#7844=ADVANCED_FACE('',(#672),#282,.T.);
#7845=ADVANCED_FACE('',(#673),#283,.T.);
#7846=ADVANCED_FACE('',(#674),#284,.T.);
#7847=ADVANCED_FACE('',(#675),#285,.T.);
#7848=ADVANCED_FACE('',(#676),#286,.T.);
#7849=ADVANCED_FACE('',(#677),#287,.T.);
#7850=ADVANCED_FACE('',(#678),#288,.T.);
#7851=ADVANCED_FACE('',(#679),#289,.T.);
#7852=ADVANCED_FACE('',(#680),#290,.T.);
#7853=ADVANCED_FACE('',(#681),#291,.T.);
#7854=ADVANCED_FACE('',(#682),#292,.T.);
#7855=ADVANCED_FACE('',(#683),#293,.T.);
#7856=ADVANCED_FACE('',(#684),#294,.T.);
#7857=ADVANCED_FACE('',(#685),#295,.T.);
#7858=ADVANCED_FACE('',(#686),#296,.T.);
#7859=ADVANCED_FACE('',(#687),#297,.T.);
#7860=ADVANCED_FACE('',(#688),#298,.T.);
#7861=ADVANCED_FACE('',(#689),#299,.T.);
#7862=ADVANCED_FACE('',(#690),#300,.T.);
#7863=ADVANCED_FACE('',(#691),#301,.T.);
#7864=ADVANCED_FACE('',(#692),#302,.T.);
#7865=ADVANCED_FACE('',(#693),#303,.T.);
#7866=ADVANCED_FACE('',(#694),#304,.T.);
#7867=ADVANCED_FACE('',(#695),#305,.T.);
#7868=ADVANCED_FACE('',(#696),#306,.T.);
#7869=ADVANCED_FACE('',(#697),#307,.T.);
#7870=ADVANCED_FACE('',(#698),#308,.T.);
#7871=ADVANCED_FACE('',(#699),#309,.T.);
#7872=ADVANCED_FACE('',(#700),#310,.T.);
#7873=ADVANCED_FACE('',(#701),#311,.T.);
#7874=ADVANCED_FACE('',(#702),#312,.T.);
#7875=ADVANCED_FACE('',(#703),#313,.T.);
#7876=ADVANCED_FACE('',(#704),#314,.T.);
#7877=ADVANCED_FACE('',(#705),#315,.T.);
#7878=ADVANCED_FACE('',(#706),#316,.T.);
#7879=ADVANCED_FACE('',(#707),#317,.T.);
#7880=ADVANCED_FACE('',(#708),#318,.T.);
#7881=ADVANCED_FACE('',(#709),#319,.T.);
#7882=ADVANCED_FACE('',(#710),#320,.T.);
#7883=ADVANCED_FACE('',(#711),#321,.T.);
#7884=ADVANCED_FACE('',(#712),#322,.T.);
#7885=ADVANCED_FACE('',(#713),#323,.T.);
#7886=ADVANCED_FACE('',(#714),#324,.T.);
#7887=ADVANCED_FACE('',(#715),#325,.T.);
#7888=ADVANCED_FACE('',(#716),#326,.T.);
#7889=ADVANCED_FACE('',(#717),#327,.T.);
#7890=ADVANCED_FACE('',(#718),#328,.T.);
#7891=ADVANCED_FACE('',(#719),#329,.T.);
#7892=ADVANCED_FACE('',(#720),#330,.T.);
#7893=ADVANCED_FACE('',(#721),#331,.T.);
#7894=ADVANCED_FACE('',(#722),#332,.T.);
#7895=ADVANCED_FACE('',(#723),#333,.T.);
#7896=ADVANCED_FACE('',(#724),#334,.T.);
#7897=ADVANCED_FACE('',(#725),#335,.T.);
#7898=ADVANCED_FACE('',(#726),#336,.T.);
#7899=ADVANCED_FACE('',(#727),#337,.T.);
#7900=ADVANCED_FACE('',(#728,#21,#22,#23,#24,#25),#338,.F.);
#7901=ADVANCED_FACE('',(#729),#339,.T.);
#7902=ADVANCED_FACE('',(#730),#340,.T.);
#7903=ADVANCED_FACE('',(#731),#341,.T.);
#7904=ADVANCED_FACE('',(#732),#342,.T.);
#7905=ADVANCED_FACE('',(#733),#343,.T.);
#7906=ADVANCED_FACE('',(#734),#344,.T.);
#7907=ADVANCED_FACE('',(#735),#345,.T.);
#7908=ADVANCED_FACE('',(#736),#346,.T.);
#7909=ADVANCED_FACE('',(#737),#347,.T.);
#7910=ADVANCED_FACE('',(#738),#348,.T.);
#7911=ADVANCED_FACE('',(#739),#349,.T.);
#7912=ADVANCED_FACE('',(#740),#350,.T.);
#7913=ADVANCED_FACE('',(#741),#351,.T.);
#7914=ADVANCED_FACE('',(#742),#352,.T.);
#7915=ADVANCED_FACE('',(#743),#353,.T.);
#7916=ADVANCED_FACE('',(#744),#354,.T.);
#7917=ADVANCED_FACE('',(#745),#355,.T.);
#7918=ADVANCED_FACE('',(#746),#356,.T.);
#7919=ADVANCED_FACE('',(#747),#357,.T.);
#7920=ADVANCED_FACE('',(#748),#358,.T.);
#7921=ADVANCED_FACE('',(#749),#359,.T.);
#7922=ADVANCED_FACE('',(#750),#360,.T.);
#7923=ADVANCED_FACE('',(#751),#361,.T.);
#7924=ADVANCED_FACE('',(#752),#362,.T.);
#7925=ADVANCED_FACE('',(#753),#363,.T.);
#7926=ADVANCED_FACE('',(#754),#364,.T.);
#7927=ADVANCED_FACE('',(#755),#365,.T.);
#7928=ADVANCED_FACE('',(#756),#366,.T.);
#7929=ADVANCED_FACE('',(#757),#367,.T.);
#7930=ADVANCED_FACE('',(#758),#368,.T.);
#7931=ADVANCED_FACE('',(#759),#369,.T.);
#7932=ADVANCED_FACE('',(#760),#370,.T.);
#7933=ADVANCED_FACE('',(#761),#371,.T.);
#7934=ADVANCED_FACE('',(#762),#372,.T.);
#7935=ADVANCED_FACE('',(#763),#373,.T.);
#7936=ADVANCED_FACE('',(#764),#374,.T.);
#7937=ADVANCED_FACE('',(#765),#375,.T.);
#7938=ADVANCED_FACE('',(#766),#376,.T.);
#7939=ADVANCED_FACE('',(#767),#377,.T.);
#7940=ADVANCED_FACE('',(#768),#378,.T.);
#7941=ADVANCED_FACE('',(#769),#379,.T.);
#7942=ADVANCED_FACE('',(#770),#380,.T.);
#7943=ADVANCED_FACE('',(#771),#381,.T.);
#7944=ADVANCED_FACE('',(#772),#382,.T.);
#7945=ADVANCED_FACE('',(#773),#383,.T.);
#7946=ADVANCED_FACE('',(#774),#384,.T.);
#7947=ADVANCED_FACE('',(#775),#385,.T.);
#7948=ADVANCED_FACE('',(#776),#386,.T.);
#7949=ADVANCED_FACE('',(#777),#387,.T.);
#7950=ADVANCED_FACE('',(#778),#388,.T.);
#7951=ADVANCED_FACE('',(#779),#389,.T.);
#7952=ADVANCED_FACE('',(#780),#390,.T.);
#7953=ADVANCED_FACE('',(#781),#391,.T.);
#7954=ADVANCED_FACE('',(#782),#392,.T.);
#7955=ADVANCED_FACE('',(#783),#393,.T.);
#7956=ADVANCED_FACE('',(#784),#394,.T.);
#7957=ADVANCED_FACE('',(#785),#395,.T.);
#7958=ADVANCED_FACE('',(#786),#396,.T.);
#7959=ADVANCED_FACE('',(#787),#397,.T.);
#7960=ADVANCED_FACE('',(#788),#398,.T.);
#7961=ADVANCED_FACE('',(#789),#399,.T.);
#7962=ADVANCED_FACE('',(#790),#400,.T.);
#7963=ADVANCED_FACE('',(#791),#401,.T.);
#7964=ADVANCED_FACE('',(#792),#402,.T.);
#7965=ADVANCED_FACE('',(#793),#403,.T.);
#7966=CLOSED_SHELL('',(#7576,#7577,#7578,#7579,#7580,#7581,#7582,#7583,
#7584,#7585,#7586,#7587,#7588,#7589,#7590,#7591,#7592,#7593,#7594,#7595,
#7596,#7597,#7598,#7599,#7600,#7601,#7602,#7603,#7604,#7605,#7606,#7607,
#7608,#7609,#7610,#7611,#7612,#7613,#7614,#7615,#7616,#7617,#7618,#7619,
#7620,#7621,#7622,#7623,#7624,#7625,#7626,#7627,#7628,#7629,#7630,#7631,
#7632,#7633,#7634,#7635,#7636,#7637,#7638,#7639,#7640,#7641,#7642,#7643,
#7644,#7645,#7646,#7647,#7648,#7649,#7650,#7651,#7652,#7653,#7654,#7655,
#7656,#7657,#7658,#7659,#7660,#7661,#7662,#7663,#7664,#7665,#7666,#7667,
#7668,#7669,#7670,#7671,#7672,#7673,#7674,#7675,#7676,#7677,#7678,#7679,
#7680,#7681,#7682,#7683,#7684,#7685,#7686,#7687,#7688,#7689,#7690,#7691,
#7692,#7693,#7694,#7695,#7696,#7697,#7698,#7699,#7700,#7701,#7702,#7703,
#7704,#7705,#7706,#7707,#7708,#7709,#7710,#7711,#7712,#7713,#7714,#7715,
#7716,#7717,#7718,#7719,#7720,#7721,#7722,#7723,#7724,#7725,#7726,#7727,
#7728,#7729,#7730,#7731,#7732,#7733,#7734,#7735,#7736,#7737,#7738,#7739,
#7740,#7741,#7742,#7743,#7744,#7745,#7746,#7747,#7748,#7749,#7750,#7751,
#7752,#7753,#7754,#7755,#7756,#7757,#7758,#7759,#7760,#7761,#7762,#7763,
#7764,#7765,#7766,#7767,#7768,#7769,#7770,#7771,#7772,#7773,#7774,#7775,
#7776,#7777,#7778,#7779,#7780,#7781,#7782,#7783,#7784,#7785,#7786,#7787,
#7788,#7789,#7790,#7791,#7792,#7793,#7794,#7795,#7796,#7797,#7798,#7799,
#7800,#7801,#7802,#7803,#7804,#7805,#7806,#7807,#7808,#7809,#7810,#7811,
#7812,#7813,#7814,#7815,#7816,#7817,#7818,#7819,#7820,#7821,#7822,#7823,
#7824,#7825,#7826,#7827,#7828,#7829,#7830,#7831,#7832,#7833,#7834,#7835,
#7836,#7837,#7838,#7839,#7840,#7841,#7842,#7843,#7844,#7845,#7846,#7847,
#7848,#7849,#7850,#7851,#7852,#7853,#7854,#7855,#7856,#7857,#7858,#7859,
#7860,#7861,#7862,#7863,#7864,#7865,#7866,#7867,#7868,#7869,#7870,#7871,
#7872,#7873,#7874,#7875,#7876,#7877,#7878,#7879,#7880,#7881,#7882,#7883,
#7884,#7885,#7886,#7887,#7888,#7889,#7890,#7891,#7892,#7893,#7894,#7895,
#7896,#7897,#7898,#7899,#7900,#7901,#7902,#7903,#7904,#7905,#7906,#7907,
#7908,#7909,#7910,#7911,#7912,#7913,#7914,#7915,#7916,#7917,#7918,#7919,
#7920,#7921,#7922,#7923,#7924,#7925,#7926,#7927,#7928,#7929,#7930,#7931,
#7932,#7933,#7934,#7935,#7936,#7937,#7938,#7939,#7940,#7941,#7942,#7943,
#7944,#7945,#7946,#7947,#7948,#7949,#7950,#7951,#7952,#7953,#7954,#7955,
#7956,#7957,#7958,#7959,#7960,#7961,#7962,#7963,#7964,#7965));
#7967=DERIVED_UNIT_ELEMENT(#7969,1.);
#7968=DERIVED_UNIT_ELEMENT(#12782,-3.);
#7969=(
MASS_UNIT()
NAMED_UNIT(*)
SI_UNIT(.KILO.,.GRAM.)
);
#7970=DERIVED_UNIT((#7967,#7968));
#7971=MEASURE_REPRESENTATION_ITEM('density measure',
POSITIVE_RATIO_MEASURE(7850.),#7970);
#7972=PROPERTY_DEFINITION_REPRESENTATION(#7977,#7974);
#7973=PROPERTY_DEFINITION_REPRESENTATION(#7978,#7975);
#7974=REPRESENTATION('material name',(#7976),#12779);
#7975=REPRESENTATION('density',(#7971),#12779);
#7976=DESCRIPTIVE_REPRESENTATION_ITEM('Steel','Steel');
#7977=PROPERTY_DEFINITION('material property','material name',#12789);
#7978=PROPERTY_DEFINITION('material property','density of part',#12789);
#7979=AXIS2_PLACEMENT_3D('',#10485,#8466,#8467);
#7980=AXIS2_PLACEMENT_3D('',#10486,#8468,#8469);
#7981=AXIS2_PLACEMENT_3D('',#10488,#8470,#8471);
#7982=AXIS2_PLACEMENT_3D('',#10491,#8473,#8474);
#7983=AXIS2_PLACEMENT_3D('',#10492,#8475,#8476);
#7984=AXIS2_PLACEMENT_3D('',#10493,#8477,#8478);
#7985=AXIS2_PLACEMENT_3D('',#10495,#8479,#8480);
#7986=AXIS2_PLACEMENT_3D('',#10498,#8482,#8483);
#7987=AXIS2_PLACEMENT_3D('',#10499,#8484,#8485);
#7988=AXIS2_PLACEMENT_3D('',#10500,#8486,#8487);
#7989=AXIS2_PLACEMENT_3D('',#10502,#8488,#8489);
#7990=AXIS2_PLACEMENT_3D('',#10505,#8491,#8492);
#7991=AXIS2_PLACEMENT_3D('',#10506,#8493,#8494);
#7992=AXIS2_PLACEMENT_3D('',#10507,#8495,#8496);
#7993=AXIS2_PLACEMENT_3D('',#10509,#8497,#8498);
#7994=AXIS2_PLACEMENT_3D('',#10512,#8500,#8501);
#7995=AXIS2_PLACEMENT_3D('',#10513,#8502,#8503);
#7996=AXIS2_PLACEMENT_3D('',#10514,#8504,#8505);
#7997=AXIS2_PLACEMENT_3D('',#10523,#8510,#8511);
#7998=AXIS2_PLACEMENT_3D('',#10529,#8515,#8516);
#7999=AXIS2_PLACEMENT_3D('',#10533,#8519,#8520);
#8000=AXIS2_PLACEMENT_3D('',#10545,#8527,#8528);
#8001=AXIS2_PLACEMENT_3D('',#10554,#8533,#8534);
#8002=AXIS2_PLACEMENT_3D('',#10557,#8537,#8538);
#8003=AXIS2_PLACEMENT_3D('',#10559,#8540,#8541);
#8004=AXIS2_PLACEMENT_3D('',#10571,#8547,#8548);
#8005=AXIS2_PLACEMENT_3D('',#10575,#8550,#8551);
#8006=AXIS2_PLACEMENT_3D('',#10577,#8553,#8554);
#8007=AXIS2_PLACEMENT_3D('',#10593,#8563,#8564);
#8008=AXIS2_PLACEMENT_3D('',#10599,#8568,#8569);
#8009=AXIS2_PLACEMENT_3D('',#10603,#8572,#8573);
#8010=AXIS2_PLACEMENT_3D('',#10607,#8576,#8577);
#8011=AXIS2_PLACEMENT_3D('',#10614,#8582,#8583);
#8012=AXIS2_PLACEMENT_3D('',#10618,#8586,#8587);
#8013=AXIS2_PLACEMENT_3D('',#10620,#8589,#8590);
#8014=AXIS2_PLACEMENT_3D('',#10621,#8591,#8592);
#8015=AXIS2_PLACEMENT_3D('',#10627,#8596,#8597);
#8016=AXIS2_PLACEMENT_3D('',#10640,#8604,#8605);
#8017=AXIS2_PLACEMENT_3D('',#10645,#8609,#8610);
#8018=AXIS2_PLACEMENT_3D('',#10647,#8612,#8613);
#8019=AXIS2_PLACEMENT_3D('',#10649,#8615,#8616);
#8020=AXIS2_PLACEMENT_3D('',#10653,#8619,#8620);
#8021=AXIS2_PLACEMENT_3D('',#10662,#8625,#8626);
#8022=AXIS2_PLACEMENT_3D('',#10671,#8631,#8632);
#8023=AXIS2_PLACEMENT_3D('',#10677,#8636,#8637);
#8024=AXIS2_PLACEMENT_3D('',#10686,#8642,#8643);
#8025=AXIS2_PLACEMENT_3D('',#10695,#8648,#8649);
#8026=AXIS2_PLACEMENT_3D('',#10704,#8654,#8655);
#8027=AXIS2_PLACEMENT_3D('',#10713,#8660,#8661);
#8028=AXIS2_PLACEMENT_3D('',#10715,#8662,#8663);
#8029=AXIS2_PLACEMENT_3D('',#10719,#8666,#8667);
#8030=AXIS2_PLACEMENT_3D('',#10725,#8671,#8672);
#8031=AXIS2_PLACEMENT_3D('',#10734,#8677,#8678);
#8032=AXIS2_PLACEMENT_3D('',#10743,#8683,#8684);
#8033=AXIS2_PLACEMENT_3D('',#10745,#8685,#8686);
#8034=AXIS2_PLACEMENT_3D('',#10749,#8689,#8690);
#8035=AXIS2_PLACEMENT_3D('',#10751,#8691,#8692);
#8036=AXIS2_PLACEMENT_3D('',#10757,#8696,#8697);
#8037=AXIS2_PLACEMENT_3D('',#10764,#8701,#8702);
#8038=AXIS2_PLACEMENT_3D('',#10765,#8703,#8704);
#8039=AXIS2_PLACEMENT_3D('',#10771,#8708,#8709);
#8040=AXIS2_PLACEMENT_3D('',#10777,#8713,#8714);
#8041=AXIS2_PLACEMENT_3D('',#10783,#8718,#8719);
#8042=AXIS2_PLACEMENT_3D('',#10786,#8720,#8721);
#8043=AXIS2_PLACEMENT_3D('',#10790,#8724,#8725);
#8044=AXIS2_PLACEMENT_3D('',#10791,#8726,#8727);
#8045=AXIS2_PLACEMENT_3D('',#10793,#8729,#8730);
#8046=AXIS2_PLACEMENT_3D('',#10799,#8735,#8736);
#8047=AXIS2_PLACEMENT_3D('',#10803,#8739,#8740);
#8048=AXIS2_PLACEMENT_3D('',#10804,#8741,#8742);
#8049=AXIS2_PLACEMENT_3D('',#10805,#8743,#8744);
#8050=AXIS2_PLACEMENT_3D('',#10806,#8745,#8746);
#8051=AXIS2_PLACEMENT_3D('',#10809,#8749,#8750);
#8052=AXIS2_PLACEMENT_3D('',#10818,#8755,#8756);
#8053=AXIS2_PLACEMENT_3D('',#10827,#8761,#8762);
#8054=AXIS2_PLACEMENT_3D('',#10829,#8763,#8764);
#8055=AXIS2_PLACEMENT_3D('',#10832,#8766,#8767);
#8056=AXIS2_PLACEMENT_3D('',#10833,#8768,#8769);
#8057=AXIS2_PLACEMENT_3D('',#10834,#8770,#8771);
#8058=AXIS2_PLACEMENT_3D('',#10836,#8772,#8773);
#8059=AXIS2_PLACEMENT_3D('',#10839,#8775,#8776);
#8060=AXIS2_PLACEMENT_3D('',#10840,#8777,#8778);
#8061=AXIS2_PLACEMENT_3D('',#10841,#8779,#8780);
#8062=AXIS2_PLACEMENT_3D('',#10843,#8781,#8782);
#8063=AXIS2_PLACEMENT_3D('',#10846,#8784,#8785);
#8064=AXIS2_PLACEMENT_3D('',#10847,#8786,#8787);
#8065=AXIS2_PLACEMENT_3D('',#10848,#8788,#8789);
#8066=AXIS2_PLACEMENT_3D('',#10850,#8790,#8791);
#8067=AXIS2_PLACEMENT_3D('',#10853,#8793,#8794);
#8068=AXIS2_PLACEMENT_3D('',#10854,#8795,#8796);
#8069=AXIS2_PLACEMENT_3D('',#10855,#8797,#8798);
#8070=AXIS2_PLACEMENT_3D('',#10864,#8803,#8804);
#8071=AXIS2_PLACEMENT_3D('',#10878,#8812,#8813);
#8072=AXIS2_PLACEMENT_3D('',#10884,#8817,#8818);
#8073=AXIS2_PLACEMENT_3D('',#10890,#8822,#8823);
#8074=AXIS2_PLACEMENT_3D('',#10895,#8827,#8828);
#8075=AXIS2_PLACEMENT_3D('',#10897,#8830,#8831);
#8076=AXIS2_PLACEMENT_3D('',#11266,#9018,#9019);
#8077=AXIS2_PLACEMENT_3D('',#11270,#9021,#9022);
#8078=AXIS2_PLACEMENT_3D('',#11271,#9023,#9024);
#8079=AXIS2_PLACEMENT_3D('',#11274,#9025,#9026);
#8080=AXIS2_PLACEMENT_3D('',#11278,#9028,#9029);
#8081=AXIS2_PLACEMENT_3D('',#11280,#9031,#9032);
#8082=AXIS2_PLACEMENT_3D('',#11283,#9035,#9036);
#8083=AXIS2_PLACEMENT_3D('',#11289,#9040,#9041);
#8084=AXIS2_PLACEMENT_3D('',#11395,#9095,#9096);
#8085=AXIS2_PLACEMENT_3D('',#11401,#9100,#9101);
#8086=AXIS2_PLACEMENT_3D('',#11405,#9104,#9105);
#8087=AXIS2_PLACEMENT_3D('',#11411,#9109,#9110);
#8088=AXIS2_PLACEMENT_3D('',#11417,#9114,#9115);
#8089=AXIS2_PLACEMENT_3D('',#11419,#9117,#9118);
#8090=AXIS2_PLACEMENT_3D('',#11423,#9121,#9122);
#8091=AXIS2_PLACEMENT_3D('',#11429,#9126,#9127);
#8092=AXIS2_PLACEMENT_3D('',#11435,#9131,#9132);
#8093=AXIS2_PLACEMENT_3D('',#11437,#9134,#9135);
#8094=AXIS2_PLACEMENT_3D('',#11441,#9138,#9139);
#8095=AXIS2_PLACEMENT_3D('',#11447,#9143,#9144);
#8096=AXIS2_PLACEMENT_3D('',#11453,#9148,#9149);
#8097=AXIS2_PLACEMENT_3D('',#11455,#9151,#9152);
#8098=AXIS2_PLACEMENT_3D('',#11459,#9155,#9156);
#8099=AXIS2_PLACEMENT_3D('',#11465,#9160,#9161);
#8100=AXIS2_PLACEMENT_3D('',#11474,#9166,#9167);
#8101=AXIS2_PLACEMENT_3D('',#11477,#9170,#9171);
#8102=AXIS2_PLACEMENT_3D('',#11481,#9173,#9174);
#8103=AXIS2_PLACEMENT_3D('',#11482,#9175,#9176);
#8104=AXIS2_PLACEMENT_3D('',#11485,#9177,#9178);
#8105=AXIS2_PLACEMENT_3D('',#11489,#9180,#9181);
#8106=AXIS2_PLACEMENT_3D('',#11491,#9183,#9184);
#8107=AXIS2_PLACEMENT_3D('',#11494,#9187,#9188);
#8108=AXIS2_PLACEMENT_3D('',#11500,#9192,#9193);
#8109=AXIS2_PLACEMENT_3D('',#11504,#9195,#9196);
#8110=AXIS2_PLACEMENT_3D('',#11505,#9197,#9198);
#8111=AXIS2_PLACEMENT_3D('',#11506,#9199,#9200);
#8112=AXIS2_PLACEMENT_3D('',#11509,#9201,#9202);
#8113=AXIS2_PLACEMENT_3D('',#11513,#9204,#9205);
#8114=AXIS2_PLACEMENT_3D('',#11515,#9207,#9208);
#8115=AXIS2_PLACEMENT_3D('',#11518,#9211,#9212);
#8116=AXIS2_PLACEMENT_3D('',#11524,#9216,#9217);
#8117=AXIS2_PLACEMENT_3D('',#11533,#9222,#9223);
#8118=AXIS2_PLACEMENT_3D('',#11536,#9226,#9227);
#8119=AXIS2_PLACEMENT_3D('',#11541,#9230,#9231);
#8120=AXIS2_PLACEMENT_3D('',#11544,#9233,#9234);
#8121=AXIS2_PLACEMENT_3D('',#11545,#9235,#9236);
#8122=AXIS2_PLACEMENT_3D('',#11551,#9240,#9241);
#8123=AXIS2_PLACEMENT_3D('',#11555,#9244,#9245);
#8124=AXIS2_PLACEMENT_3D('',#11557,#9247,#9248);
#8125=AXIS2_PLACEMENT_3D('',#11563,#9252,#9253);
#8126=AXIS2_PLACEMENT_3D('',#11569,#9257,#9258);
#8127=AXIS2_PLACEMENT_3D('',#11571,#9260,#9261);
#8128=AXIS2_PLACEMENT_3D('',#11573,#9263,#9264);
#8129=AXIS2_PLACEMENT_3D('',#11579,#9268,#9269);
#8130=AXIS2_PLACEMENT_3D('',#11585,#9273,#9274);
#8131=AXIS2_PLACEMENT_3D('',#11587,#9276,#9277);
#8132=AXIS2_PLACEMENT_3D('',#11589,#9279,#9280);
#8133=AXIS2_PLACEMENT_3D('',#11593,#9282,#9283);
#8134=AXIS2_PLACEMENT_3D('',#11594,#9284,#9285);
#8135=AXIS2_PLACEMENT_3D('',#11595,#9286,#9287);
#8136=AXIS2_PLACEMENT_3D('',#11598,#9288,#9289);
#8137=AXIS2_PLACEMENT_3D('',#11602,#9291,#9292);
#8138=AXIS2_PLACEMENT_3D('',#11604,#9294,#9295);
#8139=AXIS2_PLACEMENT_3D('',#11607,#9298,#9299);
#8140=AXIS2_PLACEMENT_3D('',#11613,#9303,#9304);
#8141=AXIS2_PLACEMENT_3D('',#11617,#9306,#9307);
#8142=AXIS2_PLACEMENT_3D('',#11618,#9308,#9309);
#8143=AXIS2_PLACEMENT_3D('',#11619,#9310,#9311);
#8144=AXIS2_PLACEMENT_3D('',#11622,#9312,#9313);
#8145=AXIS2_PLACEMENT_3D('',#11626,#9315,#9316);
#8146=AXIS2_PLACEMENT_3D('',#11628,#9318,#9319);
#8147=AXIS2_PLACEMENT_3D('',#11631,#9322,#9323);
#8148=AXIS2_PLACEMENT_3D('',#11637,#9327,#9328);
#8149=AXIS2_PLACEMENT_3D('',#11641,#9331,#9332);
#8150=AXIS2_PLACEMENT_3D('',#11647,#9336,#9337);
#8151=AXIS2_PLACEMENT_3D('',#11651,#9340,#9341);
#8152=AXIS2_PLACEMENT_3D('',#11657,#9345,#9346);
#8153=AXIS2_PLACEMENT_3D('',#11659,#9348,#9349);
#8154=AXIS2_PLACEMENT_3D('',#11663,#9352,#9353);
#8155=AXIS2_PLACEMENT_3D('',#11667,#9356,#9357);
#8156=AXIS2_PLACEMENT_3D('',#11673,#9361,#9362);
#8157=AXIS2_PLACEMENT_3D('',#11675,#9364,#9365);
#8158=AXIS2_PLACEMENT_3D('',#11679,#9368,#9369);
#8159=AXIS2_PLACEMENT_3D('',#11683,#9372,#9373);
#8160=AXIS2_PLACEMENT_3D('',#11689,#9377,#9378);
#8161=AXIS2_PLACEMENT_3D('',#11691,#9380,#9381);
#8162=AXIS2_PLACEMENT_3D('',#11695,#9384,#9385);
#8163=AXIS2_PLACEMENT_3D('',#11701,#9389,#9390);
#8164=AXIS2_PLACEMENT_3D('',#11710,#9395,#9396);
#8165=AXIS2_PLACEMENT_3D('',#11713,#9399,#9400);
#8166=AXIS2_PLACEMENT_3D('',#11718,#9402,#9403);
#8167=AXIS2_PLACEMENT_3D('',#11721,#9405,#9406);
#8168=AXIS2_PLACEMENT_3D('',#11722,#9407,#9408);
#8169=AXIS2_PLACEMENT_3D('',#11725,#9409,#9410);
#8170=AXIS2_PLACEMENT_3D('',#11729,#9412,#9413);
#8171=AXIS2_PLACEMENT_3D('',#11731,#9415,#9416);
#8172=AXIS2_PLACEMENT_3D('',#11734,#9419,#9420);
#8173=AXIS2_PLACEMENT_3D('',#11737,#9423,#9424);
#8174=AXIS2_PLACEMENT_3D('',#11739,#9425,#9426);
#8175=AXIS2_PLACEMENT_3D('',#11741,#9427,#9428);
#8176=AXIS2_PLACEMENT_3D('',#11745,#9430,#9431);
#8177=AXIS2_PLACEMENT_3D('',#11748,#9433,#9434);
#8178=AXIS2_PLACEMENT_3D('',#11752,#9436,#9437);
#8179=AXIS2_PLACEMENT_3D('',#11756,#9439,#9440);
#8180=AXIS2_PLACEMENT_3D('',#11760,#9442,#9443);
#8181=AXIS2_PLACEMENT_3D('',#11764,#9445,#9446);
#8182=AXIS2_PLACEMENT_3D('',#11768,#9448,#9449);
#8183=AXIS2_PLACEMENT_3D('',#11772,#9451,#9452);
#8184=AXIS2_PLACEMENT_3D('',#11776,#9454,#9455);
#8185=AXIS2_PLACEMENT_3D('',#11780,#9457,#9458);
#8186=AXIS2_PLACEMENT_3D('',#11784,#9460,#9461);
#8187=AXIS2_PLACEMENT_3D('',#11788,#9463,#9464);
#8188=AXIS2_PLACEMENT_3D('',#11792,#9466,#9467);
#8189=AXIS2_PLACEMENT_3D('',#11796,#9469,#9470);
#8190=AXIS2_PLACEMENT_3D('',#11800,#9472,#9473);
#8191=AXIS2_PLACEMENT_3D('',#11804,#9475,#9476);
#8192=AXIS2_PLACEMENT_3D('',#11808,#9478,#9479);
#8193=AXIS2_PLACEMENT_3D('',#11811,#9481,#9482);
#8194=AXIS2_PLACEMENT_3D('',#11815,#9484,#9485);
#8195=AXIS2_PLACEMENT_3D('',#11817,#9487,#9488);
#8196=AXIS2_PLACEMENT_3D('',#11819,#9490,#9491);
#8197=AXIS2_PLACEMENT_3D('',#11822,#9494,#9495);
#8198=AXIS2_PLACEMENT_3D('',#11823,#9496,#9497);
#8199=AXIS2_PLACEMENT_3D('',#11824,#9498,#9499);
#8200=AXIS2_PLACEMENT_3D('',#11830,#9503,#9504);
#8201=AXIS2_PLACEMENT_3D('',#11839,#9509,#9510);
#8202=AXIS2_PLACEMENT_3D('',#11842,#9513,#9514);
#8203=AXIS2_PLACEMENT_3D('',#11851,#9519,#9520);
#8204=AXIS2_PLACEMENT_3D('',#11854,#9523,#9524);
#8205=AXIS2_PLACEMENT_3D('',#11860,#9528,#9529);
#8206=AXIS2_PLACEMENT_3D('',#11864,#9532,#9533);
#8207=AXIS2_PLACEMENT_3D('',#11866,#9535,#9536);
#8208=AXIS2_PLACEMENT_3D('',#11870,#9539,#9540);
#8209=AXIS2_PLACEMENT_3D('',#11876,#9544,#9545);
#8210=AXIS2_PLACEMENT_3D('',#11878,#9547,#9548);
#8211=AXIS2_PLACEMENT_3D('',#11880,#9550,#9551);
#8212=AXIS2_PLACEMENT_3D('',#11884,#9554,#9555);
#8213=AXIS2_PLACEMENT_3D('',#11890,#9559,#9560);
#8214=AXIS2_PLACEMENT_3D('',#11892,#9562,#9563);
#8215=AXIS2_PLACEMENT_3D('',#11894,#9565,#9566);
#8216=AXIS2_PLACEMENT_3D('',#11898,#9569,#9570);
#8217=AXIS2_PLACEMENT_3D('',#11907,#9576,#9577);
#8218=AXIS2_PLACEMENT_3D('',#11910,#9580,#9581);
#8219=AXIS2_PLACEMENT_3D('',#11911,#9582,#9583);
#8220=AXIS2_PLACEMENT_3D('',#11913,#9585,#9586);
#8221=AXIS2_PLACEMENT_3D('',#11915,#9587,#9588);
#8222=AXIS2_PLACEMENT_3D('',#11917,#9589,#9590);
#8223=AXIS2_PLACEMENT_3D('',#11921,#9592,#9593);
#8224=AXIS2_PLACEMENT_3D('',#11924,#9595,#9596);
#8225=AXIS2_PLACEMENT_3D('',#11926,#9597,#9598);
#8226=AXIS2_PLACEMENT_3D('',#11930,#9600,#9601);
#8227=AXIS2_PLACEMENT_3D('',#11934,#9603,#9604);
#8228=AXIS2_PLACEMENT_3D('',#11938,#9606,#9607);
#8229=AXIS2_PLACEMENT_3D('',#11942,#9609,#9610);
#8230=AXIS2_PLACEMENT_3D('',#11946,#9612,#9613);
#8231=AXIS2_PLACEMENT_3D('',#11950,#9615,#9616);
#8232=AXIS2_PLACEMENT_3D('',#11954,#9618,#9619);
#8233=AXIS2_PLACEMENT_3D('',#11958,#9621,#9622);
#8234=AXIS2_PLACEMENT_3D('',#11962,#9624,#9625);
#8235=AXIS2_PLACEMENT_3D('',#11966,#9627,#9628);
#8236=AXIS2_PLACEMENT_3D('',#11970,#9630,#9631);
#8237=AXIS2_PLACEMENT_3D('',#11974,#9633,#9634);
#8238=AXIS2_PLACEMENT_3D('',#11978,#9636,#9637);
#8239=AXIS2_PLACEMENT_3D('',#11982,#9639,#9640);
#8240=AXIS2_PLACEMENT_3D('',#11986,#9642,#9643);
#8241=AXIS2_PLACEMENT_3D('',#11989,#9645,#9646);
#8242=AXIS2_PLACEMENT_3D('',#11991,#9647,#9648);
#8243=AXIS2_PLACEMENT_3D('',#11995,#9650,#9651);
#8244=AXIS2_PLACEMENT_3D('',#11997,#9653,#9654);
#8245=AXIS2_PLACEMENT_3D('',#11999,#9656,#9657);
#8246=AXIS2_PLACEMENT_3D('',#12002,#9660,#9661);
#8247=AXIS2_PLACEMENT_3D('',#12003,#9662,#9663);
#8248=AXIS2_PLACEMENT_3D('',#12005,#9665,#9666);
#8249=AXIS2_PLACEMENT_3D('',#12006,#9667,#9668);
#8250=AXIS2_PLACEMENT_3D('',#12009,#9671,#9672);
#8251=AXIS2_PLACEMENT_3D('',#12011,#9674,#9675);
#8252=AXIS2_PLACEMENT_3D('',#12013,#9677,#9678);
#8253=AXIS2_PLACEMENT_3D('',#12015,#9680,#9681);
#8254=AXIS2_PLACEMENT_3D('',#12018,#9684,#9685);
#8255=AXIS2_PLACEMENT_3D('',#12020,#9687,#9688);
#8256=AXIS2_PLACEMENT_3D('',#12021,#9689,#9690);
#8257=AXIS2_PLACEMENT_3D('',#12024,#9693,#9694);
#8258=AXIS2_PLACEMENT_3D('',#12026,#9696,#9697);
#8259=AXIS2_PLACEMENT_3D('',#12028,#9699,#9700);
#8260=AXIS2_PLACEMENT_3D('',#12034,#9704,#9705);
#8261=AXIS2_PLACEMENT_3D('',#12040,#9709,#9710);
#8262=AXIS2_PLACEMENT_3D('',#12046,#9714,#9715);
#8263=AXIS2_PLACEMENT_3D('',#12048,#9717,#9718);
#8264=AXIS2_PLACEMENT_3D('',#12051,#9721,#9722);
#8265=AXIS2_PLACEMENT_3D('',#12052,#9723,#9724);
#8266=AXIS2_PLACEMENT_3D('',#12054,#9726,#9727);
#8267=AXIS2_PLACEMENT_3D('',#12060,#9731,#9732);
#8268=AXIS2_PLACEMENT_3D('',#12064,#9735,#9736);
#8269=AXIS2_PLACEMENT_3D('',#12070,#9740,#9741);
#8270=AXIS2_PLACEMENT_3D('',#12074,#9744,#9745);
#8271=AXIS2_PLACEMENT_3D('',#12080,#9749,#9750);
#8272=AXIS2_PLACEMENT_3D('',#12082,#9752,#9753);
#8273=AXIS2_PLACEMENT_3D('',#12085,#9756,#9757);
#8274=AXIS2_PLACEMENT_3D('',#12087,#9759,#9760);
#8275=AXIS2_PLACEMENT_3D('',#12088,#9761,#9762);
#8276=AXIS2_PLACEMENT_3D('',#12094,#9766,#9767);
#8277=AXIS2_PLACEMENT_3D('',#12100,#9771,#9772);
#8278=AXIS2_PLACEMENT_3D('',#12106,#9776,#9777);
#8279=AXIS2_PLACEMENT_3D('',#12108,#9779,#9780);
#8280=AXIS2_PLACEMENT_3D('',#12110,#9782,#9783);
#8281=AXIS2_PLACEMENT_3D('',#12113,#9786,#9787);
#8282=AXIS2_PLACEMENT_3D('',#12114,#9788,#9789);
#8283=AXIS2_PLACEMENT_3D('',#12115,#9790,#9791);
#8284=AXIS2_PLACEMENT_3D('',#12120,#9795,#9796);
#8285=AXIS2_PLACEMENT_3D('',#12122,#9798,#9799);
#8286=AXIS2_PLACEMENT_3D('',#12125,#9802,#9803);
#8287=AXIS2_PLACEMENT_3D('',#12126,#9804,#9805);
#8288=AXIS2_PLACEMENT_3D('',#12127,#9806,#9807);
#8289=AXIS2_PLACEMENT_3D('',#12133,#9811,#9812);
#8290=AXIS2_PLACEMENT_3D('',#12139,#9816,#9817);
#8291=AXIS2_PLACEMENT_3D('',#12145,#9821,#9822);
#8292=AXIS2_PLACEMENT_3D('',#12151,#9826,#9827);
#8293=AXIS2_PLACEMENT_3D('',#12157,#9831,#9832);
#8294=AXIS2_PLACEMENT_3D('',#12163,#9836,#9837);
#8295=AXIS2_PLACEMENT_3D('',#12165,#9839,#9840);
#8296=AXIS2_PLACEMENT_3D('',#12167,#9842,#9843);
#8297=AXIS2_PLACEMENT_3D('',#12170,#9846,#9847);
#8298=AXIS2_PLACEMENT_3D('',#12171,#9848,#9849);
#8299=AXIS2_PLACEMENT_3D('',#12172,#9850,#9851);
#8300=AXIS2_PLACEMENT_3D('',#12178,#9855,#9856);
#8301=AXIS2_PLACEMENT_3D('',#12184,#9860,#9861);
#8302=AXIS2_PLACEMENT_3D('',#12188,#9864,#9865);
#8303=AXIS2_PLACEMENT_3D('',#12192,#9868,#9869);
#8304=AXIS2_PLACEMENT_3D('',#12193,#9870,#9871);
#8305=AXIS2_PLACEMENT_3D('',#12194,#9872,#9873);
#8306=AXIS2_PLACEMENT_3D('',#12200,#9877,#9878);
#8307=AXIS2_PLACEMENT_3D('',#12206,#9882,#9883);
#8308=AXIS2_PLACEMENT_3D('',#12210,#9886,#9887);
#8309=AXIS2_PLACEMENT_3D('',#12216,#9891,#9892);
#8310=AXIS2_PLACEMENT_3D('',#12222,#9896,#9897);
#8311=AXIS2_PLACEMENT_3D('',#12228,#9901,#9902);
#8312=AXIS2_PLACEMENT_3D('',#12234,#9906,#9907);
#8313=AXIS2_PLACEMENT_3D('',#12240,#9911,#9912);
#8314=AXIS2_PLACEMENT_3D('',#12246,#9916,#9917);
#8315=AXIS2_PLACEMENT_3D('',#12252,#9921,#9922);
#8316=AXIS2_PLACEMENT_3D('',#12258,#9926,#9927);
#8317=AXIS2_PLACEMENT_3D('',#12264,#9931,#9932);
#8318=AXIS2_PLACEMENT_3D('',#12270,#9936,#9937);
#8319=AXIS2_PLACEMENT_3D('',#12276,#9941,#9942);
#8320=AXIS2_PLACEMENT_3D('',#12282,#9946,#9947);
#8321=AXIS2_PLACEMENT_3D('',#12288,#9951,#9952);
#8322=AXIS2_PLACEMENT_3D('',#12292,#9955,#9956);
#8323=AXIS2_PLACEMENT_3D('',#12298,#9960,#9961);
#8324=AXIS2_PLACEMENT_3D('',#12304,#9965,#9966);
#8325=AXIS2_PLACEMENT_3D('',#12310,#9970,#9971);
#8326=AXIS2_PLACEMENT_3D('',#12316,#9975,#9976);
#8327=AXIS2_PLACEMENT_3D('',#12322,#9980,#9981);
#8328=AXIS2_PLACEMENT_3D('',#12326,#9984,#9985);
#8329=AXIS2_PLACEMENT_3D('',#12328,#9987,#9988);
#8330=AXIS2_PLACEMENT_3D('',#12332,#9991,#9992);
#8331=AXIS2_PLACEMENT_3D('',#12334,#9994,#9995);
#8332=AXIS2_PLACEMENT_3D('',#12338,#9998,#9999);
#8333=AXIS2_PLACEMENT_3D('',#12342,#10002,#10003);
#8334=AXIS2_PLACEMENT_3D('',#12346,#10006,#10007);
#8335=AXIS2_PLACEMENT_3D('',#12348,#10009,#10010);
#8336=AXIS2_PLACEMENT_3D('',#12352,#10013,#10014);
#8337=AXIS2_PLACEMENT_3D('',#12354,#10016,#10017);
#8338=AXIS2_PLACEMENT_3D('',#12358,#10020,#10021);
#8339=AXIS2_PLACEMENT_3D('',#12362,#10024,#10025);
#8340=AXIS2_PLACEMENT_3D('',#12364,#10027,#10028);
#8341=AXIS2_PLACEMENT_3D('',#12368,#10031,#10032);
#8342=AXIS2_PLACEMENT_3D('',#12372,#10035,#10036);
#8343=AXIS2_PLACEMENT_3D('',#12376,#10039,#10040);
#8344=AXIS2_PLACEMENT_3D('',#12378,#10042,#10043);
#8345=AXIS2_PLACEMENT_3D('',#12382,#10046,#10047);
#8346=AXIS2_PLACEMENT_3D('',#12384,#10049,#10050);
#8347=AXIS2_PLACEMENT_3D('',#12388,#10053,#10054);
#8348=AXIS2_PLACEMENT_3D('',#12392,#10057,#10058);
#8349=AXIS2_PLACEMENT_3D('',#12394,#10060,#10061);
#8350=AXIS2_PLACEMENT_3D('',#12398,#10064,#10065);
#8351=AXIS2_PLACEMENT_3D('',#12402,#10068,#10069);
#8352=AXIS2_PLACEMENT_3D('',#12406,#10072,#10073);
#8353=AXIS2_PLACEMENT_3D('',#12408,#10075,#10076);
#8354=AXIS2_PLACEMENT_3D('',#12412,#10079,#10080);
#8355=AXIS2_PLACEMENT_3D('',#12414,#10082,#10083);
#8356=AXIS2_PLACEMENT_3D('',#12418,#10086,#10087);
#8357=AXIS2_PLACEMENT_3D('',#12422,#10090,#10091);
#8358=AXIS2_PLACEMENT_3D('',#12426,#10094,#10095);
#8359=AXIS2_PLACEMENT_3D('',#12428,#10097,#10098);
#8360=AXIS2_PLACEMENT_3D('',#12432,#10101,#10102);
#8361=AXIS2_PLACEMENT_3D('',#12434,#10104,#10105);
#8362=AXIS2_PLACEMENT_3D('',#12438,#10108,#10109);
#8363=AXIS2_PLACEMENT_3D('',#12442,#10112,#10113);
#8364=AXIS2_PLACEMENT_3D('',#12444,#10115,#10116);
#8365=AXIS2_PLACEMENT_3D('',#12448,#10119,#10120);
#8366=AXIS2_PLACEMENT_3D('',#12452,#10123,#10124);
#8367=AXIS2_PLACEMENT_3D('',#12454,#10126,#10127);
#8368=AXIS2_PLACEMENT_3D('',#12458,#10130,#10131);
#8369=AXIS2_PLACEMENT_3D('',#12462,#10134,#10135);
#8370=AXIS2_PLACEMENT_3D('',#12464,#10137,#10138);
#8371=AXIS2_PLACEMENT_3D('',#12468,#10141,#10142);
#8372=AXIS2_PLACEMENT_3D('',#12472,#10145,#10146);
#8373=AXIS2_PLACEMENT_3D('',#12474,#10148,#10149);
#8374=AXIS2_PLACEMENT_3D('',#12478,#10152,#10153);
#8375=AXIS2_PLACEMENT_3D('',#12482,#10156,#10157);
#8376=AXIS2_PLACEMENT_3D('',#12484,#10159,#10160);
#8377=AXIS2_PLACEMENT_3D('',#12488,#10163,#10164);
#8378=AXIS2_PLACEMENT_3D('',#12492,#10167,#10168);
#8379=AXIS2_PLACEMENT_3D('',#12494,#10170,#10171);
#8380=AXIS2_PLACEMENT_3D('',#12498,#10174,#10175);
#8381=AXIS2_PLACEMENT_3D('',#12502,#10178,#10179);
#8382=AXIS2_PLACEMENT_3D('',#12504,#10181,#10182);
#8383=AXIS2_PLACEMENT_3D('',#12508,#10185,#10186);
#8384=AXIS2_PLACEMENT_3D('',#12512,#10189,#10190);
#8385=AXIS2_PLACEMENT_3D('',#12514,#10192,#10193);
#8386=AXIS2_PLACEMENT_3D('',#12518,#10196,#10197);
#8387=AXIS2_PLACEMENT_3D('',#12522,#10200,#10201);
#8388=AXIS2_PLACEMENT_3D('',#12524,#10203,#10204);
#8389=AXIS2_PLACEMENT_3D('',#12528,#10207,#10208);
#8390=AXIS2_PLACEMENT_3D('',#12532,#10211,#10212);
#8391=AXIS2_PLACEMENT_3D('',#12534,#10214,#10215);
#8392=AXIS2_PLACEMENT_3D('',#12538,#10218,#10219);
#8393=AXIS2_PLACEMENT_3D('',#12542,#10222,#10223);
#8394=AXIS2_PLACEMENT_3D('',#12544,#10225,#10226);
#8395=AXIS2_PLACEMENT_3D('',#12548,#10229,#10230);
#8396=AXIS2_PLACEMENT_3D('',#12552,#10233,#10234);
#8397=AXIS2_PLACEMENT_3D('',#12554,#10236,#10237);
#8398=AXIS2_PLACEMENT_3D('',#12558,#10240,#10241);
#8399=AXIS2_PLACEMENT_3D('',#12562,#10244,#10245);
#8400=AXIS2_PLACEMENT_3D('',#12564,#10247,#10248);
#8401=AXIS2_PLACEMENT_3D('',#12671,#10314,#10315);
#8402=AXIS2_PLACEMENT_3D('',#12673,#10317,#10318);
#8403=AXIS2_PLACEMENT_3D('',#12675,#10320,#10321);
#8404=AXIS2_PLACEMENT_3D('',#12676,#10322,#10323);
#8405=AXIS2_PLACEMENT_3D('',#12678,#10325,#10326);
#8406=AXIS2_PLACEMENT_3D('',#12680,#10328,#10329);
#8407=AXIS2_PLACEMENT_3D('',#12681,#10330,#10331);
#8408=AXIS2_PLACEMENT_3D('',#12683,#10333,#10334);
#8409=AXIS2_PLACEMENT_3D('',#12685,#10336,#10337);
#8410=AXIS2_PLACEMENT_3D('',#12686,#10338,#10339);
#8411=AXIS2_PLACEMENT_3D('',#12688,#10341,#10342);
#8412=AXIS2_PLACEMENT_3D('',#12690,#10344,#10345);
#8413=AXIS2_PLACEMENT_3D('',#12691,#10346,#10347);
#8414=AXIS2_PLACEMENT_3D('',#12693,#10349,#10350);
#8415=AXIS2_PLACEMENT_3D('',#12695,#10352,#10353);
#8416=AXIS2_PLACEMENT_3D('',#12696,#10354,#10355);
#8417=AXIS2_PLACEMENT_3D('',#12698,#10357,#10358);
#8418=AXIS2_PLACEMENT_3D('',#12700,#10360,#10361);
#8419=AXIS2_PLACEMENT_3D('',#12701,#10362,#10363);
#8420=AXIS2_PLACEMENT_3D('',#12703,#10365,#10366);
#8421=AXIS2_PLACEMENT_3D('',#12705,#10368,#10369);
#8422=AXIS2_PLACEMENT_3D('',#12706,#10370,#10371);
#8423=AXIS2_PLACEMENT_3D('',#12708,#10373,#10374);
#8424=AXIS2_PLACEMENT_3D('',#12710,#10376,#10377);
#8425=AXIS2_PLACEMENT_3D('',#12711,#10378,#10379);
#8426=AXIS2_PLACEMENT_3D('',#12713,#10381,#10382);
#8427=AXIS2_PLACEMENT_3D('',#12715,#10384,#10385);
#8428=AXIS2_PLACEMENT_3D('',#12716,#10386,#10387);
#8429=AXIS2_PLACEMENT_3D('',#12718,#10389,#10390);
#8430=AXIS2_PLACEMENT_3D('',#12719,#10391,#10392);
#8431=AXIS2_PLACEMENT_3D('',#12720,#10393,#10394);
#8432=AXIS2_PLACEMENT_3D('',#12721,#10395,#10396);
#8433=AXIS2_PLACEMENT_3D('',#12722,#10397,#10398);
#8434=AXIS2_PLACEMENT_3D('',#12724,#10400,#10401);
#8435=AXIS2_PLACEMENT_3D('',#12726,#10403,#10404);
#8436=AXIS2_PLACEMENT_3D('',#12727,#10405,#10406);
#8437=AXIS2_PLACEMENT_3D('',#12729,#10408,#10409);
#8438=AXIS2_PLACEMENT_3D('',#12731,#10411,#10412);
#8439=AXIS2_PLACEMENT_3D('',#12732,#10413,#10414);
#8440=AXIS2_PLACEMENT_3D('',#12734,#10416,#10417);
#8441=AXIS2_PLACEMENT_3D('',#12736,#10419,#10420);
#8442=AXIS2_PLACEMENT_3D('',#12737,#10421,#10422);
#8443=AXIS2_PLACEMENT_3D('',#12739,#10424,#10425);
#8444=AXIS2_PLACEMENT_3D('',#12741,#10427,#10428);
#8445=AXIS2_PLACEMENT_3D('',#12743,#10430,#10431);
#8446=AXIS2_PLACEMENT_3D('',#12744,#10432,#10433);
#8447=AXIS2_PLACEMENT_3D('',#12746,#10435,#10436);
#8448=AXIS2_PLACEMENT_3D('',#12747,#10437,#10438);
#8449=AXIS2_PLACEMENT_3D('',#12749,#10440,#10441);
#8450=AXIS2_PLACEMENT_3D('',#12751,#10443,#10444);
#8451=AXIS2_PLACEMENT_3D('',#12753,#10446,#10447);
#8452=AXIS2_PLACEMENT_3D('',#12754,#10448,#10449);
#8453=AXIS2_PLACEMENT_3D('',#12756,#10451,#10452);
#8454=AXIS2_PLACEMENT_3D('',#12757,#10453,#10454);
#8455=AXIS2_PLACEMENT_3D('',#12759,#10456,#10457);
#8456=AXIS2_PLACEMENT_3D('',#12761,#10459,#10460);
#8457=AXIS2_PLACEMENT_3D('',#12763,#10462,#10463);
#8458=AXIS2_PLACEMENT_3D('',#12764,#10464,#10465);
#8459=AXIS2_PLACEMENT_3D('',#12766,#10467,#10468);
#8460=AXIS2_PLACEMENT_3D('',#12767,#10469,#10470);
#8461=AXIS2_PLACEMENT_3D('',#12769,#10472,#10473);
#8462=AXIS2_PLACEMENT_3D('',#12771,#10475,#10476);
#8463=AXIS2_PLACEMENT_3D('',#12773,#10478,#10479);
#8464=AXIS2_PLACEMENT_3D('',#12774,#10480,#10481);
#8465=AXIS2_PLACEMENT_3D('',#12776,#10483,#10484);
#8466=DIRECTION('axis',(0.,0.,1.));
#8467=DIRECTION('refdir',(1.,0.,0.));
#8468=DIRECTION('center_axis',(0.,0.,-1.));
#8469=DIRECTION('ref_axis',(-1.,0.,0.));
#8470=DIRECTION('center_axis',(0.,0.,-1.));
#8471=DIRECTION('ref_axis',(-1.,0.,0.));
#8472=DIRECTION('',(0.,0.,-1.));
#8473=DIRECTION('center_axis',(0.,0.,-1.));
#8474=DIRECTION('ref_axis',(-1.,0.,0.));
#8475=DIRECTION('center_axis',(0.,0.,1.));
#8476=DIRECTION('ref_axis',(1.,0.,0.));
#8477=DIRECTION('center_axis',(0.,0.,-1.));
#8478=DIRECTION('ref_axis',(-1.,0.,0.));
#8479=DIRECTION('center_axis',(0.,0.,-1.));
#8480=DIRECTION('ref_axis',(-1.,0.,0.));
#8481=DIRECTION('',(0.,0.,-1.));
#8482=DIRECTION('center_axis',(0.,0.,-1.));
#8483=DIRECTION('ref_axis',(-1.,0.,0.));
#8484=DIRECTION('center_axis',(0.,0.,1.));
#8485=DIRECTION('ref_axis',(1.,0.,0.));
#8486=DIRECTION('center_axis',(0.,0.,-1.));
#8487=DIRECTION('ref_axis',(-1.,0.,0.));
#8488=DIRECTION('center_axis',(0.,0.,-1.));
#8489=DIRECTION('ref_axis',(-1.,0.,0.));
#8490=DIRECTION('',(0.,0.,-1.));
#8491=DIRECTION('center_axis',(0.,0.,-1.));
#8492=DIRECTION('ref_axis',(-1.,0.,0.));
#8493=DIRECTION('center_axis',(0.,0.,1.));
#8494=DIRECTION('ref_axis',(1.,0.,0.));
#8495=DIRECTION('center_axis',(0.,0.,-1.));
#8496=DIRECTION('ref_axis',(-1.,0.,0.));
#8497=DIRECTION('center_axis',(0.,0.,-1.));
#8498=DIRECTION('ref_axis',(-1.,0.,0.));
#8499=DIRECTION('',(0.,0.,-1.));
#8500=DIRECTION('center_axis',(0.,0.,-1.));
#8501=DIRECTION('ref_axis',(-1.,0.,0.));
#8502=DIRECTION('center_axis',(0.,0.,1.));
#8503=DIRECTION('ref_axis',(1.,0.,0.));
#8504=DIRECTION('center_axis',(0.,1.,0.));
#8505=DIRECTION('ref_axis',(-1.,0.,0.));
#8506=DIRECTION('',(1.,0.,0.));
#8507=DIRECTION('',(0.,0.,-1.));
#8508=DIRECTION('',(-1.,0.,0.));
#8509=DIRECTION('',(0.,0.,1.));
#8510=DIRECTION('center_axis',(1.,0.,0.));
#8511=DIRECTION('ref_axis',(0.,1.,0.));
#8512=DIRECTION('',(0.,-1.,0.));
#8513=DIRECTION('',(0.,1.,0.));
#8514=DIRECTION('',(0.,0.,1.));
#8515=DIRECTION('center_axis',(0.,0.,1.));
#8516=DIRECTION('ref_axis',(1.,0.,0.));
#8517=DIRECTION('',(0.,1.,0.));
#8518=DIRECTION('',(-1.,0.,0.));
#8519=DIRECTION('center_axis',(-1.,0.,0.));
#8520=DIRECTION('ref_axis',(0.,-1.,0.));
#8521=DIRECTION('',(0.,1.,0.));
#8522=DIRECTION('',(0.,0.,1.));
#8523=DIRECTION('',(0.,1.,0.));
#8524=DIRECTION('',(0.,0.,1.));
#8525=DIRECTION('',(0.,-1.,0.));
#8526=DIRECTION('',(0.,0.,-1.));
#8527=DIRECTION('center_axis',(1.,0.,0.));
#8528=DIRECTION('ref_axis',(0.,1.,0.));
#8529=DIRECTION('',(0.,-1.,0.));
#8530=DIRECTION('',(0.,0.,-1.));
#8531=DIRECTION('',(0.,1.,0.));
#8532=DIRECTION('',(0.,0.,1.));
#8533=DIRECTION('center_axis',(0.,-1.,0.));
#8534=DIRECTION('ref_axis',(1.,0.,0.));
#8535=DIRECTION('',(-1.,0.,0.));
#8536=DIRECTION('',(1.,0.,0.));
#8537=DIRECTION('center_axis',(0.,0.,1.));
#8538=DIRECTION('ref_axis',(1.,0.,0.));
#8539=DIRECTION('',(1.,0.,0.));
#8540=DIRECTION('center_axis',(0.,1.,0.));
#8541=DIRECTION('ref_axis',(-1.,0.,0.));
#8542=DIRECTION('',(1.,0.,0.));
#8543=DIRECTION('',(0.,0.,1.));
#8544=DIRECTION('',(1.,0.,0.));
#8545=DIRECTION('',(0.,0.,1.));
#8546=DIRECTION('',(-1.,0.,0.));
#8547=DIRECTION('center_axis',(0.,1.,0.));
#8548=DIRECTION('ref_axis',(-7.47125676021613E-15,0.,-1.));
#8549=DIRECTION('',(1.,0.,-4.10582332691073E-15));
#8550=DIRECTION('center_axis',(0.,1.,0.));
#8551=DIRECTION('ref_axis',(7.47125676021641E-15,0.,1.));
#8552=DIRECTION('',(-1.,0.,-4.9612031866838E-14));
#8553=DIRECTION('center_axis',(0.,0.,1.));
#8554=DIRECTION('ref_axis',(1.,0.,0.));
#8555=DIRECTION('',(-1.,0.,0.));
#8556=DIRECTION('',(-1.,0.,0.));
#8557=DIRECTION('',(-1.,0.,0.));
#8558=DIRECTION('',(0.,1.,0.));
#8559=DIRECTION('',(1.,0.,0.));
#8560=DIRECTION('',(0.,-1.,0.));
#8561=DIRECTION('',(-1.,0.,0.));
#8562=DIRECTION('',(0.,1.,0.));
#8563=DIRECTION('center_axis',(-1.,0.,0.));
#8564=DIRECTION('ref_axis',(0.,-1.,0.));
#8565=DIRECTION('',(0.,0.,-1.));
#8566=DIRECTION('',(0.,-1.,0.));
#8567=DIRECTION('',(0.,0.,1.));
#8568=DIRECTION('center_axis',(0.,1.,0.));
#8569=DIRECTION('ref_axis',(-1.,0.,0.));
#8570=DIRECTION('',(-1.,0.,0.));
#8571=DIRECTION('',(0.,0.,1.));
#8572=DIRECTION('center_axis',(0.,0.,1.));
#8573=DIRECTION('ref_axis',(1.,0.,0.));
#8574=DIRECTION('',(-1.,0.,0.));
#8575=DIRECTION('',(0.,-1.,0.));
#8576=DIRECTION('center_axis',(1.,0.,0.));
#8577=DIRECTION('ref_axis',(0.,1.,0.));
#8578=DIRECTION('',(0.,0.,1.));
#8579=DIRECTION('',(0.,1.,0.));
#8580=DIRECTION('',(0.,-1.,0.));
#8581=DIRECTION('',(0.,0.,-1.));
#8582=DIRECTION('center_axis',(0.,-1.,0.));
#8583=DIRECTION('ref_axis',(1.,0.,0.));
#8584=DIRECTION('',(1.,0.,0.));
#8585=DIRECTION('',(0.,0.,1.));
#8586=DIRECTION('center_axis',(-1.,0.,0.));
#8587=DIRECTION('ref_axis',(0.,-1.,0.));
#8588=DIRECTION('',(0.,-1.,0.));
#8589=DIRECTION('center_axis',(0.,0.,1.));
#8590=DIRECTION('ref_axis',(1.,0.,0.));
#8591=DIRECTION('center_axis',(0.,1.,0.));
#8592=DIRECTION('ref_axis',(1.,0.,0.));
#8593=DIRECTION('',(0.,0.,-1.));
#8594=DIRECTION('',(1.,0.,0.));
#8595=DIRECTION('',(0.,0.,-1.));
#8596=DIRECTION('center_axis',(0.,-1.,0.));
#8597=DIRECTION('ref_axis',(-1.,0.,0.));
#8598=DIRECTION('',(1.,0.,0.));
#8599=DIRECTION('',(0.,0.,1.));
#8600=DIRECTION('',(-1.,0.,0.));
#8601=DIRECTION('',(0.,0.,-1.));
#8602=DIRECTION('',(-1.,0.,0.));
#8603=DIRECTION('',(0.,0.,-1.));
#8604=DIRECTION('center_axis',(1.,0.,0.));
#8605=DIRECTION('ref_axis',(0.,-1.,0.));
#8606=DIRECTION('',(0.,-1.,0.));
#8607=DIRECTION('',(0.,0.,1.));
#8608=DIRECTION('',(0.,-1.,0.));
#8609=DIRECTION('center_axis',(0.,0.,-1.));
#8610=DIRECTION('ref_axis',(-1.,0.,0.));
#8611=DIRECTION('',(0.,1.,0.));
#8612=DIRECTION('center_axis',(0.,-1.,0.));
#8613=DIRECTION('ref_axis',(1.,0.,0.));
#8614=DIRECTION('',(1.,0.,0.));
#8615=DIRECTION('center_axis',(0.,-1.,0.));
#8616=DIRECTION('ref_axis',(1.,0.,0.));
#8617=DIRECTION('',(1.,0.,0.));
#8618=DIRECTION('',(0.,0.,-1.));
#8619=DIRECTION('center_axis',(0.,1.,0.));
#8620=DIRECTION('ref_axis',(0.,0.,1.));
#8621=DIRECTION('',(-1.,0.,4.10582332691073E-15));
#8622=DIRECTION('',(0.,0.,1.));
#8623=DIRECTION('',(1.,0.,0.));
#8624=DIRECTION('',(0.,0.,-1.));
#8625=DIRECTION('center_axis',(-1.,0.,0.));
#8626=DIRECTION('ref_axis',(0.,0.,1.));
#8627=DIRECTION('',(0.,-1.,0.));
#8628=DIRECTION('',(0.,0.,-1.));
#8629=DIRECTION('',(0.,1.,0.));
#8630=DIRECTION('',(0.,0.,1.));
#8631=DIRECTION('center_axis',(-1.,0.,0.));
#8632=DIRECTION('ref_axis',(0.,0.,1.));
#8633=DIRECTION('',(0.,-1.,0.));
#8634=DIRECTION('',(0.,0.,-1.));
#8635=DIRECTION('',(0.,1.,0.));
#8636=DIRECTION('center_axis',(-1.,0.,0.));
#8637=DIRECTION('ref_axis',(0.,0.,1.));
#8638=DIRECTION('',(0.,1.,0.));
#8639=DIRECTION('',(0.,0.,1.));
#8640=DIRECTION('',(0.,1.,0.));
#8641=DIRECTION('',(0.,0.,-1.));
#8642=DIRECTION('center_axis',(-1.,0.,0.));
#8643=DIRECTION('ref_axis',(0.,0.,1.));
#8644=DIRECTION('',(0.,-1.,0.));
#8645=DIRECTION('',(0.,0.,-1.));
#8646=DIRECTION('',(0.,1.,0.));
#8647=DIRECTION('',(0.,0.,1.));
#8648=DIRECTION('center_axis',(-1.,0.,0.));
#8649=DIRECTION('ref_axis',(0.,0.,1.));
#8650=DIRECTION('',(0.,1.,0.));
#8651=DIRECTION('',(0.,0.,1.));
#8652=DIRECTION('',(0.,1.,0.));
#8653=DIRECTION('',(0.,0.,-1.));
#8654=DIRECTION('center_axis',(-1.,0.,0.));
#8655=DIRECTION('ref_axis',(0.,0.,1.));
#8656=DIRECTION('',(0.,-1.,0.));
#8657=DIRECTION('',(0.,0.,-1.));
#8658=DIRECTION('',(0.,1.,0.));
#8659=DIRECTION('',(0.,0.,1.));
#8660=DIRECTION('center_axis',(0.,1.,0.));
#8661=DIRECTION('ref_axis',(0.,0.,1.));
#8662=DIRECTION('center_axis',(0.,-1.,0.));
#8663=DIRECTION('ref_axis',(-7.47125676021613E-15,0.,-1.));
#8664=DIRECTION('',(0.,0.,-1.));
#8665=DIRECTION('',(-1.,0.,-4.01057200818452E-17));
#8666=DIRECTION('center_axis',(1.,0.,0.));
#8667=DIRECTION('ref_axis',(0.,0.,-1.));
#8668=DIRECTION('',(0.,-1.,0.));
#8669=DIRECTION('',(0.,0.,1.));
#8670=DIRECTION('',(0.,1.,0.));
#8671=DIRECTION('center_axis',(1.,0.,0.));
#8672=DIRECTION('ref_axis',(0.,0.,-1.));
#8673=DIRECTION('',(0.,-1.,0.));
#8674=DIRECTION('',(0.,0.,1.));
#8675=DIRECTION('',(0.,1.,0.));
#8676=DIRECTION('',(0.,0.,-1.));
#8677=DIRECTION('center_axis',(-1.,0.,0.));
#8678=DIRECTION('ref_axis',(0.,0.,1.));
#8679=DIRECTION('',(0.,1.,0.));
#8680=DIRECTION('',(0.,0.,1.));
#8681=DIRECTION('',(0.,1.,0.));
#8682=DIRECTION('',(0.,0.,-1.));
#8683=DIRECTION('center_axis',(0.,1.,0.));
#8684=DIRECTION('ref_axis',(0.,0.,1.));
#8685=DIRECTION('center_axis',(0.,-1.,0.));
#8686=DIRECTION('ref_axis',(-7.47125676021613E-15,0.,-1.));
#8687=DIRECTION('',(1.,0.,0.));
#8688=DIRECTION('',(0.,0.,-1.));
#8689=DIRECTION('center_axis',(0.,1.,0.));
#8690=DIRECTION('ref_axis',(0.,0.,1.));
#8691=DIRECTION('center_axis',(0.,-1.,0.));
#8692=DIRECTION('ref_axis',(7.47125676021641E-15,0.,1.));
#8693=DIRECTION('',(-1.,0.,-4.01057200818452E-17));
#8694=DIRECTION('',(0.,0.,1.));
#8695=DIRECTION('',(1.,0.,4.9612031866838E-14));
#8696=DIRECTION('center_axis',(0.,1.,0.));
#8697=DIRECTION('ref_axis',(0.,0.,1.));
#8698=DIRECTION('',(-1.,0.,4.10582332691073E-15));
#8699=DIRECTION('',(1.,0.,0.));
#8700=DIRECTION('',(0.,0.,-1.));
#8701=DIRECTION('center_axis',(0.,-1.,0.));
#8702=DIRECTION('ref_axis',(7.47125676021641E-15,0.,1.));
#8703=DIRECTION('center_axis',(-1.,0.,0.));
#8704=DIRECTION('ref_axis',(0.,0.,1.));
#8705=DIRECTION('',(0.,1.,0.));
#8706=DIRECTION('',(0.,1.,0.));
#8707=DIRECTION('',(0.,0.,-1.));
#8708=DIRECTION('center_axis',(0.,1.,0.));
#8709=DIRECTION('ref_axis',(0.,0.,1.));
#8710=DIRECTION('',(1.,0.,4.9612031866838E-14));
#8711=DIRECTION('',(0.,0.,-1.));
#8712=DIRECTION('',(-1.,0.,-4.01057200818452E-17));
#8713=DIRECTION('center_axis',(1.,0.,0.));
#8714=DIRECTION('ref_axis',(0.,0.,-1.));
#8715=DIRECTION('',(0.,-1.,0.));
#8716=DIRECTION('',(0.,0.,1.));
#8717=DIRECTION('',(0.,1.,0.));
#8718=DIRECTION('center_axis',(0.,-1.,0.));
#8719=DIRECTION('ref_axis',(-7.47125676021613E-15,0.,-1.));
#8720=DIRECTION('center_axis',(0.,-1.,0.));
#8721=DIRECTION('ref_axis',(-7.47125676021613E-15,0.,-1.));
#8722=DIRECTION('',(0.,-1.,0.));
#8723=DIRECTION('',(0.,-1.,0.));
#8724=DIRECTION('center_axis',(0.,-1.,0.));
#8725=DIRECTION('ref_axis',(-7.47125676021613E-15,0.,-1.));
#8726=DIRECTION('center_axis',(0.,-1.,0.));
#8727=DIRECTION('ref_axis',(-7.47125676021613E-15,0.,-1.));
#8728=DIRECTION('',(0.,1.,0.));
#8729=DIRECTION('center_axis',(4.10582332691073E-15,0.,1.));
#8730=DIRECTION('ref_axis',(-1.,0.,4.10582332691073E-15));
#8731=DIRECTION('',(0.,-1.,0.));
#8732=DIRECTION('',(-1.,0.,4.10582332691073E-15));
#8733=DIRECTION('',(0.,1.,0.));
#8734=DIRECTION('',(-1.,0.,4.10582332691073E-15));
#8735=DIRECTION('center_axis',(0.,-1.,0.));
#8736=DIRECTION('ref_axis',(7.47125676021641E-15,0.,1.));
#8737=DIRECTION('',(0.,-1.,0.));
#8738=DIRECTION('',(0.,1.,0.));
#8739=DIRECTION('center_axis',(0.,-1.,0.));
#8740=DIRECTION('ref_axis',(7.47125676021641E-15,0.,1.));
#8741=DIRECTION('center_axis',(0.,-1.,0.));
#8742=DIRECTION('ref_axis',(7.47125676021641E-15,0.,1.));
#8743=DIRECTION('center_axis',(0.,-1.,0.));
#8744=DIRECTION('ref_axis',(7.47125676021641E-15,0.,1.));
#8745=DIRECTION('center_axis',(4.9612031866838E-14,0.,-1.));
#8746=DIRECTION('ref_axis',(1.,0.,4.9612031866838E-14));
#8747=DIRECTION('',(1.,0.,4.9612031866838E-14));
#8748=DIRECTION('',(1.,0.,4.9612031866838E-14));
#8749=DIRECTION('center_axis',(1.,0.,0.));
#8750=DIRECTION('ref_axis',(0.,1.,0.));
#8751=DIRECTION('',(0.,0.,1.));
#8752=DIRECTION('',(0.,-1.,0.));
#8753=DIRECTION('',(0.,0.,-1.));
#8754=DIRECTION('',(0.,-1.,0.));
#8755=DIRECTION('center_axis',(-1.,7.8005556884895E-17,0.));
#8756=DIRECTION('ref_axis',(-7.8005556884895E-17,-1.,0.));
#8757=DIRECTION('',(0.,0.,-1.));
#8758=DIRECTION('',(0.,1.,0.));
#8759=DIRECTION('',(0.,0.,1.));
#8760=DIRECTION('',(7.8005556884895E-17,1.,0.));
#8761=DIRECTION('center_axis',(0.,0.,-1.));
#8762=DIRECTION('ref_axis',(-1.,0.,0.));
#8763=DIRECTION('center_axis',(0.,0.,1.));
#8764=DIRECTION('ref_axis',(-1.,0.,0.));
#8765=DIRECTION('',(0.,0.,-1.));
#8766=DIRECTION('center_axis',(0.,0.,-1.));
#8767=DIRECTION('ref_axis',(-1.,0.,0.));
#8768=DIRECTION('center_axis',(0.,0.,1.));
#8769=DIRECTION('ref_axis',(-1.,0.,0.));
#8770=DIRECTION('center_axis',(0.,0.,-1.));
#8771=DIRECTION('ref_axis',(-1.,0.,0.));
#8772=DIRECTION('center_axis',(0.,0.,1.));
#8773=DIRECTION('ref_axis',(-1.,0.,0.));
#8774=DIRECTION('',(0.,0.,-1.));
#8775=DIRECTION('center_axis',(0.,0.,-1.));
#8776=DIRECTION('ref_axis',(-1.,0.,0.));
#8777=DIRECTION('center_axis',(0.,0.,1.));
#8778=DIRECTION('ref_axis',(-1.,0.,0.));
#8779=DIRECTION('center_axis',(0.,0.,-1.));
#8780=DIRECTION('ref_axis',(-1.,0.,0.));
#8781=DIRECTION('center_axis',(0.,0.,1.));
#8782=DIRECTION('ref_axis',(-1.,0.,0.));
#8783=DIRECTION('',(0.,0.,-1.));
#8784=DIRECTION('center_axis',(0.,0.,-1.));
#8785=DIRECTION('ref_axis',(-1.,0.,0.));
#8786=DIRECTION('center_axis',(0.,0.,1.));
#8787=DIRECTION('ref_axis',(-1.,0.,0.));
#8788=DIRECTION('center_axis',(0.,0.,-1.));
#8789=DIRECTION('ref_axis',(-1.,0.,0.));
#8790=DIRECTION('center_axis',(0.,0.,1.));
#8791=DIRECTION('ref_axis',(-1.,0.,0.));
#8792=DIRECTION('',(0.,0.,-1.));
#8793=DIRECTION('center_axis',(0.,0.,-1.));
#8794=DIRECTION('ref_axis',(-1.,0.,0.));
#8795=DIRECTION('center_axis',(0.,0.,1.));
#8796=DIRECTION('ref_axis',(-1.,0.,0.));
#8797=DIRECTION('center_axis',(1.,0.,0.));
#8798=DIRECTION('ref_axis',(0.,1.,0.));
#8799=DIRECTION('',(0.,-1.,0.));
#8800=DIRECTION('',(0.,0.,-1.));
#8801=DIRECTION('',(0.,1.,0.));
#8802=DIRECTION('',(0.,0.,1.));
#8803=DIRECTION('center_axis',(0.,1.,0.));
#8804=DIRECTION('ref_axis',(-1.,0.,0.));
#8805=DIRECTION('',(1.,0.,0.));
#8806=DIRECTION('',(0.,0.,1.));
#8807=DIRECTION('',(1.,0.,0.));
#8808=DIRECTION('',(0.,0.,1.));
#8809=DIRECTION('',(-1.,0.,0.));
#8810=DIRECTION('',(0.,0.,-1.));
#8811=DIRECTION('',(1.,0.,0.));
#8812=DIRECTION('center_axis',(-1.,0.,0.));
#8813=DIRECTION('ref_axis',(0.,0.,1.));
#8814=DIRECTION('',(0.,1.,0.));
#8815=DIRECTION('',(0.,0.,1.));
#8816=DIRECTION('',(0.,1.,0.));
#8817=DIRECTION('center_axis',(1.,0.,0.));
#8818=DIRECTION('ref_axis',(0.,0.,-1.));
#8819=DIRECTION('',(0.,1.,0.));
#8820=DIRECTION('',(0.,0.,-1.));
#8821=DIRECTION('',(0.,1.,0.));
#8822=DIRECTION('center_axis',(0.,0.,1.));
#8823=DIRECTION('ref_axis',(1.,0.,0.));
#8824=DIRECTION('',(0.,-1.,0.));
#8825=DIRECTION('',(0.,1.,0.));
#8826=DIRECTION('',(1.,0.,0.));
#8827=DIRECTION('center_axis',(-1.,0.,0.));
#8828=DIRECTION('ref_axis',(0.,-1.,0.));
#8829=DIRECTION('',(0.,1.,0.));
#8830=DIRECTION('center_axis',(0.,0.,-1.));
#8831=DIRECTION('ref_axis',(-1.,0.,0.));
#8832=DIRECTION('',(1.,0.,0.));
#8833=DIRECTION('',(0.,-1.,0.));
#8834=DIRECTION('',(1.,0.,4.01057200818452E-17));
#8835=DIRECTION('',(0.,1.,0.));
#8836=DIRECTION('',(1.,0.,0.));
#8837=DIRECTION('',(0.,1.,0.));
#8838=DIRECTION('',(-1.,0.,0.));
#8839=DIRECTION('',(0.,-1.,0.));
#8840=DIRECTION('',(1.,0.,0.));
#8841=DIRECTION('',(0.,1.,0.));
#8842=DIRECTION('',(-1.,0.,0.));
#8843=DIRECTION('',(0.,-1.,0.));
#8844=DIRECTION('',(1.,0.,0.));
#8845=DIRECTION('',(0.,1.,0.));
#8846=DIRECTION('',(-1.,0.,0.));
#8847=DIRECTION('',(0.,-1.,0.));
#8848=DIRECTION('',(1.,0.,0.));
#8849=DIRECTION('',(0.,1.,0.));
#8850=DIRECTION('',(-1.,0.,0.));
#8851=DIRECTION('',(0.,-1.,0.));
#8852=DIRECTION('',(1.,0.,0.));
#8853=DIRECTION('',(0.,1.,0.));
#8854=DIRECTION('',(-1.,0.,0.));
#8855=DIRECTION('',(0.,-1.,0.));
#8856=DIRECTION('',(1.,0.,0.));
#8857=DIRECTION('',(0.,-1.,0.));
#8858=DIRECTION('',(-1.,0.,0.));
#8859=DIRECTION('',(0.,1.,0.));
#8860=DIRECTION('',(-1.,0.,-4.01057200818452E-17));
#8861=DIRECTION('',(0.,1.,0.));
#8862=DIRECTION('',(-1.,0.,0.));
#8863=DIRECTION('',(0.,1.,0.));
#8864=DIRECTION('',(-1.,0.,-4.01057200818452E-17));
#8865=DIRECTION('',(0.,1.,0.));
#8866=DIRECTION('',(-1.,0.,0.));
#8867=DIRECTION('',(0.,1.,0.));
#8868=DIRECTION('',(-1.,0.,-4.01057200818452E-17));
#8869=DIRECTION('',(0.,1.,0.));
#8870=DIRECTION('',(-1.,0.,0.));
#8871=DIRECTION('',(0.,1.,0.));
#8872=DIRECTION('',(-1.,0.,-4.01057200818452E-17));
#8873=DIRECTION('',(0.,1.,0.));
#8874=DIRECTION('',(-1.,0.,0.));
#8875=DIRECTION('',(0.,1.,0.));
#8876=DIRECTION('',(-1.,0.,-4.01057200818452E-17));
#8877=DIRECTION('',(0.,1.,0.));
#8878=DIRECTION('',(-1.,0.,0.));
#8879=DIRECTION('',(0.,1.,0.));
#8880=DIRECTION('',(-1.,0.,-4.01057200818452E-17));
#8881=DIRECTION('',(0.,1.,0.));
#8882=DIRECTION('',(-1.,0.,0.));
#8883=DIRECTION('',(0.,1.,0.));
#8884=DIRECTION('',(-1.,0.,-4.01057200818452E-17));
#8885=DIRECTION('',(0.,1.,0.));
#8886=DIRECTION('',(-1.,0.,0.));
#8887=DIRECTION('',(0.,1.,0.));
#8888=DIRECTION('',(-1.,0.,-4.01057200818452E-17));
#8889=DIRECTION('',(0.,1.,0.));
#8890=DIRECTION('',(-1.,0.,0.));
#8891=DIRECTION('',(0.,1.,0.));
#8892=DIRECTION('',(-1.,0.,-4.01057200818452E-17));
#8893=DIRECTION('',(0.,1.,0.));
#8894=DIRECTION('',(-1.,0.,0.));
#8895=DIRECTION('',(0.,1.,0.));
#8896=DIRECTION('',(-1.,0.,-4.01057200818452E-17));
#8897=DIRECTION('',(0.,1.,0.));
#8898=DIRECTION('',(-1.,0.,0.));
#8899=DIRECTION('',(0.,1.,0.));
#8900=DIRECTION('',(-1.,0.,-4.01057200818452E-17));
#8901=DIRECTION('',(0.,1.,0.));
#8902=DIRECTION('',(-1.,0.,0.));
#8903=DIRECTION('',(-1.,0.,0.));
#8904=DIRECTION('',(-1.,0.,0.));
#8905=DIRECTION('',(-1.,0.,0.));
#8906=DIRECTION('',(-1.,0.,-4.01057200818452E-17));
#8907=DIRECTION('',(0.,1.,0.));
#8908=DIRECTION('',(-1.,0.,0.));
#8909=DIRECTION('',(0.,1.,0.));
#8910=DIRECTION('',(-1.,0.,-4.01057200818452E-17));
#8911=DIRECTION('',(0.,1.,0.));
#8912=DIRECTION('',(-1.,0.,0.));
#8913=DIRECTION('',(0.,1.,0.));
#8914=DIRECTION('',(-1.,0.,-4.01057200818452E-17));
#8915=DIRECTION('',(0.,1.,0.));
#8916=DIRECTION('',(-1.,0.,0.));
#8917=DIRECTION('',(0.,1.,0.));
#8918=DIRECTION('',(-1.,0.,-4.01057200818452E-17));
#8919=DIRECTION('',(0.,1.,0.));
#8920=DIRECTION('',(-1.,0.,0.));
#8921=DIRECTION('',(0.,1.,0.));
#8922=DIRECTION('',(-1.,0.,-4.01057200818452E-17));
#8923=DIRECTION('',(0.,1.,0.));
#8924=DIRECTION('',(-1.,0.,0.));
#8925=DIRECTION('',(0.,1.,0.));
#8926=DIRECTION('',(-1.,0.,-4.01057200818452E-17));
#8927=DIRECTION('',(0.,1.,0.));
#8928=DIRECTION('',(-1.,0.,0.));
#8929=DIRECTION('',(0.,1.,0.));
#8930=DIRECTION('',(-1.,0.,-4.01057200818452E-17));
#8931=DIRECTION('',(0.,1.,0.));
#8932=DIRECTION('',(-1.,0.,0.));
#8933=DIRECTION('',(0.,1.,0.));
#8934=DIRECTION('',(-1.,0.,-4.01057200818452E-17));
#8935=DIRECTION('',(0.,1.,0.));
#8936=DIRECTION('',(-1.,0.,0.));
#8937=DIRECTION('',(0.,1.,0.));
#8938=DIRECTION('',(-1.,0.,-4.01057200818452E-17));
#8939=DIRECTION('',(0.,1.,0.));
#8940=DIRECTION('',(-1.,0.,0.));
#8941=DIRECTION('',(0.,1.,0.));
#8942=DIRECTION('',(-1.,0.,-4.01057200818452E-17));
#8943=DIRECTION('',(0.,1.,0.));
#8944=DIRECTION('',(-1.,0.,0.));
#8945=DIRECTION('',(0.,1.,0.));
#8946=DIRECTION('',(1.,0.,0.));
#8947=DIRECTION('',(0.,-1.,0.));
#8948=DIRECTION('',(1.,0.,4.01057200818452E-17));
#8949=DIRECTION('',(0.,1.,0.));
#8950=DIRECTION('',(1.,0.,0.));
#8951=DIRECTION('',(0.,-1.,0.));
#8952=DIRECTION('',(1.,0.,4.01057200818452E-17));
#8953=DIRECTION('',(0.,1.,0.));
#8954=DIRECTION('',(1.,0.,0.));
#8955=DIRECTION('',(0.,-1.,0.));
#8956=DIRECTION('',(1.,0.,4.01057200818452E-17));
#8957=DIRECTION('',(0.,1.,0.));
#8958=DIRECTION('',(1.,0.,0.));
#8959=DIRECTION('',(0.,-1.,0.));
#8960=DIRECTION('',(1.,0.,4.01057200818452E-17));
#8961=DIRECTION('',(0.,1.,0.));
#8962=DIRECTION('',(1.,0.,0.));
#8963=DIRECTION('',(0.,-1.,0.));
#8964=DIRECTION('',(1.,0.,4.01057200818452E-17));
#8965=DIRECTION('',(0.,1.,0.));
#8966=DIRECTION('',(1.,0.,0.));
#8967=DIRECTION('',(0.,-1.,0.));
#8968=DIRECTION('',(1.,0.,4.01057200818452E-17));
#8969=DIRECTION('',(0.,-1.,0.));
#8970=DIRECTION('',(1.,0.,0.));
#8971=DIRECTION('',(0.,-1.,0.));
#8972=DIRECTION('',(1.,0.,4.01057200818452E-17));
#8973=DIRECTION('',(0.,-1.,0.));
#8974=DIRECTION('',(1.,0.,0.));
#8975=DIRECTION('',(0.,-1.,0.));
#8976=DIRECTION('',(1.,0.,4.01057200818452E-17));
#8977=DIRECTION('',(0.,-1.,0.));
#8978=DIRECTION('',(1.,0.,0.));
#8979=DIRECTION('',(0.,-1.,0.));
#8980=DIRECTION('',(1.,0.,4.01057200818452E-17));
#8981=DIRECTION('',(0.,-1.,0.));
#8982=DIRECTION('',(1.,0.,0.));
#8983=DIRECTION('',(0.,-1.,0.));
#8984=DIRECTION('',(1.,0.,4.01057200818452E-17));
#8985=DIRECTION('',(0.,-1.,0.));
#8986=DIRECTION('',(1.,0.,0.));
#8987=DIRECTION('',(0.,-1.,0.));
#8988=DIRECTION('',(1.,0.,4.01057200818452E-17));
#8989=DIRECTION('',(0.,-1.,0.));
#8990=DIRECTION('',(1.,0.,0.));
#8991=DIRECTION('',(0.,-1.,0.));
#8992=DIRECTION('',(1.,0.,4.01057200818452E-17));
#8993=DIRECTION('',(0.,-1.,0.));
#8994=DIRECTION('',(1.,0.,0.));
#8995=DIRECTION('',(0.,-1.,0.));
#8996=DIRECTION('',(1.,0.,4.01057200818452E-17));
#8997=DIRECTION('',(0.,-1.,0.));
#8998=DIRECTION('',(1.,0.,0.));
#8999=DIRECTION('',(0.,-1.,0.));
#9000=DIRECTION('',(1.,0.,4.01057200818452E-17));
#9001=DIRECTION('',(0.,-1.,0.));
#9002=DIRECTION('',(1.,0.,0.));
#9003=DIRECTION('',(0.,-1.,0.));
#9004=DIRECTION('',(1.,0.,4.01057200818452E-17));
#9005=DIRECTION('',(0.,-1.,0.));
#9006=DIRECTION('',(1.,0.,0.));
#9007=DIRECTION('',(0.,-1.,0.));
#9008=DIRECTION('',(1.,0.,4.01057200818452E-17));
#9009=DIRECTION('',(0.,-1.,0.));
#9010=DIRECTION('',(1.,0.,0.));
#9011=DIRECTION('',(0.,-1.,0.));
#9012=DIRECTION('',(1.,0.,4.01057200818452E-17));
#9013=DIRECTION('',(0.,-1.,0.));
#9014=DIRECTION('',(1.,0.,0.));
#9015=DIRECTION('',(0.,-1.,0.));
#9016=DIRECTION('',(1.,0.,4.01057200818452E-17));
#9017=DIRECTION('',(0.,-1.,0.));
#9018=DIRECTION('center_axis',(0.,-1.,0.));
#9019=DIRECTION('ref_axis',(0.,0.,-1.));
#9020=DIRECTION('',(0.,0.,1.));
#9021=DIRECTION('center_axis',(0.,-1.,0.));
#9022=DIRECTION('ref_axis',(5.69345140833414E-17,0.,1.));
#9023=DIRECTION('center_axis',(0.,-1.,0.));
#9024=DIRECTION('ref_axis',(1.,0.,0.));
#9025=DIRECTION('center_axis',(0.,-1.,0.));
#9026=DIRECTION('ref_axis',(-0.0256410256410261,0.,0.999671214852202));
#9027=DIRECTION('',(0.,0.,1.));
#9028=DIRECTION('center_axis',(0.,-1.,0.));
#9029=DIRECTION('ref_axis',(-0.0256410256410261,0.,0.999671214852202));
#9030=DIRECTION('',(0.,0.,-1.));
#9031=DIRECTION('center_axis',(-1.,0.,0.));
#9032=DIRECTION('ref_axis',(0.,0.,-1.));
#9033=DIRECTION('',(0.,1.,0.));
#9034=DIRECTION('',(0.,-1.,0.));
#9035=DIRECTION('center_axis',(1.,0.,0.));
#9036=DIRECTION('ref_axis',(0.,0.,1.));
#9037=DIRECTION('',(0.,0.,-1.));
#9038=DIRECTION('',(0.,-1.,0.));
#9039=DIRECTION('',(0.,-1.,0.));
#9040=DIRECTION('center_axis',(0.,0.,1.));
#9041=DIRECTION('ref_axis',(1.,0.,0.));
#9042=DIRECTION('',(1.,0.,0.));
#9043=DIRECTION('',(0.,-1.,0.));
#9044=DIRECTION('',(1.,0.,0.));
#9045=DIRECTION('',(0.,1.,0.));
#9046=DIRECTION('',(1.,0.,0.));
#9047=DIRECTION('',(0.,-1.,0.));
#9048=DIRECTION('',(1.,0.,0.));
#9049=DIRECTION('',(0.,1.,0.));
#9050=DIRECTION('',(1.,0.,0.));
#9051=DIRECTION('',(0.,-1.,0.));
#9052=DIRECTION('',(1.,0.,0.));
#9053=DIRECTION('',(0.,1.,0.));
#9054=DIRECTION('',(1.,0.,0.));
#9055=DIRECTION('',(0.,-1.,0.));
#9056=DIRECTION('',(1.,0.,0.));
#9057=DIRECTION('',(0.,1.,0.));
#9058=DIRECTION('',(1.,0.,0.));
#9059=DIRECTION('',(0.,-1.,0.));
#9060=DIRECTION('',(1.,0.,0.));
#9061=DIRECTION('',(0.,1.,0.));
#9062=DIRECTION('',(1.,0.,0.));
#9063=DIRECTION('',(0.,-1.,0.));
#9064=DIRECTION('',(1.,0.,0.));
#9065=DIRECTION('',(0.,1.,0.));
#9066=DIRECTION('',(1.,0.,0.));
#9067=DIRECTION('',(0.,-1.,0.));
#9068=DIRECTION('',(1.,0.,0.));
#9069=DIRECTION('',(0.,1.,0.));
#9070=DIRECTION('',(1.,0.,0.));
#9071=DIRECTION('',(0.,-1.,0.));
#9072=DIRECTION('',(1.,0.,0.));
#9073=DIRECTION('',(0.,1.,0.));
#9074=DIRECTION('',(1.,0.,0.));
#9075=DIRECTION('',(0.,-1.,0.));
#9076=DIRECTION('',(1.,0.,0.));
#9077=DIRECTION('',(0.,1.,0.));
#9078=DIRECTION('',(1.,0.,0.));
#9079=DIRECTION('',(0.,-1.,0.));
#9080=DIRECTION('',(1.,0.,0.));
#9081=DIRECTION('',(0.,1.,0.));
#9082=DIRECTION('',(1.,0.,0.));
#9083=DIRECTION('',(0.,-1.,0.));
#9084=DIRECTION('',(1.,0.,0.));
#9085=DIRECTION('',(0.,1.,0.));
#9086=DIRECTION('',(1.,0.,0.));
#9087=DIRECTION('',(0.,-1.,0.));
#9088=DIRECTION('',(1.,0.,0.));
#9089=DIRECTION('',(0.,1.,0.));
#9090=DIRECTION('',(1.,0.,0.));
#9091=DIRECTION('',(1.,0.,0.));
#9092=DIRECTION('',(0.,-1.,0.));
#9093=DIRECTION('',(1.,0.,0.));
#9094=DIRECTION('',(0.,1.,0.));
#9095=DIRECTION('center_axis',(0.,-1.,0.));
#9096=DIRECTION('ref_axis',(0.,0.,-1.));
#9097=DIRECTION('',(-1.,0.,0.));
#9098=DIRECTION('',(0.,0.,-1.));
#9099=DIRECTION('',(0.,0.,1.));
#9100=DIRECTION('center_axis',(1.,0.,0.));
#9101=DIRECTION('ref_axis',(0.,0.,1.));
#9102=DIRECTION('',(0.,-1.,0.));
#9103=DIRECTION('',(0.,0.,1.));
#9104=DIRECTION('center_axis',(0.,-1.,0.));
#9105=DIRECTION('ref_axis',(0.,0.,-1.));
#9106=DIRECTION('',(0.,0.,1.));
#9107=DIRECTION('',(-1.,0.,0.));
#9108=DIRECTION('',(0.,0.,-1.));
#9109=DIRECTION('center_axis',(0.,-1.,0.));
#9110=DIRECTION('ref_axis',(0.,0.,-1.));
#9111=DIRECTION('',(-1.,0.,0.));
#9112=DIRECTION('',(0.,0.,-1.));
#9113=DIRECTION('',(0.,0.,1.));
#9114=DIRECTION('center_axis',(1.,0.,0.));
#9115=DIRECTION('ref_axis',(0.,0.,1.));
#9116=DIRECTION('',(0.,1.,0.));
#9117=DIRECTION('center_axis',(-1.,0.,0.));
#9118=DIRECTION('ref_axis',(0.,0.,-1.));
#9119=DIRECTION('',(0.,0.,1.));
#9120=DIRECTION('',(0.,-1.,0.));
#9121=DIRECTION('center_axis',(0.,-1.,0.));
#9122=DIRECTION('ref_axis',(0.,0.,-1.));
#9123=DIRECTION('',(0.,0.,1.));
#9124=DIRECTION('',(-1.,0.,0.));
#9125=DIRECTION('',(0.,0.,-1.));
#9126=DIRECTION('center_axis',(0.,-1.,0.));
#9127=DIRECTION('ref_axis',(0.,0.,-1.));
#9128=DIRECTION('',(-1.,0.,0.));
#9129=DIRECTION('',(0.,0.,-1.));
#9130=DIRECTION('',(0.,0.,1.));
#9131=DIRECTION('center_axis',(1.,0.,0.));
#9132=DIRECTION('ref_axis',(0.,0.,1.));
#9133=DIRECTION('',(0.,1.,0.));
#9134=DIRECTION('center_axis',(-1.,0.,0.));
#9135=DIRECTION('ref_axis',(0.,0.,-1.));
#9136=DIRECTION('',(0.,0.,1.));
#9137=DIRECTION('',(0.,-1.,0.));
#9138=DIRECTION('center_axis',(0.,-1.,0.));
#9139=DIRECTION('ref_axis',(0.,0.,-1.));
#9140=DIRECTION('',(0.,0.,1.));
#9141=DIRECTION('',(-1.,0.,0.));
#9142=DIRECTION('',(0.,0.,-1.));
#9143=DIRECTION('center_axis',(0.,-1.,0.));
#9144=DIRECTION('ref_axis',(0.,0.,-1.));
#9145=DIRECTION('',(-1.,0.,0.));
#9146=DIRECTION('',(0.,0.,-1.));
#9147=DIRECTION('',(0.,0.,1.));
#9148=DIRECTION('center_axis',(1.,0.,0.));
#9149=DIRECTION('ref_axis',(0.,0.,1.));
#9150=DIRECTION('',(0.,1.,0.));
#9151=DIRECTION('center_axis',(-1.,0.,0.));
#9152=DIRECTION('ref_axis',(0.,0.,-1.));
#9153=DIRECTION('',(0.,0.,1.));
#9154=DIRECTION('',(0.,-1.,0.));
#9155=DIRECTION('center_axis',(0.,-1.,0.));
#9156=DIRECTION('ref_axis',(0.,0.,-1.));
#9157=DIRECTION('',(-1.,0.,0.));
#9158=DIRECTION('',(0.,0.,-1.));
#9159=DIRECTION('',(0.,0.,1.));
#9160=DIRECTION('center_axis',(0.,0.,-1.));
#9161=DIRECTION('ref_axis',(1.,0.,0.));
#9162=DIRECTION('',(0.,1.,0.));
#9163=DIRECTION('',(1.,0.,0.));
#9164=DIRECTION('',(0.,-1.,0.));
#9165=DIRECTION('',(-1.,0.,0.));
#9166=DIRECTION('center_axis',(0.,1.,0.));
#9167=DIRECTION('ref_axis',(0.,0.,1.));
#9168=DIRECTION('',(0.,0.,-1.));
#9169=DIRECTION('',(0.,0.,1.));
#9170=DIRECTION('center_axis',(0.,-1.,0.));
#9171=DIRECTION('ref_axis',(0.,0.,-1.));
#9172=DIRECTION('',(0.,0.,-1.));
#9173=DIRECTION('center_axis',(0.,-1.,0.));
#9174=DIRECTION('ref_axis',(0.,0.,-1.));
#9175=DIRECTION('center_axis',(0.,-1.,0.));
#9176=DIRECTION('ref_axis',(1.,0.,0.));
#9177=DIRECTION('center_axis',(0.,-1.,0.));
#9178=DIRECTION('ref_axis',(0.,0.,-1.));
#9179=DIRECTION('',(0.,0.,-1.));
#9180=DIRECTION('center_axis',(0.,-1.,0.));
#9181=DIRECTION('ref_axis',(0.,0.,-1.));
#9182=DIRECTION('',(0.,0.,1.));
#9183=DIRECTION('center_axis',(1.,0.,0.));
#9184=DIRECTION('ref_axis',(0.,0.,1.));
#9185=DIRECTION('',(0.,1.,0.));
#9186=DIRECTION('',(0.,-1.,0.));
#9187=DIRECTION('center_axis',(-1.,0.,0.));
#9188=DIRECTION('ref_axis',(0.,0.,-1.));
#9189=DIRECTION('',(0.,0.,1.));
#9190=DIRECTION('',(0.,-1.,0.));
#9191=DIRECTION('',(0.,-1.,0.));
#9192=DIRECTION('center_axis',(0.,-1.,0.));
#9193=DIRECTION('ref_axis',(0.,0.,-1.));
#9194=DIRECTION('',(0.,0.,-1.));
#9195=DIRECTION('center_axis',(0.,-1.,0.));
#9196=DIRECTION('ref_axis',(0.,0.,-1.));
#9197=DIRECTION('center_axis',(0.,-1.,0.));
#9198=DIRECTION('ref_axis',(0.,0.,-1.));
#9199=DIRECTION('center_axis',(0.,-1.,0.));
#9200=DIRECTION('ref_axis',(1.,0.,0.));
#9201=DIRECTION('center_axis',(0.,-1.,0.));
#9202=DIRECTION('ref_axis',(0.,0.,-1.));
#9203=DIRECTION('',(0.,0.,-1.));
#9204=DIRECTION('center_axis',(0.,-1.,0.));
#9205=DIRECTION('ref_axis',(0.,0.,-1.));
#9206=DIRECTION('',(0.,0.,1.));
#9207=DIRECTION('center_axis',(1.,0.,0.));
#9208=DIRECTION('ref_axis',(0.,0.,1.));
#9209=DIRECTION('',(0.,1.,0.));
#9210=DIRECTION('',(0.,-1.,0.));
#9211=DIRECTION('center_axis',(-1.,0.,0.));
#9212=DIRECTION('ref_axis',(0.,0.,-1.));
#9213=DIRECTION('',(0.,0.,1.));
#9214=DIRECTION('',(0.,-1.,0.));
#9215=DIRECTION('',(0.,-1.,0.));
#9216=DIRECTION('center_axis',(0.,0.,-1.));
#9217=DIRECTION('ref_axis',(1.,0.,0.));
#9218=DIRECTION('',(0.,1.,0.));
#9219=DIRECTION('',(1.,0.,0.));
#9220=DIRECTION('',(0.,-1.,0.));
#9221=DIRECTION('',(-1.,0.,0.));
#9222=DIRECTION('center_axis',(0.,1.,0.));
#9223=DIRECTION('ref_axis',(0.,0.,1.));
#9224=DIRECTION('',(0.,0.,-1.));
#9225=DIRECTION('',(0.,0.,1.));
#9226=DIRECTION('center_axis',(0.,-1.,0.));
#9227=DIRECTION('ref_axis',(0.,0.,-1.));
#9228=DIRECTION('',(-1.,0.,0.));
#9229=DIRECTION('',(0.,0.,-1.));
#9230=DIRECTION('center_axis',(0.,-1.,0.));
#9231=DIRECTION('ref_axis',(0.,0.,-1.));
#9232=DIRECTION('',(0.,0.,1.));
#9233=DIRECTION('center_axis',(0.,-1.,0.));
#9234=DIRECTION('ref_axis',(0.,0.,-1.));
#9235=DIRECTION('center_axis',(0.,-1.,0.));
#9236=DIRECTION('ref_axis',(0.,0.,-1.));
#9237=DIRECTION('',(-1.,0.,0.));
#9238=DIRECTION('',(0.,0.,-1.));
#9239=DIRECTION('',(0.,0.,1.));
#9240=DIRECTION('center_axis',(1.,0.,0.));
#9241=DIRECTION('ref_axis',(0.,0.,1.));
#9242=DIRECTION('',(0.,0.,-1.));
#9243=DIRECTION('',(0.,1.,0.));
#9244=DIRECTION('center_axis',(-1.,0.,0.));
#9245=DIRECTION('ref_axis',(0.,0.,-1.));
#9246=DIRECTION('',(0.,-1.,0.));
#9247=DIRECTION('center_axis',(0.,-1.,0.));
#9248=DIRECTION('ref_axis',(0.,0.,-1.));
#9249=DIRECTION('',(0.,0.,1.));
#9250=DIRECTION('',(-1.,0.,0.));
#9251=DIRECTION('',(0.,0.,-1.));
#9252=DIRECTION('center_axis',(0.,-1.,0.));
#9253=DIRECTION('ref_axis',(0.,0.,-1.));
#9254=DIRECTION('',(-1.,0.,0.));
#9255=DIRECTION('',(0.,0.,-1.));
#9256=DIRECTION('',(0.,0.,1.));
#9257=DIRECTION('center_axis',(1.,0.,0.));
#9258=DIRECTION('ref_axis',(0.,0.,1.));
#9259=DIRECTION('',(0.,1.,0.));
#9260=DIRECTION('center_axis',(-1.,0.,0.));
#9261=DIRECTION('ref_axis',(0.,0.,-1.));
#9262=DIRECTION('',(0.,-1.,0.));
#9263=DIRECTION('center_axis',(0.,-1.,0.));
#9264=DIRECTION('ref_axis',(0.,0.,-1.));
#9265=DIRECTION('',(0.,0.,1.));
#9266=DIRECTION('',(-1.,0.,0.));
#9267=DIRECTION('',(0.,0.,-1.));
#9268=DIRECTION('center_axis',(0.,-1.,0.));
#9269=DIRECTION('ref_axis',(0.,0.,-1.));
#9270=DIRECTION('',(-1.,0.,0.));
#9271=DIRECTION('',(0.,0.,-1.));
#9272=DIRECTION('',(0.,0.,1.));
#9273=DIRECTION('center_axis',(1.,0.,0.));
#9274=DIRECTION('ref_axis',(0.,0.,1.));
#9275=DIRECTION('',(0.,1.,0.));
#9276=DIRECTION('center_axis',(-1.,0.,0.));
#9277=DIRECTION('ref_axis',(0.,0.,-1.));
#9278=DIRECTION('',(0.,-1.,0.));
#9279=DIRECTION('center_axis',(0.,-1.,0.));
#9280=DIRECTION('ref_axis',(0.,0.,-1.));
#9281=DIRECTION('',(0.,0.,1.));
#9282=DIRECTION('center_axis',(0.,-1.,0.));
#9283=DIRECTION('ref_axis',(5.69345140833414E-17,0.,1.));
#9284=DIRECTION('center_axis',(0.,-1.,0.));
#9285=DIRECTION('ref_axis',(5.69345140833414E-17,0.,1.));
#9286=DIRECTION('center_axis',(0.,-1.,0.));
#9287=DIRECTION('ref_axis',(1.,0.,0.));
#9288=DIRECTION('center_axis',(0.,-1.,0.));
#9289=DIRECTION('ref_axis',(-0.0256410256410261,0.,0.999671214852202));
#9290=DIRECTION('',(0.,0.,1.));
#9291=DIRECTION('center_axis',(0.,-1.,0.));
#9292=DIRECTION('ref_axis',(-0.0256410256410261,0.,0.999671214852202));
#9293=DIRECTION('',(0.,0.,-1.));
#9294=DIRECTION('center_axis',(-1.,0.,0.));
#9295=DIRECTION('ref_axis',(0.,0.,-1.));
#9296=DIRECTION('',(0.,1.,0.));
#9297=DIRECTION('',(0.,-1.,0.));
#9298=DIRECTION('center_axis',(1.,0.,0.));
#9299=DIRECTION('ref_axis',(0.,0.,1.));
#9300=DIRECTION('',(0.,0.,-1.));
#9301=DIRECTION('',(0.,-1.,0.));
#9302=DIRECTION('',(0.,-1.,0.));
#9303=DIRECTION('center_axis',(0.,-1.,0.));
#9304=DIRECTION('ref_axis',(0.,0.,-1.));
#9305=DIRECTION('',(0.,0.,1.));
#9306=DIRECTION('center_axis',(0.,-1.,0.));
#9307=DIRECTION('ref_axis',(5.69345140833414E-17,0.,1.));
#9308=DIRECTION('center_axis',(0.,-1.,0.));
#9309=DIRECTION('ref_axis',(5.69345140833414E-17,0.,1.));
#9310=DIRECTION('center_axis',(0.,-1.,0.));
#9311=DIRECTION('ref_axis',(1.,0.,0.));
#9312=DIRECTION('center_axis',(0.,-1.,0.));
#9313=DIRECTION('ref_axis',(-0.0256410256410261,0.,0.999671214852202));
#9314=DIRECTION('',(0.,0.,1.));
#9315=DIRECTION('center_axis',(0.,-1.,0.));
#9316=DIRECTION('ref_axis',(-0.0256410256410261,0.,0.999671214852202));
#9317=DIRECTION('',(0.,0.,-1.));
#9318=DIRECTION('center_axis',(-1.,0.,0.));
#9319=DIRECTION('ref_axis',(0.,0.,-1.));
#9320=DIRECTION('',(0.,1.,0.));
#9321=DIRECTION('',(0.,-1.,0.));
#9322=DIRECTION('center_axis',(1.,0.,0.));
#9323=DIRECTION('ref_axis',(0.,0.,1.));
#9324=DIRECTION('',(0.,0.,-1.));
#9325=DIRECTION('',(0.,-1.,0.));
#9326=DIRECTION('',(0.,-1.,0.));
#9327=DIRECTION('center_axis',(0.,-1.,0.));
#9328=DIRECTION('ref_axis',(0.,0.,-1.));
#9329=DIRECTION('',(0.,0.,1.));
#9330=DIRECTION('',(-1.,0.,0.));
#9331=DIRECTION('center_axis',(0.,-1.,0.));
#9332=DIRECTION('ref_axis',(0.,0.,-1.));
#9333=DIRECTION('',(-1.,0.,0.));
#9334=DIRECTION('',(0.,0.,-1.));
#9335=DIRECTION('',(0.,0.,1.));
#9336=DIRECTION('center_axis',(0.,-1.,0.));
#9337=DIRECTION('ref_axis',(0.,0.,-1.));
#9338=DIRECTION('',(0.,0.,-1.));
#9339=DIRECTION('',(-1.,0.,0.));
#9340=DIRECTION('center_axis',(0.,-1.,0.));
#9341=DIRECTION('ref_axis',(0.,0.,-1.));
#9342=DIRECTION('',(-1.,0.,0.));
#9343=DIRECTION('',(0.,0.,-1.));
#9344=DIRECTION('',(0.,0.,1.));
#9345=DIRECTION('center_axis',(1.,0.,0.));
#9346=DIRECTION('ref_axis',(0.,0.,1.));
#9347=DIRECTION('',(0.,1.,0.));
#9348=DIRECTION('center_axis',(-1.,0.,0.));
#9349=DIRECTION('ref_axis',(0.,0.,-1.));
#9350=DIRECTION('',(0.,0.,1.));
#9351=DIRECTION('',(0.,-1.,0.));
#9352=DIRECTION('center_axis',(0.,-1.,0.));
#9353=DIRECTION('ref_axis',(0.,0.,-1.));
#9354=DIRECTION('',(0.,0.,-1.));
#9355=DIRECTION('',(-1.,0.,0.));
#9356=DIRECTION('center_axis',(0.,-1.,0.));
#9357=DIRECTION('ref_axis',(0.,0.,-1.));
#9358=DIRECTION('',(-1.,0.,0.));
#9359=DIRECTION('',(0.,0.,-1.));
#9360=DIRECTION('',(0.,0.,1.));
#9361=DIRECTION('center_axis',(1.,0.,0.));
#9362=DIRECTION('ref_axis',(0.,0.,1.));
#9363=DIRECTION('',(0.,1.,0.));
#9364=DIRECTION('center_axis',(-1.,0.,0.));
#9365=DIRECTION('ref_axis',(0.,0.,-1.));
#9366=DIRECTION('',(0.,0.,1.));
#9367=DIRECTION('',(0.,-1.,0.));
#9368=DIRECTION('center_axis',(0.,-1.,0.));
#9369=DIRECTION('ref_axis',(0.,0.,-1.));
#9370=DIRECTION('',(0.,0.,-1.));
#9371=DIRECTION('',(-1.,0.,0.));
#9372=DIRECTION('center_axis',(0.,-1.,0.));
#9373=DIRECTION('ref_axis',(0.,0.,-1.));
#9374=DIRECTION('',(-1.,0.,0.));
#9375=DIRECTION('',(0.,0.,-1.));
#9376=DIRECTION('',(0.,0.,1.));
#9377=DIRECTION('center_axis',(1.,0.,0.));
#9378=DIRECTION('ref_axis',(0.,0.,1.));
#9379=DIRECTION('',(0.,1.,0.));
#9380=DIRECTION('center_axis',(-1.,0.,0.));
#9381=DIRECTION('ref_axis',(0.,0.,-1.));
#9382=DIRECTION('',(0.,0.,1.));
#9383=DIRECTION('',(0.,-1.,0.));
#9384=DIRECTION('center_axis',(0.,-1.,0.));
#9385=DIRECTION('ref_axis',(0.,0.,-1.));
#9386=DIRECTION('',(-1.,0.,0.));
#9387=DIRECTION('',(0.,0.,-1.));
#9388=DIRECTION('',(0.,0.,1.));
#9389=DIRECTION('center_axis',(0.,0.,-1.));
#9390=DIRECTION('ref_axis',(1.,0.,0.));
#9391=DIRECTION('',(0.,1.,0.));
#9392=DIRECTION('',(1.,0.,0.));
#9393=DIRECTION('',(0.,-1.,0.));
#9394=DIRECTION('',(-1.,0.,0.));
#9395=DIRECTION('center_axis',(0.,1.,0.));
#9396=DIRECTION('ref_axis',(0.,0.,1.));
#9397=DIRECTION('',(0.,0.,-1.));
#9398=DIRECTION('',(0.,0.,1.));
#9399=DIRECTION('center_axis',(0.,-1.,0.));
#9400=DIRECTION('ref_axis',(0.,0.,-1.));
#9401=DIRECTION('',(0.,0.,1.));
#9402=DIRECTION('center_axis',(0.,-1.,0.));
#9403=DIRECTION('ref_axis',(0.,0.,-1.));
#9404=DIRECTION('',(0.,0.,-1.));
#9405=DIRECTION('center_axis',(0.,-1.,0.));
#9406=DIRECTION('ref_axis',(0.,0.,-1.));
#9407=DIRECTION('center_axis',(0.,-1.,0.));
#9408=DIRECTION('ref_axis',(1.,0.,0.));
#9409=DIRECTION('center_axis',(0.,-1.,0.));
#9410=DIRECTION('ref_axis',(0.,0.,-1.));
#9411=DIRECTION('',(0.,0.,-1.));
#9412=DIRECTION('center_axis',(0.,-1.,0.));
#9413=DIRECTION('ref_axis',(0.,0.,-1.));
#9414=DIRECTION('',(0.,0.,1.));
#9415=DIRECTION('center_axis',(1.,0.,0.));
#9416=DIRECTION('ref_axis',(0.,0.,1.));
#9417=DIRECTION('',(0.,1.,0.));
#9418=DIRECTION('',(0.,-1.,0.));
#9419=DIRECTION('center_axis',(-1.,0.,0.));
#9420=DIRECTION('ref_axis',(0.,0.,-1.));
#9421=DIRECTION('',(0.,-1.,0.));
#9422=DIRECTION('',(0.,-1.,0.));
#9423=DIRECTION('center_axis',(0.,1.,0.));
#9424=DIRECTION('ref_axis',(0.,0.,-1.));
#9425=DIRECTION('center_axis',(0.,-1.,0.));
#9426=DIRECTION('ref_axis',(0.,0.,-1.));
#9427=DIRECTION('center_axis',(0.,-1.,0.));
#9428=DIRECTION('ref_axis',(0.,0.,-1.));
#9429=DIRECTION('',(0.,-1.,0.));
#9430=DIRECTION('center_axis',(0.,-1.,0.));
#9431=DIRECTION('ref_axis',(0.,0.,-1.));
#9432=DIRECTION('',(0.,-1.,0.));
#9433=DIRECTION('center_axis',(0.,-1.,0.));
#9434=DIRECTION('ref_axis',(0.,0.,-1.));
#9435=DIRECTION('',(0.,1.,0.));
#9436=DIRECTION('center_axis',(0.,1.,0.));
#9437=DIRECTION('ref_axis',(0.,0.,-1.));
#9438=DIRECTION('',(0.,1.,0.));
#9439=DIRECTION('center_axis',(0.,-1.,0.));
#9440=DIRECTION('ref_axis',(0.,0.,-1.));
#9441=DIRECTION('',(0.,1.,0.));
#9442=DIRECTION('center_axis',(0.,1.,0.));
#9443=DIRECTION('ref_axis',(0.,0.,-1.));
#9444=DIRECTION('',(0.,1.,0.));
#9445=DIRECTION('center_axis',(0.,-1.,0.));
#9446=DIRECTION('ref_axis',(0.,0.,-1.));
#9447=DIRECTION('',(0.,1.,0.));
#9448=DIRECTION('center_axis',(0.,1.,0.));
#9449=DIRECTION('ref_axis',(0.,0.,-1.));
#9450=DIRECTION('',(0.,1.,0.));
#9451=DIRECTION('center_axis',(0.,-1.,0.));
#9452=DIRECTION('ref_axis',(0.,0.,-1.));
#9453=DIRECTION('',(0.,1.,0.));
#9454=DIRECTION('center_axis',(0.,1.,0.));
#9455=DIRECTION('ref_axis',(0.,0.,-1.));
#9456=DIRECTION('',(0.,1.,0.));
#9457=DIRECTION('center_axis',(0.,-1.,0.));
#9458=DIRECTION('ref_axis',(0.,0.,-1.));
#9459=DIRECTION('',(0.,1.,0.));
#9460=DIRECTION('center_axis',(0.,1.,0.));
#9461=DIRECTION('ref_axis',(0.,0.,-1.));
#9462=DIRECTION('',(0.,1.,0.));
#9463=DIRECTION('center_axis',(0.,-1.,0.));
#9464=DIRECTION('ref_axis',(0.,0.,-1.));
#9465=DIRECTION('',(0.,1.,0.));
#9466=DIRECTION('center_axis',(0.,1.,0.));
#9467=DIRECTION('ref_axis',(0.,0.,-1.));
#9468=DIRECTION('',(0.,1.,0.));
#9469=DIRECTION('center_axis',(0.,-1.,0.));
#9470=DIRECTION('ref_axis',(0.,0.,-1.));
#9471=DIRECTION('',(0.,1.,0.));
#9472=DIRECTION('center_axis',(0.,1.,0.));
#9473=DIRECTION('ref_axis',(0.,0.,-1.));
#9474=DIRECTION('',(0.,1.,0.));
#9475=DIRECTION('center_axis',(0.,-1.,0.));
#9476=DIRECTION('ref_axis',(0.,0.,-1.));
#9477=DIRECTION('',(0.,1.,0.));
#9478=DIRECTION('center_axis',(0.,1.,0.));
#9479=DIRECTION('ref_axis',(0.,0.,-1.));
#9480=DIRECTION('',(0.,1.,0.));
#9481=DIRECTION('center_axis',(0.,-1.,0.));
#9482=DIRECTION('ref_axis',(0.,0.,-1.));
#9483=DIRECTION('',(0.,-1.,0.));
#9484=DIRECTION('center_axis',(0.,-1.,0.));
#9485=DIRECTION('ref_axis',(0.,0.,-1.));
#9486=DIRECTION('',(0.,1.,0.));
#9487=DIRECTION('center_axis',(0.,-1.,0.));
#9488=DIRECTION('ref_axis',(0.,0.,-1.));
#9489=DIRECTION('',(0.,0.,-1.));
#9490=DIRECTION('center_axis',(0.,-1.,0.));
#9491=DIRECTION('ref_axis',(1.,0.,0.));
#9492=DIRECTION('',(0.,0.,-1.));
#9493=DIRECTION('',(0.,0.,1.));
#9494=DIRECTION('center_axis',(1.,0.,0.));
#9495=DIRECTION('ref_axis',(0.,0.,1.));
#9496=DIRECTION('center_axis',(-1.,0.,0.));
#9497=DIRECTION('ref_axis',(0.,0.,-1.));
#9498=DIRECTION('center_axis',(0.,-1.,0.));
#9499=DIRECTION('ref_axis',(0.,0.,-1.));
#9500=DIRECTION('',(-1.,0.,0.));
#9501=DIRECTION('',(0.,0.,-1.));
#9502=DIRECTION('',(0.,0.,1.));
#9503=DIRECTION('center_axis',(0.,0.,-1.));
#9504=DIRECTION('ref_axis',(1.,0.,0.));
#9505=DIRECTION('',(0.,-1.,0.));
#9506=DIRECTION('',(1.,0.,0.));
#9507=DIRECTION('',(0.,1.,0.));
#9508=DIRECTION('',(-1.,0.,0.));
#9509=DIRECTION('center_axis',(0.,1.,0.));
#9510=DIRECTION('ref_axis',(0.,0.,1.));
#9511=DIRECTION('',(0.,0.,-1.));
#9512=DIRECTION('',(0.,0.,1.));
#9513=DIRECTION('center_axis',(0.,0.,-1.));
#9514=DIRECTION('ref_axis',(1.,0.,0.));
#9515=DIRECTION('',(0.,1.,0.));
#9516=DIRECTION('',(1.,0.,0.));
#9517=DIRECTION('',(0.,-1.,0.));
#9518=DIRECTION('',(-1.,0.,0.));
#9519=DIRECTION('center_axis',(0.,1.,0.));
#9520=DIRECTION('ref_axis',(0.,0.,1.));
#9521=DIRECTION('',(0.,0.,-1.));
#9522=DIRECTION('',(0.,0.,1.));
#9523=DIRECTION('center_axis',(0.,-1.,0.));
#9524=DIRECTION('ref_axis',(0.,0.,-1.));
#9525=DIRECTION('',(-1.,0.,0.));
#9526=DIRECTION('',(0.,0.,-1.));
#9527=DIRECTION('',(0.,0.,1.));
#9528=DIRECTION('center_axis',(1.,0.,0.));
#9529=DIRECTION('ref_axis',(0.,0.,1.));
#9530=DIRECTION('',(0.,0.,-1.));
#9531=DIRECTION('',(0.,1.,0.));
#9532=DIRECTION('center_axis',(-1.,0.,0.));
#9533=DIRECTION('ref_axis',(0.,0.,-1.));
#9534=DIRECTION('',(0.,-1.,0.));
#9535=DIRECTION('center_axis',(0.,-1.,0.));
#9536=DIRECTION('ref_axis',(0.,0.,-1.));
#9537=DIRECTION('',(0.,0.,-1.));
#9538=DIRECTION('',(-1.,0.,0.));
#9539=DIRECTION('center_axis',(0.,-1.,0.));
#9540=DIRECTION('ref_axis',(0.,0.,-1.));
#9541=DIRECTION('',(-1.,0.,0.));
#9542=DIRECTION('',(0.,0.,-1.));
#9543=DIRECTION('',(0.,0.,1.));
#9544=DIRECTION('center_axis',(1.,0.,0.));
#9545=DIRECTION('ref_axis',(0.,0.,1.));
#9546=DIRECTION('',(0.,1.,0.));
#9547=DIRECTION('center_axis',(-1.,0.,0.));
#9548=DIRECTION('ref_axis',(0.,0.,-1.));
#9549=DIRECTION('',(0.,-1.,0.));
#9550=DIRECTION('center_axis',(0.,-1.,0.));
#9551=DIRECTION('ref_axis',(0.,0.,-1.));
#9552=DIRECTION('',(0.,0.,-1.));
#9553=DIRECTION('',(-1.,0.,0.));
#9554=DIRECTION('center_axis',(0.,-1.,0.));
#9555=DIRECTION('ref_axis',(0.,0.,-1.));
#9556=DIRECTION('',(-1.,0.,0.));
#9557=DIRECTION('',(0.,0.,-1.));
#9558=DIRECTION('',(0.,0.,1.));
#9559=DIRECTION('center_axis',(1.,0.,0.));
#9560=DIRECTION('ref_axis',(0.,0.,1.));
#9561=DIRECTION('',(0.,1.,0.));
#9562=DIRECTION('center_axis',(-1.,0.,0.));
#9563=DIRECTION('ref_axis',(0.,0.,-1.));
#9564=DIRECTION('',(0.,-1.,0.));
#9565=DIRECTION('center_axis',(0.,-1.,0.));
#9566=DIRECTION('ref_axis',(0.,0.,-1.));
#9567=DIRECTION('',(0.,0.,-1.));
#9568=DIRECTION('',(-1.,0.,0.));
#9569=DIRECTION('center_axis',(0.,0.,-1.));
#9570=DIRECTION('ref_axis',(-1.,0.,0.));
#9571=DIRECTION('',(-1.,0.,0.));
#9572=DIRECTION('',(-1.,0.,0.));
#9573=DIRECTION('',(0.,-1.,0.));
#9574=DIRECTION('',(-1.,0.,0.));
#9575=DIRECTION('',(0.,1.,0.));
#9576=DIRECTION('center_axis',(0.,-1.,0.));
#9577=DIRECTION('ref_axis',(0.,0.,-1.));
#9578=DIRECTION('',(0.,0.,-1.));
#9579=DIRECTION('',(0.,0.,1.));
#9580=DIRECTION('center_axis',(1.,0.,0.));
#9581=DIRECTION('ref_axis',(0.,0.,1.));
#9582=DIRECTION('center_axis',(-1.,0.,0.));
#9583=DIRECTION('ref_axis',(0.,0.,-1.));
#9584=DIRECTION('',(0.,0.,1.));
#9585=DIRECTION('center_axis',(0.,1.,0.));
#9586=DIRECTION('ref_axis',(5.69345140833414E-17,0.,1.));
#9587=DIRECTION('center_axis',(0.,-1.,0.));
#9588=DIRECTION('ref_axis',(5.69345140833414E-17,0.,1.));
#9589=DIRECTION('center_axis',(0.,-1.,0.));
#9590=DIRECTION('ref_axis',(5.69345140833414E-17,0.,1.));
#9591=DIRECTION('',(0.,-1.,0.));
#9592=DIRECTION('center_axis',(0.,-1.,0.));
#9593=DIRECTION('ref_axis',(-0.0256410256410261,0.,0.999671214852202));
#9594=DIRECTION('',(0.,-1.,0.));
#9595=DIRECTION('center_axis',(0.,-1.,0.));
#9596=DIRECTION('ref_axis',(5.69345140833414E-17,0.,1.));
#9597=DIRECTION('center_axis',(0.,-1.,0.));
#9598=DIRECTION('ref_axis',(5.69345140833414E-17,0.,1.));
#9599=DIRECTION('',(0.,1.,0.));
#9600=DIRECTION('center_axis',(0.,1.,0.));
#9601=DIRECTION('ref_axis',(-0.0256410256410261,0.,0.999671214852202));
#9602=DIRECTION('',(0.,1.,0.));
#9603=DIRECTION('center_axis',(0.,-1.,0.));
#9604=DIRECTION('ref_axis',(5.69345140833414E-17,0.,1.));
#9605=DIRECTION('',(0.,1.,0.));
#9606=DIRECTION('center_axis',(0.,1.,0.));
#9607=DIRECTION('ref_axis',(-0.0256410256410261,0.,0.999671214852202));
#9608=DIRECTION('',(0.,1.,0.));
#9609=DIRECTION('center_axis',(0.,-1.,0.));
#9610=DIRECTION('ref_axis',(5.69345140833414E-17,0.,1.));
#9611=DIRECTION('',(0.,1.,0.));
#9612=DIRECTION('center_axis',(0.,1.,0.));
#9613=DIRECTION('ref_axis',(-0.0256410256410261,0.,0.999671214852202));
#9614=DIRECTION('',(0.,1.,0.));
#9615=DIRECTION('center_axis',(0.,-1.,0.));
#9616=DIRECTION('ref_axis',(5.69345140833414E-17,0.,1.));
#9617=DIRECTION('',(0.,1.,0.));
#9618=DIRECTION('center_axis',(0.,1.,0.));
#9619=DIRECTION('ref_axis',(-0.0256410256410261,0.,0.999671214852202));
#9620=DIRECTION('',(0.,1.,0.));
#9621=DIRECTION('center_axis',(0.,-1.,0.));
#9622=DIRECTION('ref_axis',(5.69345140833414E-17,0.,1.));
#9623=DIRECTION('',(0.,1.,0.));
#9624=DIRECTION('center_axis',(0.,1.,0.));
#9625=DIRECTION('ref_axis',(-0.0256410256410261,0.,0.999671214852202));
#9626=DIRECTION('',(0.,1.,0.));
#9627=DIRECTION('center_axis',(0.,-1.,0.));
#9628=DIRECTION('ref_axis',(5.69345140833414E-17,0.,1.));
#9629=DIRECTION('',(0.,1.,0.));
#9630=DIRECTION('center_axis',(0.,1.,0.));
#9631=DIRECTION('ref_axis',(-0.0256410256410261,0.,0.999671214852202));
#9632=DIRECTION('',(0.,1.,0.));
#9633=DIRECTION('center_axis',(0.,-1.,0.));
#9634=DIRECTION('ref_axis',(5.69345140833414E-17,0.,1.));
#9635=DIRECTION('',(0.,1.,0.));
#9636=DIRECTION('center_axis',(0.,1.,0.));
#9637=DIRECTION('ref_axis',(-0.0256410256410261,0.,0.999671214852202));
#9638=DIRECTION('',(0.,1.,0.));
#9639=DIRECTION('center_axis',(0.,-1.,0.));
#9640=DIRECTION('ref_axis',(5.69345140833414E-17,0.,1.));
#9641=DIRECTION('',(0.,1.,0.));
#9642=DIRECTION('center_axis',(0.,1.,0.));
#9643=DIRECTION('ref_axis',(-0.0256410256410261,0.,0.999671214852202));
#9644=DIRECTION('',(0.,1.,0.));
#9645=DIRECTION('center_axis',(0.,-1.,0.));
#9646=DIRECTION('ref_axis',(5.69345140833414E-17,0.,1.));
#9647=DIRECTION('center_axis',(0.,-1.,0.));
#9648=DIRECTION('ref_axis',(5.69345140833414E-17,0.,1.));
#9649=DIRECTION('',(0.,-1.,0.));
#9650=DIRECTION('center_axis',(0.,-1.,0.));
#9651=DIRECTION('ref_axis',(-0.0256410256410261,0.,0.999671214852202));
#9652=DIRECTION('',(0.,1.,0.));
#9653=DIRECTION('center_axis',(0.,-1.,0.));
#9654=DIRECTION('ref_axis',(0.,0.,-1.));
#9655=DIRECTION('',(0.,0.,1.));
#9656=DIRECTION('center_axis',(0.,-1.,0.));
#9657=DIRECTION('ref_axis',(1.,0.,0.));
#9658=DIRECTION('',(0.,0.,1.));
#9659=DIRECTION('',(0.,0.,-1.));
#9660=DIRECTION('center_axis',(-1.,0.,0.));
#9661=DIRECTION('ref_axis',(0.,0.,-1.));
#9662=DIRECTION('center_axis',(1.,0.,0.));
#9663=DIRECTION('ref_axis',(0.,0.,1.));
#9664=DIRECTION('',(0.,0.,-1.));
#9665=DIRECTION('center_axis',(0.,1.,0.));
#9666=DIRECTION('ref_axis',(-1.,0.,0.));
#9667=DIRECTION('center_axis',(0.,1.,0.));
#9668=DIRECTION('ref_axis',(0.,0.,1.));
#9669=DIRECTION('',(0.,0.,1.));
#9670=DIRECTION('',(0.,0.,-1.));
#9671=DIRECTION('center_axis',(-1.,0.,0.));
#9672=DIRECTION('ref_axis',(0.,0.,1.));
#9673=DIRECTION('',(0.,0.,-1.));
#9674=DIRECTION('center_axis',(1.,0.,0.));
#9675=DIRECTION('ref_axis',(0.,0.,-1.));
#9676=DIRECTION('',(0.,0.,1.));
#9677=DIRECTION('center_axis',(0.,1.,0.));
#9678=DIRECTION('ref_axis',(-1.,0.,0.));
#9679=DIRECTION('',(0.,0.,-1.));
#9680=DIRECTION('center_axis',(0.,1.,0.));
#9681=DIRECTION('ref_axis',(0.,0.,1.));
#9682=DIRECTION('',(0.,0.,-1.));
#9683=DIRECTION('',(0.,0.,1.));
#9684=DIRECTION('center_axis',(1.,0.,0.));
#9685=DIRECTION('ref_axis',(0.,0.,-1.));
#9686=DIRECTION('',(0.,0.,1.));
#9687=DIRECTION('center_axis',(-1.,0.,0.));
#9688=DIRECTION('ref_axis',(0.,0.,1.));
#9689=DIRECTION('center_axis',(0.,1.,0.));
#9690=DIRECTION('ref_axis',(0.,0.,1.));
#9691=DIRECTION('',(0.,0.,-1.));
#9692=DIRECTION('',(0.,0.,1.));
#9693=DIRECTION('center_axis',(1.,0.,0.));
#9694=DIRECTION('ref_axis',(0.,0.,-1.));
#9695=DIRECTION('',(0.,0.,1.));
#9696=DIRECTION('center_axis',(-1.,0.,0.));
#9697=DIRECTION('ref_axis',(0.,0.,1.));
#9698=DIRECTION('',(0.,0.,-1.));
#9699=DIRECTION('center_axis',(0.,1.,0.));
#9700=DIRECTION('ref_axis',(-1.,0.,0.));
#9701=DIRECTION('',(1.,0.,0.));
#9702=DIRECTION('',(0.,0.,-1.));
#9703=DIRECTION('',(0.,0.,1.));
#9704=DIRECTION('center_axis',(0.,1.,0.));
#9705=DIRECTION('ref_axis',(-1.,0.,0.));
#9706=DIRECTION('',(1.,0.,0.));
#9707=DIRECTION('',(0.,0.,-1.));
#9708=DIRECTION('',(0.,0.,1.));
#9709=DIRECTION('center_axis',(0.,1.,0.));
#9710=DIRECTION('ref_axis',(-1.,0.,0.));
#9711=DIRECTION('',(1.,0.,0.));
#9712=DIRECTION('',(0.,0.,-1.));
#9713=DIRECTION('',(0.,0.,1.));
#9714=DIRECTION('center_axis',(0.,1.,0.));
#9715=DIRECTION('ref_axis',(-1.,0.,0.));
#9716=DIRECTION('',(0.,0.,-1.));
#9717=DIRECTION('center_axis',(0.,1.,0.));
#9718=DIRECTION('ref_axis',(0.,0.,1.));
#9719=DIRECTION('',(0.,0.,1.));
#9720=DIRECTION('',(0.,0.,-1.));
#9721=DIRECTION('center_axis',(-1.,0.,0.));
#9722=DIRECTION('ref_axis',(0.,0.,1.));
#9723=DIRECTION('center_axis',(1.,0.,0.));
#9724=DIRECTION('ref_axis',(0.,0.,-1.));
#9725=DIRECTION('',(0.,0.,1.));
#9726=DIRECTION('center_axis',(0.,1.,0.));
#9727=DIRECTION('ref_axis',(-1.,0.,0.));
#9728=DIRECTION('',(1.,0.,0.));
#9729=DIRECTION('',(0.,0.,-1.));
#9730=DIRECTION('',(0.,0.,1.));
#9731=DIRECTION('center_axis',(0.,1.,0.));
#9732=DIRECTION('ref_axis',(-1.,0.,0.));
#9733=DIRECTION('',(1.,0.,0.));
#9734=DIRECTION('',(0.,0.,1.));
#9735=DIRECTION('center_axis',(0.,1.,0.));
#9736=DIRECTION('ref_axis',(-1.,0.,0.));
#9737=DIRECTION('',(1.,0.,0.));
#9738=DIRECTION('',(0.,0.,-1.));
#9739=DIRECTION('',(0.,0.,1.));
#9740=DIRECTION('center_axis',(0.,1.,0.));
#9741=DIRECTION('ref_axis',(-1.,0.,0.));
#9742=DIRECTION('',(1.,0.,0.));
#9743=DIRECTION('',(0.,0.,1.));
#9744=DIRECTION('center_axis',(0.,1.,0.));
#9745=DIRECTION('ref_axis',(-1.,0.,0.));
#9746=DIRECTION('',(1.,0.,0.));
#9747=DIRECTION('',(0.,0.,-1.));
#9748=DIRECTION('',(0.,0.,1.));
#9749=DIRECTION('center_axis',(0.,1.,0.));
#9750=DIRECTION('ref_axis',(-1.,0.,0.));
#9751=DIRECTION('',(0.,0.,1.));
#9752=DIRECTION('center_axis',(0.,1.,0.));
#9753=DIRECTION('ref_axis',(0.,0.,1.));
#9754=DIRECTION('',(0.,0.,1.));
#9755=DIRECTION('',(0.,0.,-1.));
#9756=DIRECTION('center_axis',(-1.,0.,0.));
#9757=DIRECTION('ref_axis',(0.,0.,1.));
#9758=DIRECTION('',(0.,0.,-1.));
#9759=DIRECTION('center_axis',(1.,0.,0.));
#9760=DIRECTION('ref_axis',(0.,0.,-1.));
#9761=DIRECTION('center_axis',(0.,1.,0.));
#9762=DIRECTION('ref_axis',(-1.,0.,0.));
#9763=DIRECTION('',(1.,0.,0.));
#9764=DIRECTION('',(0.,0.,-1.));
#9765=DIRECTION('',(0.,0.,1.));
#9766=DIRECTION('center_axis',(0.,1.,0.));
#9767=DIRECTION('ref_axis',(-1.,0.,0.));
#9768=DIRECTION('',(1.,0.,0.));
#9769=DIRECTION('',(0.,0.,-1.));
#9770=DIRECTION('',(0.,0.,1.));
#9771=DIRECTION('center_axis',(0.,1.,0.));
#9772=DIRECTION('ref_axis',(-1.,0.,0.));
#9773=DIRECTION('',(1.,0.,0.));
#9774=DIRECTION('',(0.,0.,-1.));
#9775=DIRECTION('',(0.,0.,1.));
#9776=DIRECTION('center_axis',(0.,1.,0.));
#9777=DIRECTION('ref_axis',(-1.,0.,0.));
#9778=DIRECTION('',(0.,0.,1.));
#9779=DIRECTION('center_axis',(0.,1.,0.));
#9780=DIRECTION('ref_axis',(-1.,0.,0.));
#9781=DIRECTION('',(0.,0.,-1.));
#9782=DIRECTION('center_axis',(0.,1.,0.));
#9783=DIRECTION('ref_axis',(0.,0.,1.));
#9784=DIRECTION('',(0.,0.,-1.));
#9785=DIRECTION('',(0.,0.,1.));
#9786=DIRECTION('center_axis',(1.,0.,0.));
#9787=DIRECTION('ref_axis',(0.,0.,-1.));
#9788=DIRECTION('center_axis',(-1.,0.,0.));
#9789=DIRECTION('ref_axis',(0.,0.,1.));
#9790=DIRECTION('center_axis',(0.,1.,0.));
#9791=DIRECTION('ref_axis',(-1.,0.,0.));
#9792=DIRECTION('',(1.,0.,0.));
#9793=DIRECTION('',(0.,0.,-1.));
#9794=DIRECTION('',(0.,0.,1.));
#9795=DIRECTION('center_axis',(0.,1.,0.));
#9796=DIRECTION('ref_axis',(-1.,0.,0.));
#9797=DIRECTION('',(0.,0.,-1.));
#9798=DIRECTION('center_axis',(0.,1.,0.));
#9799=DIRECTION('ref_axis',(0.,0.,1.));
#9800=DIRECTION('',(0.,0.,-1.));
#9801=DIRECTION('',(0.,0.,1.));
#9802=DIRECTION('center_axis',(1.,0.,0.));
#9803=DIRECTION('ref_axis',(0.,0.,-1.));
#9804=DIRECTION('center_axis',(-1.,0.,0.));
#9805=DIRECTION('ref_axis',(0.,0.,1.));
#9806=DIRECTION('center_axis',(0.,1.,0.));
#9807=DIRECTION('ref_axis',(-1.,0.,0.));
#9808=DIRECTION('',(1.,0.,0.));
#9809=DIRECTION('',(0.,0.,-1.));
#9810=DIRECTION('',(0.,0.,1.));
#9811=DIRECTION('center_axis',(0.,1.,0.));
#9812=DIRECTION('ref_axis',(-1.,0.,0.));
#9813=DIRECTION('',(1.,0.,0.));
#9814=DIRECTION('',(0.,0.,-1.));
#9815=DIRECTION('',(0.,0.,1.));
#9816=DIRECTION('center_axis',(0.,1.,0.));
#9817=DIRECTION('ref_axis',(-1.,0.,0.));
#9818=DIRECTION('',(1.,0.,0.));
#9819=DIRECTION('',(0.,0.,-1.));
#9820=DIRECTION('',(0.,0.,1.));
#9821=DIRECTION('center_axis',(0.,1.,0.));
#9822=DIRECTION('ref_axis',(-1.,0.,0.));
#9823=DIRECTION('',(1.,0.,0.));
#9824=DIRECTION('',(0.,0.,-1.));
#9825=DIRECTION('',(0.,0.,1.));
#9826=DIRECTION('center_axis',(0.,1.,0.));
#9827=DIRECTION('ref_axis',(-1.,0.,0.));
#9828=DIRECTION('',(1.,0.,0.));
#9829=DIRECTION('',(0.,0.,-1.));
#9830=DIRECTION('',(0.,0.,1.));
#9831=DIRECTION('center_axis',(0.,1.,0.));
#9832=DIRECTION('ref_axis',(-1.,0.,0.));
#9833=DIRECTION('',(1.,0.,0.));
#9834=DIRECTION('',(0.,0.,-1.));
#9835=DIRECTION('',(0.,0.,1.));
#9836=DIRECTION('center_axis',(0.,1.,0.));
#9837=DIRECTION('ref_axis',(-1.,0.,0.));
#9838=DIRECTION('',(0.,0.,-1.));
#9839=DIRECTION('center_axis',(0.,1.,0.));
#9840=DIRECTION('ref_axis',(-1.,0.,0.));
#9841=DIRECTION('',(0.,0.,1.));
#9842=DIRECTION('center_axis',(0.,1.,0.));
#9843=DIRECTION('ref_axis',(0.,0.,1.));
#9844=DIRECTION('',(0.,0.,1.));
#9845=DIRECTION('',(0.,0.,-1.));
#9846=DIRECTION('center_axis',(-1.,0.,0.));
#9847=DIRECTION('ref_axis',(0.,0.,1.));
#9848=DIRECTION('center_axis',(1.,0.,0.));
#9849=DIRECTION('ref_axis',(0.,0.,-1.));
#9850=DIRECTION('center_axis',(0.,1.,0.));
#9851=DIRECTION('ref_axis',(-1.,0.,0.));
#9852=DIRECTION('',(1.,0.,0.));
#9853=DIRECTION('',(0.,0.,-1.));
#9854=DIRECTION('',(0.,0.,1.));
#9855=DIRECTION('center_axis',(0.,1.,0.));
#9856=DIRECTION('ref_axis',(-1.,0.,0.));
#9857=DIRECTION('',(1.,0.,0.));
#9858=DIRECTION('',(0.,0.,-1.));
#9859=DIRECTION('',(0.,0.,1.));
#9860=DIRECTION('center_axis',(0.,1.,0.));
#9861=DIRECTION('ref_axis',(-1.,0.,0.));
#9862=DIRECTION('',(1.,0.,0.));
#9863=DIRECTION('',(0.,0.,1.));
#9864=DIRECTION('center_axis',(0.,1.,0.));
#9865=DIRECTION('ref_axis',(-1.,0.,0.));
#9866=DIRECTION('',(1.,0.,0.));
#9867=DIRECTION('',(0.,0.,1.));
#9868=DIRECTION('center_axis',(0.,1.,0.));
#9869=DIRECTION('ref_axis',(-1.,0.,0.));
#9870=DIRECTION('center_axis',(0.,1.,0.));
#9871=DIRECTION('ref_axis',(-1.,0.,0.));
#9872=DIRECTION('center_axis',(0.,1.,0.));
#9873=DIRECTION('ref_axis',(-1.,0.,0.));
#9874=DIRECTION('',(1.,0.,0.));
#9875=DIRECTION('',(0.,0.,-1.));
#9876=DIRECTION('',(0.,0.,1.));
#9877=DIRECTION('center_axis',(0.,1.,0.));
#9878=DIRECTION('ref_axis',(-1.,0.,0.));
#9879=DIRECTION('',(1.,0.,0.));
#9880=DIRECTION('',(0.,0.,-1.));
#9881=DIRECTION('',(0.,0.,1.));
#9882=DIRECTION('center_axis',(0.,-1.,0.));
#9883=DIRECTION('ref_axis',(0.,0.,-1.));
#9884=DIRECTION('',(-1.,0.,0.));
#9885=DIRECTION('',(0.,0.,1.));
#9886=DIRECTION('center_axis',(0.,-1.,0.));
#9887=DIRECTION('ref_axis',(0.,0.,-1.));
#9888=DIRECTION('',(-1.,0.,0.));
#9889=DIRECTION('',(0.,0.,-1.));
#9890=DIRECTION('',(0.,0.,1.));
#9891=DIRECTION('center_axis',(0.,-1.,0.));
#9892=DIRECTION('ref_axis',(0.,0.,-1.));
#9893=DIRECTION('',(-1.,0.,0.));
#9894=DIRECTION('',(0.,0.,-1.));
#9895=DIRECTION('',(0.,0.,1.));
#9896=DIRECTION('center_axis',(0.,-1.,0.));
#9897=DIRECTION('ref_axis',(0.,0.,-1.));
#9898=DIRECTION('',(-1.,0.,0.));
#9899=DIRECTION('',(0.,0.,-1.));
#9900=DIRECTION('',(0.,0.,1.));
#9901=DIRECTION('center_axis',(0.,-1.,0.));
#9902=DIRECTION('ref_axis',(0.,0.,-1.));
#9903=DIRECTION('',(-1.,0.,0.));
#9904=DIRECTION('',(0.,0.,-1.));
#9905=DIRECTION('',(0.,0.,1.));
#9906=DIRECTION('center_axis',(0.,-1.,0.));
#9907=DIRECTION('ref_axis',(0.,0.,-1.));
#9908=DIRECTION('',(-1.,0.,0.));
#9909=DIRECTION('',(0.,0.,-1.));
#9910=DIRECTION('',(0.,0.,1.));
#9911=DIRECTION('center_axis',(0.,-1.,0.));
#9912=DIRECTION('ref_axis',(0.,0.,-1.));
#9913=DIRECTION('',(-1.,0.,0.));
#9914=DIRECTION('',(0.,0.,-1.));
#9915=DIRECTION('',(0.,0.,1.));
#9916=DIRECTION('center_axis',(0.,-1.,0.));
#9917=DIRECTION('ref_axis',(0.,0.,-1.));
#9918=DIRECTION('',(-1.,0.,0.));
#9919=DIRECTION('',(0.,0.,-1.));
#9920=DIRECTION('',(0.,0.,1.));
#9921=DIRECTION('center_axis',(0.,-1.,0.));
#9922=DIRECTION('ref_axis',(0.,0.,-1.));
#9923=DIRECTION('',(-1.,0.,0.));
#9924=DIRECTION('',(0.,0.,-1.));
#9925=DIRECTION('',(0.,0.,1.));
#9926=DIRECTION('center_axis',(0.,-1.,0.));
#9927=DIRECTION('ref_axis',(0.,0.,-1.));
#9928=DIRECTION('',(-1.,0.,0.));
#9929=DIRECTION('',(0.,0.,-1.));
#9930=DIRECTION('',(0.,0.,1.));
#9931=DIRECTION('center_axis',(0.,-1.,0.));
#9932=DIRECTION('ref_axis',(0.,0.,-1.));
#9933=DIRECTION('',(-1.,0.,0.));
#9934=DIRECTION('',(0.,0.,-1.));
#9935=DIRECTION('',(0.,0.,1.));
#9936=DIRECTION('center_axis',(0.,-1.,0.));
#9937=DIRECTION('ref_axis',(0.,0.,-1.));
#9938=DIRECTION('',(-1.,0.,0.));
#9939=DIRECTION('',(0.,0.,-1.));
#9940=DIRECTION('',(0.,0.,1.));
#9941=DIRECTION('center_axis',(0.,-1.,0.));
#9942=DIRECTION('ref_axis',(0.,0.,-1.));
#9943=DIRECTION('',(-1.,0.,0.));
#9944=DIRECTION('',(0.,0.,-1.));
#9945=DIRECTION('',(0.,0.,1.));
#9946=DIRECTION('center_axis',(0.,-1.,0.));
#9947=DIRECTION('ref_axis',(0.,0.,-1.));
#9948=DIRECTION('',(-1.,0.,0.));
#9949=DIRECTION('',(0.,0.,-1.));
#9950=DIRECTION('',(0.,0.,1.));
#9951=DIRECTION('center_axis',(0.,1.,0.));
#9952=DIRECTION('ref_axis',(-1.,0.,0.));
#9953=DIRECTION('',(1.,0.,0.));
#9954=DIRECTION('',(0.,0.,1.));
#9955=DIRECTION('center_axis',(0.,-1.,0.));
#9956=DIRECTION('ref_axis',(0.,0.,-1.));
#9957=DIRECTION('',(-1.,0.,0.));
#9958=DIRECTION('',(0.,0.,-1.));
#9959=DIRECTION('',(0.,0.,1.));
#9960=DIRECTION('center_axis',(0.,-1.,0.));
#9961=DIRECTION('ref_axis',(0.,0.,-1.));
#9962=DIRECTION('',(-1.,0.,0.));
#9963=DIRECTION('',(0.,0.,-1.));
#9964=DIRECTION('',(0.,0.,1.));
#9965=DIRECTION('center_axis',(0.,-1.,0.));
#9966=DIRECTION('ref_axis',(0.,0.,-1.));
#9967=DIRECTION('',(-1.,0.,0.));
#9968=DIRECTION('',(0.,0.,-1.));
#9969=DIRECTION('',(0.,0.,1.));
#9970=DIRECTION('center_axis',(0.,-1.,0.));
#9971=DIRECTION('ref_axis',(0.,0.,-1.));
#9972=DIRECTION('',(-1.,0.,0.));
#9973=DIRECTION('',(0.,0.,-1.));
#9974=DIRECTION('',(0.,0.,1.));
#9975=DIRECTION('center_axis',(0.,-1.,0.));
#9976=DIRECTION('ref_axis',(0.,0.,-1.));
#9977=DIRECTION('',(-1.,0.,0.));
#9978=DIRECTION('',(0.,0.,-1.));
#9979=DIRECTION('',(0.,0.,1.));
#9980=DIRECTION('center_axis',(0.,-1.,0.));
#9981=DIRECTION('ref_axis',(1.,0.,0.));
#9982=DIRECTION('',(-1.,0.,0.));
#9983=DIRECTION('',(0.,0.,1.));
#9984=DIRECTION('center_axis',(1.,0.,0.));
#9985=DIRECTION('ref_axis',(0.,1.,0.));
#9986=DIRECTION('',(0.,-1.,0.));
#9987=DIRECTION('center_axis',(-1.,0.,0.));
#9988=DIRECTION('ref_axis',(0.,0.,-1.));
#9989=DIRECTION('',(0.,1.,0.));
#9990=DIRECTION('',(0.,0.,-1.));
#9991=DIRECTION('center_axis',(0.,-1.,0.));
#9992=DIRECTION('ref_axis',(0.,0.,-1.));
#9993=DIRECTION('',(-1.,0.,0.));
#9994=DIRECTION('center_axis',(-1.,0.,0.));
#9995=DIRECTION('ref_axis',(0.,0.,-1.));
#9996=DIRECTION('',(0.,1.,0.));
#9997=DIRECTION('',(0.,0.,-1.));
#9998=DIRECTION('center_axis',(1.,0.,0.));
#9999=DIRECTION('ref_axis',(0.,0.,1.));
#10000=DIRECTION('',(0.,-1.,0.));
#10001=DIRECTION('',(0.,0.,1.));
#10002=DIRECTION('center_axis',(1.,0.,0.));
#10003=DIRECTION('ref_axis',(0.,0.,1.));
#10004=DIRECTION('',(0.,-1.,0.));
#10005=DIRECTION('',(0.,0.,1.));
#10006=DIRECTION('center_axis',(0.,-1.,0.));
#10007=DIRECTION('ref_axis',(0.,0.,-1.));
#10008=DIRECTION('',(-1.,0.,0.));
#10009=DIRECTION('center_axis',(-1.,0.,0.));
#10010=DIRECTION('ref_axis',(0.,0.,-1.));
#10011=DIRECTION('',(0.,1.,0.));
#10012=DIRECTION('',(0.,0.,-1.));
#10013=DIRECTION('center_axis',(0.,-1.,0.));
#10014=DIRECTION('ref_axis',(0.,0.,-1.));
#10015=DIRECTION('',(-1.,0.,0.));
#10016=DIRECTION('center_axis',(1.,0.,0.));
#10017=DIRECTION('ref_axis',(0.,0.,1.));
#10018=DIRECTION('',(0.,-1.,0.));
#10019=DIRECTION('',(0.,0.,1.));
#10020=DIRECTION('center_axis',(-1.,0.,0.));
#10021=DIRECTION('ref_axis',(0.,0.,-1.));
#10022=DIRECTION('',(0.,1.,0.));
#10023=DIRECTION('',(0.,0.,-1.));
#10024=DIRECTION('center_axis',(0.,-1.,0.));
#10025=DIRECTION('ref_axis',(0.,0.,-1.));
#10026=DIRECTION('',(-1.,0.,0.));
#10027=DIRECTION('center_axis',(-1.,0.,0.));
#10028=DIRECTION('ref_axis',(0.,0.,-1.));
#10029=DIRECTION('',(0.,1.,0.));
#10030=DIRECTION('',(0.,0.,-1.));
#10031=DIRECTION('center_axis',(1.,0.,0.));
#10032=DIRECTION('ref_axis',(0.,0.,1.));
#10033=DIRECTION('',(0.,-1.,0.));
#10034=DIRECTION('',(0.,0.,1.));
#10035=DIRECTION('center_axis',(1.,0.,0.));
#10036=DIRECTION('ref_axis',(0.,0.,1.));
#10037=DIRECTION('',(0.,-1.,0.));
#10038=DIRECTION('',(0.,0.,1.));
#10039=DIRECTION('center_axis',(0.,-1.,0.));
#10040=DIRECTION('ref_axis',(0.,0.,-1.));
#10041=DIRECTION('',(-1.,0.,0.));
#10042=DIRECTION('center_axis',(-1.,0.,0.));
#10043=DIRECTION('ref_axis',(0.,0.,-1.));
#10044=DIRECTION('',(0.,1.,0.));
#10045=DIRECTION('',(0.,0.,-1.));
#10046=DIRECTION('center_axis',(0.,-1.,0.));
#10047=DIRECTION('ref_axis',(0.,0.,-1.));
#10048=DIRECTION('',(-1.,0.,0.));
#10049=DIRECTION('center_axis',(1.,0.,0.));
#10050=DIRECTION('ref_axis',(0.,0.,1.));
#10051=DIRECTION('',(0.,-1.,0.));
#10052=DIRECTION('',(0.,0.,1.));
#10053=DIRECTION('center_axis',(-1.,0.,0.));
#10054=DIRECTION('ref_axis',(0.,0.,-1.));
#10055=DIRECTION('',(0.,1.,0.));
#10056=DIRECTION('',(0.,0.,-1.));
#10057=DIRECTION('center_axis',(0.,-1.,0.));
#10058=DIRECTION('ref_axis',(0.,0.,-1.));
#10059=DIRECTION('',(-1.,0.,0.));
#10060=DIRECTION('center_axis',(-1.,0.,0.));
#10061=DIRECTION('ref_axis',(0.,0.,-1.));
#10062=DIRECTION('',(0.,1.,0.));
#10063=DIRECTION('',(0.,0.,-1.));
#10064=DIRECTION('center_axis',(1.,0.,0.));
#10065=DIRECTION('ref_axis',(0.,0.,1.));
#10066=DIRECTION('',(0.,-1.,0.));
#10067=DIRECTION('',(0.,0.,1.));
#10068=DIRECTION('center_axis',(1.,0.,0.));
#10069=DIRECTION('ref_axis',(0.,0.,1.));
#10070=DIRECTION('',(0.,-1.,0.));
#10071=DIRECTION('',(0.,0.,1.));
#10072=DIRECTION('center_axis',(0.,-1.,0.));
#10073=DIRECTION('ref_axis',(0.,0.,-1.));
#10074=DIRECTION('',(-1.,0.,0.));
#10075=DIRECTION('center_axis',(-1.,0.,0.));
#10076=DIRECTION('ref_axis',(0.,0.,-1.));
#10077=DIRECTION('',(0.,1.,0.));
#10078=DIRECTION('',(0.,0.,-1.));
#10079=DIRECTION('center_axis',(0.,-1.,0.));
#10080=DIRECTION('ref_axis',(0.,0.,-1.));
#10081=DIRECTION('',(-1.,0.,0.));
#10082=DIRECTION('center_axis',(1.,0.,0.));
#10083=DIRECTION('ref_axis',(0.,0.,1.));
#10084=DIRECTION('',(0.,-1.,0.));
#10085=DIRECTION('',(0.,0.,1.));
#10086=DIRECTION('center_axis',(-1.,0.,0.));
#10087=DIRECTION('ref_axis',(0.,0.,-1.));
#10088=DIRECTION('',(0.,1.,0.));
#10089=DIRECTION('',(0.,0.,-1.));
#10090=DIRECTION('center_axis',(-1.,0.,0.));
#10091=DIRECTION('ref_axis',(0.,0.,-1.));
#10092=DIRECTION('',(0.,1.,0.));
#10093=DIRECTION('',(0.,0.,-1.));
#10094=DIRECTION('center_axis',(0.,-1.,0.));
#10095=DIRECTION('ref_axis',(0.,0.,-1.));
#10096=DIRECTION('',(-1.,0.,0.));
#10097=DIRECTION('center_axis',(1.,0.,0.));
#10098=DIRECTION('ref_axis',(0.,0.,1.));
#10099=DIRECTION('',(0.,-1.,0.));
#10100=DIRECTION('',(0.,0.,1.));
#10101=DIRECTION('center_axis',(0.,-1.,0.));
#10102=DIRECTION('ref_axis',(0.,0.,-1.));
#10103=DIRECTION('',(-1.,0.,0.));
#10104=DIRECTION('center_axis',(1.,0.,0.));
#10105=DIRECTION('ref_axis',(0.,0.,1.));
#10106=DIRECTION('',(0.,-1.,0.));
#10107=DIRECTION('',(0.,0.,1.));
#10108=DIRECTION('center_axis',(-1.,0.,0.));
#10109=DIRECTION('ref_axis',(0.,0.,-1.));
#10110=DIRECTION('',(0.,1.,0.));
#10111=DIRECTION('',(0.,0.,-1.));
#10112=DIRECTION('center_axis',(0.,-1.,0.));
#10113=DIRECTION('ref_axis',(0.,0.,-1.));
#10114=DIRECTION('',(-1.,0.,0.));
#10115=DIRECTION('center_axis',(1.,0.,0.));
#10116=DIRECTION('ref_axis',(0.,0.,1.));
#10117=DIRECTION('',(0.,-1.,0.));
#10118=DIRECTION('',(0.,0.,1.));
#10119=DIRECTION('center_axis',(-1.,0.,0.));
#10120=DIRECTION('ref_axis',(0.,0.,-1.));
#10121=DIRECTION('',(0.,1.,0.));
#10122=DIRECTION('',(0.,0.,-1.));
#10123=DIRECTION('center_axis',(0.,-1.,0.));
#10124=DIRECTION('ref_axis',(0.,0.,-1.));
#10125=DIRECTION('',(-1.,0.,0.));
#10126=DIRECTION('center_axis',(1.,0.,0.));
#10127=DIRECTION('ref_axis',(0.,0.,1.));
#10128=DIRECTION('',(0.,-1.,0.));
#10129=DIRECTION('',(0.,0.,1.));
#10130=DIRECTION('center_axis',(-1.,0.,0.));
#10131=DIRECTION('ref_axis',(0.,0.,-1.));
#10132=DIRECTION('',(0.,1.,0.));
#10133=DIRECTION('',(0.,0.,-1.));
#10134=DIRECTION('center_axis',(0.,-1.,0.));
#10135=DIRECTION('ref_axis',(0.,0.,-1.));
#10136=DIRECTION('',(-1.,0.,0.));
#10137=DIRECTION('center_axis',(1.,0.,0.));
#10138=DIRECTION('ref_axis',(0.,0.,1.));
#10139=DIRECTION('',(0.,-1.,0.));
#10140=DIRECTION('',(0.,0.,1.));
#10141=DIRECTION('center_axis',(-1.,0.,0.));
#10142=DIRECTION('ref_axis',(0.,0.,-1.));
#10143=DIRECTION('',(0.,1.,0.));
#10144=DIRECTION('',(0.,0.,-1.));
#10145=DIRECTION('center_axis',(0.,-1.,0.));
#10146=DIRECTION('ref_axis',(0.,0.,-1.));
#10147=DIRECTION('',(-1.,0.,0.));
#10148=DIRECTION('center_axis',(1.,0.,0.));
#10149=DIRECTION('ref_axis',(0.,0.,1.));
#10150=DIRECTION('',(0.,-1.,0.));
#10151=DIRECTION('',(0.,0.,1.));
#10152=DIRECTION('center_axis',(-1.,0.,0.));
#10153=DIRECTION('ref_axis',(0.,0.,-1.));
#10154=DIRECTION('',(0.,1.,0.));
#10155=DIRECTION('',(0.,0.,-1.));
#10156=DIRECTION('center_axis',(0.,-1.,0.));
#10157=DIRECTION('ref_axis',(0.,0.,-1.));
#10158=DIRECTION('',(-1.,0.,0.));
#10159=DIRECTION('center_axis',(1.,0.,0.));
#10160=DIRECTION('ref_axis',(0.,0.,1.));
#10161=DIRECTION('',(0.,-1.,0.));
#10162=DIRECTION('',(0.,0.,1.));
#10163=DIRECTION('center_axis',(-1.,0.,0.));
#10164=DIRECTION('ref_axis',(0.,0.,-1.));
#10165=DIRECTION('',(0.,1.,0.));
#10166=DIRECTION('',(0.,0.,-1.));
#10167=DIRECTION('center_axis',(0.,-1.,0.));
#10168=DIRECTION('ref_axis',(0.,0.,-1.));
#10169=DIRECTION('',(-1.,0.,0.));
#10170=DIRECTION('center_axis',(1.,0.,0.));
#10171=DIRECTION('ref_axis',(0.,0.,1.));
#10172=DIRECTION('',(0.,-1.,0.));
#10173=DIRECTION('',(0.,0.,1.));
#10174=DIRECTION('center_axis',(-1.,0.,0.));
#10175=DIRECTION('ref_axis',(0.,0.,-1.));
#10176=DIRECTION('',(0.,1.,0.));
#10177=DIRECTION('',(0.,0.,-1.));
#10178=DIRECTION('center_axis',(0.,-1.,0.));
#10179=DIRECTION('ref_axis',(0.,0.,-1.));
#10180=DIRECTION('',(-1.,0.,0.));
#10181=DIRECTION('center_axis',(1.,0.,0.));
#10182=DIRECTION('ref_axis',(0.,0.,1.));
#10183=DIRECTION('',(0.,-1.,0.));
#10184=DIRECTION('',(0.,0.,1.));
#10185=DIRECTION('center_axis',(-1.,0.,0.));
#10186=DIRECTION('ref_axis',(0.,0.,-1.));
#10187=DIRECTION('',(0.,1.,0.));
#10188=DIRECTION('',(0.,0.,-1.));
#10189=DIRECTION('center_axis',(0.,-1.,0.));
#10190=DIRECTION('ref_axis',(0.,0.,-1.));
#10191=DIRECTION('',(-1.,0.,0.));
#10192=DIRECTION('center_axis',(1.,0.,0.));
#10193=DIRECTION('ref_axis',(0.,0.,1.));
#10194=DIRECTION('',(0.,-1.,0.));
#10195=DIRECTION('',(0.,0.,1.));
#10196=DIRECTION('center_axis',(-1.,0.,0.));
#10197=DIRECTION('ref_axis',(0.,0.,-1.));
#10198=DIRECTION('',(0.,1.,0.));
#10199=DIRECTION('',(0.,0.,-1.));
#10200=DIRECTION('center_axis',(0.,-1.,0.));
#10201=DIRECTION('ref_axis',(0.,0.,-1.));
#10202=DIRECTION('',(-1.,0.,0.));
#10203=DIRECTION('center_axis',(1.,0.,0.));
#10204=DIRECTION('ref_axis',(0.,0.,1.));
#10205=DIRECTION('',(0.,-1.,0.));
#10206=DIRECTION('',(0.,0.,1.));
#10207=DIRECTION('center_axis',(-1.,0.,0.));
#10208=DIRECTION('ref_axis',(0.,0.,-1.));
#10209=DIRECTION('',(0.,1.,0.));
#10210=DIRECTION('',(0.,0.,-1.));
#10211=DIRECTION('center_axis',(0.,-1.,0.));
#10212=DIRECTION('ref_axis',(0.,0.,-1.));
#10213=DIRECTION('',(-1.,0.,0.));
#10214=DIRECTION('center_axis',(1.,0.,0.));
#10215=DIRECTION('ref_axis',(0.,0.,1.));
#10216=DIRECTION('',(0.,-1.,0.));
#10217=DIRECTION('',(0.,0.,1.));
#10218=DIRECTION('center_axis',(-1.,0.,0.));
#10219=DIRECTION('ref_axis',(0.,0.,-1.));
#10220=DIRECTION('',(0.,1.,0.));
#10221=DIRECTION('',(0.,0.,-1.));
#10222=DIRECTION('center_axis',(0.,-1.,0.));
#10223=DIRECTION('ref_axis',(0.,0.,-1.));
#10224=DIRECTION('',(-1.,0.,0.));
#10225=DIRECTION('center_axis',(1.,0.,0.));
#10226=DIRECTION('ref_axis',(0.,0.,1.));
#10227=DIRECTION('',(0.,-1.,0.));
#10228=DIRECTION('',(0.,0.,1.));
#10229=DIRECTION('center_axis',(-1.,0.,0.));
#10230=DIRECTION('ref_axis',(0.,0.,-1.));
#10231=DIRECTION('',(0.,1.,0.));
#10232=DIRECTION('',(0.,0.,-1.));
#10233=DIRECTION('center_axis',(0.,-1.,0.));
#10234=DIRECTION('ref_axis',(0.,0.,-1.));
#10235=DIRECTION('',(-1.,0.,0.));
#10236=DIRECTION('center_axis',(1.,0.,0.));
#10237=DIRECTION('ref_axis',(0.,0.,1.));
#10238=DIRECTION('',(0.,-1.,0.));
#10239=DIRECTION('',(0.,0.,1.));
#10240=DIRECTION('center_axis',(0.,-1.,0.));
#10241=DIRECTION('ref_axis',(0.,0.,-1.));
#10242=DIRECTION('',(-1.,0.,0.));
#10243=DIRECTION('',(0.,0.,-1.));
#10244=DIRECTION('center_axis',(-1.,0.,0.));
#10245=DIRECTION('ref_axis',(0.,0.,-1.));
#10246=DIRECTION('',(0.,1.,0.));
#10247=DIRECTION('center_axis',(0.,0.,-1.));
#10248=DIRECTION('ref_axis',(-1.,0.,0.));
#10249=DIRECTION('',(0.,-1.,0.));
#10250=DIRECTION('',(1.,0.,0.));
#10251=DIRECTION('',(0.,1.,0.));
#10252=DIRECTION('',(0.,-1.,0.));
#10253=DIRECTION('',(1.,0.,0.));
#10254=DIRECTION('',(0.,1.,0.));
#10255=DIRECTION('',(0.,-1.,0.));
#10256=DIRECTION('',(1.,0.,0.));
#10257=DIRECTION('',(0.,1.,0.));
#10258=DIRECTION('',(0.,-1.,0.));
#10259=DIRECTION('',(1.,0.,0.));
#10260=DIRECTION('',(0.,1.,0.));
#10261=DIRECTION('',(0.,-1.,0.));
#10262=DIRECTION('',(1.,0.,0.));
#10263=DIRECTION('',(0.,1.,0.));
#10264=DIRECTION('',(0.,-1.,0.));
#10265=DIRECTION('',(1.,0.,0.));
#10266=DIRECTION('',(0.,1.,0.));
#10267=DIRECTION('',(0.,-1.,0.));
#10268=DIRECTION('',(1.,0.,0.));
#10269=DIRECTION('',(0.,1.,0.));
#10270=DIRECTION('',(0.,-1.,0.));
#10271=DIRECTION('',(1.,0.,0.));
#10272=DIRECTION('',(0.,1.,0.));
#10273=DIRECTION('',(0.,-1.,0.));
#10274=DIRECTION('',(1.,0.,0.));
#10275=DIRECTION('',(0.,1.,0.));
#10276=DIRECTION('',(0.,-1.,0.));
#10277=DIRECTION('',(1.,0.,0.));
#10278=DIRECTION('',(0.,-1.,0.));
#10279=DIRECTION('',(0.,-1.,0.));
#10280=DIRECTION('',(0.,-1.,0.));
#10281=DIRECTION('',(0.,-1.,0.));
#10282=DIRECTION('',(1.,0.,0.));
#10283=DIRECTION('',(0.,1.,0.));
#10284=DIRECTION('',(0.,-1.,0.));
#10285=DIRECTION('',(1.,0.,0.));
#10286=DIRECTION('',(0.,1.,0.));
#10287=DIRECTION('',(0.,-1.,0.));
#10288=DIRECTION('',(1.,0.,0.));
#10289=DIRECTION('',(0.,1.,0.));
#10290=DIRECTION('',(0.,-1.,0.));
#10291=DIRECTION('',(1.,0.,0.));
#10292=DIRECTION('',(0.,1.,0.));
#10293=DIRECTION('',(0.,-1.,0.));
#10294=DIRECTION('',(1.,0.,0.));
#10295=DIRECTION('',(0.,1.,0.));
#10296=DIRECTION('',(0.,-1.,0.));
#10297=DIRECTION('',(1.,0.,0.));
#10298=DIRECTION('',(0.,1.,0.));
#10299=DIRECTION('',(0.,-1.,0.));
#10300=DIRECTION('',(1.,0.,0.));
#10301=DIRECTION('',(0.,1.,0.));
#10302=DIRECTION('',(0.,-1.,0.));
#10303=DIRECTION('',(1.,0.,0.));
#10304=DIRECTION('',(0.,1.,0.));
#10305=DIRECTION('',(0.,-1.,0.));
#10306=DIRECTION('',(1.,0.,0.));
#10307=DIRECTION('',(0.,1.,0.));
#10308=DIRECTION('',(0.,-1.,0.));
#10309=DIRECTION('',(1.,0.,0.));
#10310=DIRECTION('',(0.,1.,0.));
#10311=DIRECTION('',(0.,-1.,0.));
#10312=DIRECTION('',(1.,0.,0.));
#10313=DIRECTION('',(0.,1.,0.));
#10314=DIRECTION('center_axis',(1.,0.,0.));
#10315=DIRECTION('ref_axis',(0.,0.,-1.));
#10316=DIRECTION('',(0.,0.,-1.));
#10317=DIRECTION('center_axis',(-1.,0.,0.));
#10318=DIRECTION('ref_axis',(0.,0.,1.));
#10319=DIRECTION('',(0.,0.,1.));
#10320=DIRECTION('center_axis',(0.,1.,0.));
#10321=DIRECTION('ref_axis',(0.,0.,1.));
#10322=DIRECTION('center_axis',(1.,0.,0.));
#10323=DIRECTION('ref_axis',(0.,0.,-1.));
#10324=DIRECTION('',(0.,0.,-1.));
#10325=DIRECTION('center_axis',(-1.,0.,0.));
#10326=DIRECTION('ref_axis',(0.,0.,1.));
#10327=DIRECTION('',(0.,0.,1.));
#10328=DIRECTION('center_axis',(0.,1.,0.));
#10329=DIRECTION('ref_axis',(0.,0.,1.));
#10330=DIRECTION('center_axis',(1.,0.,0.));
#10331=DIRECTION('ref_axis',(0.,0.,-1.));
#10332=DIRECTION('',(0.,0.,-1.));
#10333=DIRECTION('center_axis',(-1.,0.,0.));
#10334=DIRECTION('ref_axis',(0.,0.,1.));
#10335=DIRECTION('',(0.,0.,1.));
#10336=DIRECTION('center_axis',(0.,1.,0.));
#10337=DIRECTION('ref_axis',(0.,0.,1.));
#10338=DIRECTION('center_axis',(1.,0.,0.));
#10339=DIRECTION('ref_axis',(0.,0.,-1.));
#10340=DIRECTION('',(0.,0.,-1.));
#10341=DIRECTION('center_axis',(-1.,0.,0.));
#10342=DIRECTION('ref_axis',(0.,0.,1.));
#10343=DIRECTION('',(0.,0.,1.));
#10344=DIRECTION('center_axis',(0.,1.,0.));
#10345=DIRECTION('ref_axis',(0.,0.,1.));
#10346=DIRECTION('center_axis',(1.,0.,0.));
#10347=DIRECTION('ref_axis',(0.,0.,-1.));
#10348=DIRECTION('',(0.,0.,-1.));
#10349=DIRECTION('center_axis',(-1.,0.,0.));
#10350=DIRECTION('ref_axis',(0.,0.,1.));
#10351=DIRECTION('',(0.,0.,1.));
#10352=DIRECTION('center_axis',(0.,1.,0.));
#10353=DIRECTION('ref_axis',(0.,0.,1.));
#10354=DIRECTION('center_axis',(1.,0.,0.));
#10355=DIRECTION('ref_axis',(0.,0.,-1.));
#10356=DIRECTION('',(0.,0.,-1.));
#10357=DIRECTION('center_axis',(-1.,0.,0.));
#10358=DIRECTION('ref_axis',(0.,0.,1.));
#10359=DIRECTION('',(0.,0.,1.));
#10360=DIRECTION('center_axis',(0.,1.,0.));
#10361=DIRECTION('ref_axis',(0.,0.,1.));
#10362=DIRECTION('center_axis',(1.,0.,0.));
#10363=DIRECTION('ref_axis',(0.,0.,-1.));
#10364=DIRECTION('',(0.,0.,-1.));
#10365=DIRECTION('center_axis',(-1.,0.,0.));
#10366=DIRECTION('ref_axis',(0.,0.,1.));
#10367=DIRECTION('',(0.,0.,1.));
#10368=DIRECTION('center_axis',(0.,1.,0.));
#10369=DIRECTION('ref_axis',(0.,0.,1.));
#10370=DIRECTION('center_axis',(1.,0.,0.));
#10371=DIRECTION('ref_axis',(0.,0.,-1.));
#10372=DIRECTION('',(0.,0.,-1.));
#10373=DIRECTION('center_axis',(-1.,0.,0.));
#10374=DIRECTION('ref_axis',(0.,0.,1.));
#10375=DIRECTION('',(0.,0.,1.));
#10376=DIRECTION('center_axis',(0.,1.,0.));
#10377=DIRECTION('ref_axis',(0.,0.,1.));
#10378=DIRECTION('center_axis',(1.,0.,0.));
#10379=DIRECTION('ref_axis',(0.,0.,-1.));
#10380=DIRECTION('',(0.,0.,-1.));
#10381=DIRECTION('center_axis',(-1.,0.,0.));
#10382=DIRECTION('ref_axis',(0.,0.,1.));
#10383=DIRECTION('',(0.,0.,1.));
#10384=DIRECTION('center_axis',(0.,1.,0.));
#10385=DIRECTION('ref_axis',(0.,0.,1.));
#10386=DIRECTION('center_axis',(1.,0.,0.));
#10387=DIRECTION('ref_axis',(0.,0.,-1.));
#10388=DIRECTION('',(0.,0.,-1.));
#10389=DIRECTION('center_axis',(0.,1.,0.));
#10390=DIRECTION('ref_axis',(0.,0.,1.));
#10391=DIRECTION('center_axis',(1.,0.,0.));
#10392=DIRECTION('ref_axis',(0.,0.,-1.));
#10393=DIRECTION('center_axis',(1.,0.,0.));
#10394=DIRECTION('ref_axis',(0.,0.,-1.));
#10395=DIRECTION('center_axis',(1.,0.,0.));
#10396=DIRECTION('ref_axis',(0.,0.,-1.));
#10397=DIRECTION('center_axis',(1.,0.,0.));
#10398=DIRECTION('ref_axis',(0.,0.,-1.));
#10399=DIRECTION('',(0.,0.,-1.));
#10400=DIRECTION('center_axis',(-1.,0.,0.));
#10401=DIRECTION('ref_axis',(0.,0.,1.));
#10402=DIRECTION('',(0.,0.,1.));
#10403=DIRECTION('center_axis',(0.,1.,0.));
#10404=DIRECTION('ref_axis',(0.,0.,1.));
#10405=DIRECTION('center_axis',(1.,0.,0.));
#10406=DIRECTION('ref_axis',(0.,0.,-1.));
#10407=DIRECTION('',(0.,0.,-1.));
#10408=DIRECTION('center_axis',(-1.,0.,0.));
#10409=DIRECTION('ref_axis',(0.,0.,1.));
#10410=DIRECTION('',(0.,0.,1.));
#10411=DIRECTION('center_axis',(0.,1.,0.));
#10412=DIRECTION('ref_axis',(0.,0.,1.));
#10413=DIRECTION('center_axis',(1.,0.,0.));
#10414=DIRECTION('ref_axis',(0.,0.,-1.));
#10415=DIRECTION('',(0.,0.,-1.));
#10416=DIRECTION('center_axis',(-1.,0.,0.));
#10417=DIRECTION('ref_axis',(0.,0.,1.));
#10418=DIRECTION('',(0.,0.,1.));
#10419=DIRECTION('center_axis',(0.,1.,0.));
#10420=DIRECTION('ref_axis',(0.,0.,1.));
#10421=DIRECTION('center_axis',(1.,0.,0.));
#10422=DIRECTION('ref_axis',(0.,0.,-1.));
#10423=DIRECTION('',(0.,0.,-1.));
#10424=DIRECTION('center_axis',(-1.,0.,0.));
#10425=DIRECTION('ref_axis',(0.,0.,1.));
#10426=DIRECTION('',(0.,0.,1.));
#10427=DIRECTION('center_axis',(-1.,0.,0.));
#10428=DIRECTION('ref_axis',(0.,0.,1.));
#10429=DIRECTION('',(0.,0.,1.));
#10430=DIRECTION('center_axis',(0.,1.,0.));
#10431=DIRECTION('ref_axis',(0.,0.,1.));
#10432=DIRECTION('center_axis',(1.,0.,0.));
#10433=DIRECTION('ref_axis',(0.,0.,-1.));
#10434=DIRECTION('',(0.,0.,-1.));
#10435=DIRECTION('center_axis',(0.,1.,0.));
#10436=DIRECTION('ref_axis',(0.,0.,1.));
#10437=DIRECTION('center_axis',(1.,0.,0.));
#10438=DIRECTION('ref_axis',(0.,0.,-1.));
#10439=DIRECTION('',(0.,0.,-1.));
#10440=DIRECTION('center_axis',(-1.,0.,0.));
#10441=DIRECTION('ref_axis',(0.,0.,1.));
#10442=DIRECTION('',(0.,0.,1.));
#10443=DIRECTION('center_axis',(-1.,0.,0.));
#10444=DIRECTION('ref_axis',(0.,0.,1.));
#10445=DIRECTION('',(0.,0.,1.));
#10446=DIRECTION('center_axis',(0.,1.,0.));
#10447=DIRECTION('ref_axis',(0.,0.,1.));
#10448=DIRECTION('center_axis',(1.,0.,0.));
#10449=DIRECTION('ref_axis',(0.,0.,-1.));
#10450=DIRECTION('',(0.,0.,-1.));
#10451=DIRECTION('center_axis',(0.,1.,0.));
#10452=DIRECTION('ref_axis',(0.,0.,1.));
#10453=DIRECTION('center_axis',(1.,0.,0.));
#10454=DIRECTION('ref_axis',(0.,0.,-1.));
#10455=DIRECTION('',(0.,0.,-1.));
#10456=DIRECTION('center_axis',(-1.,0.,0.));
#10457=DIRECTION('ref_axis',(0.,0.,1.));
#10458=DIRECTION('',(0.,0.,1.));
#10459=DIRECTION('center_axis',(-1.,0.,0.));
#10460=DIRECTION('ref_axis',(0.,0.,1.));
#10461=DIRECTION('',(0.,0.,1.));
#10462=DIRECTION('center_axis',(0.,1.,0.));
#10463=DIRECTION('ref_axis',(0.,0.,1.));
#10464=DIRECTION('center_axis',(1.,0.,0.));
#10465=DIRECTION('ref_axis',(0.,0.,-1.));
#10466=DIRECTION('',(0.,0.,-1.));
#10467=DIRECTION('center_axis',(0.,1.,0.));
#10468=DIRECTION('ref_axis',(0.,0.,1.));
#10469=DIRECTION('center_axis',(1.,0.,0.));
#10470=DIRECTION('ref_axis',(0.,0.,-1.));
#10471=DIRECTION('',(0.,0.,-1.));
#10472=DIRECTION('center_axis',(-1.,0.,0.));
#10473=DIRECTION('ref_axis',(0.,0.,1.));
#10474=DIRECTION('',(0.,0.,1.));
#10475=DIRECTION('center_axis',(-1.,0.,0.));
#10476=DIRECTION('ref_axis',(0.,0.,1.));
#10477=DIRECTION('',(0.,0.,1.));
#10478=DIRECTION('center_axis',(0.,1.,0.));
#10479=DIRECTION('ref_axis',(0.,0.,1.));
#10480=DIRECTION('center_axis',(1.,0.,0.));
#10481=DIRECTION('ref_axis',(0.,0.,-1.));
#10482=DIRECTION('',(0.,0.,-1.));
#10483=DIRECTION('center_axis',(0.,1.,0.));
#10484=DIRECTION('ref_axis',(0.,0.,1.));
#10485=CARTESIAN_POINT('',(0.,0.,0.));
#10486=CARTESIAN_POINT('Origin',(90.9999999999995,-1.49999999999947,20.7));
#10487=CARTESIAN_POINT('',(93.3499999999995,-1.49999999999947,20.7));
#10488=CARTESIAN_POINT('Origin',(90.9999999999995,-1.49999999999947,20.7));
#10489=CARTESIAN_POINT('',(93.3499999999995,-1.49999999999947,10.7));
#10490=CARTESIAN_POINT('',(93.3499999999995,-1.49999999999947,20.7));
#10491=CARTESIAN_POINT('Origin',(90.9999999999995,-1.49999999999947,10.7));
#10492=CARTESIAN_POINT('Origin',(47.4999999999996,-29.7499999999994,10.7));
#10493=CARTESIAN_POINT('Origin',(90.4999999999995,-57.9999999999993,20.7));
#10494=CARTESIAN_POINT('',(92.8499999999995,-57.9999999999993,20.7));
#10495=CARTESIAN_POINT('Origin',(90.4999999999995,-57.9999999999993,20.7));
#10496=CARTESIAN_POINT('',(92.8499999999995,-57.9999999999993,10.7));
#10497=CARTESIAN_POINT('',(92.8499999999995,-57.9999999999993,20.7));
#10498=CARTESIAN_POINT('Origin',(90.4999999999995,-57.9999999999993,10.7));
#10499=CARTESIAN_POINT('Origin',(47.4999999999996,-29.7499999999994,10.7));
#10500=CARTESIAN_POINT('Origin',(3.99999999999968,-1.99999999999946,20.7));
#10501=CARTESIAN_POINT('',(6.34999999999968,-1.99999999999946,20.7));
#10502=CARTESIAN_POINT('Origin',(3.99999999999968,-1.99999999999946,20.7));
#10503=CARTESIAN_POINT('',(6.34999999999968,-1.99999999999946,10.7));
#10504=CARTESIAN_POINT('',(6.34999999999968,-1.99999999999946,20.7));
#10505=CARTESIAN_POINT('Origin',(3.99999999999968,-1.99999999999946,10.7));
#10506=CARTESIAN_POINT('Origin',(47.4999999999996,-29.7499999999994,10.7));
#10507=CARTESIAN_POINT('Origin',(4.49999999999969,-57.4999999999993,20.7));
#10508=CARTESIAN_POINT('',(6.84999999999969,-57.4999999999993,20.7));
#10509=CARTESIAN_POINT('Origin',(4.49999999999969,-57.4999999999993,20.7));
#10510=CARTESIAN_POINT('',(6.84999999999969,-57.4999999999993,10.7));
#10511=CARTESIAN_POINT('',(6.84999999999969,-57.4999999999993,20.7));
#10512=CARTESIAN_POINT('Origin',(4.49999999999969,-57.4999999999993,10.7));
#10513=CARTESIAN_POINT('Origin',(47.4999999999996,-29.7499999999994,10.7));
#10514=CARTESIAN_POINT('Origin',(6.94696663393167,-54.1720871354704,0.));
#10515=CARTESIAN_POINT('',(-4.05303336606833,-54.1720871354704,0.));
#10516=CARTESIAN_POINT('',(6.94696663393167,-54.1720871354704,0.));
#10517=CARTESIAN_POINT('',(26.6293775807862,-54.1720871354704,0.));
#10518=CARTESIAN_POINT('',(-4.05303336606833,-54.1720871354704,20.7));
#10519=CARTESIAN_POINT('',(-4.05303336606833,-54.1720871354704,0.));
#10520=CARTESIAN_POINT('',(6.94696663393167,-54.1720871354704,20.7));
#10521=CARTESIAN_POINT('',(6.94696663393167,-54.1720871354704,20.7));
#10522=CARTESIAN_POINT('',(6.94696663393167,-54.1720871354704,0.));
#10523=CARTESIAN_POINT('Origin',(6.94696663393167,-65.1720871354704,0.));
#10524=CARTESIAN_POINT('',(6.94696663393167,-65.1720871354704,0.));
#10525=CARTESIAN_POINT('',(6.94696663393167,-47.5991763872899,0.));
#10526=CARTESIAN_POINT('',(6.94696663393167,-65.1720871354704,20.7));
#10527=CARTESIAN_POINT('',(6.94696663393167,-65.1720871354704,20.7));
#10528=CARTESIAN_POINT('',(6.94696663393167,-65.1720871354704,0.));
#10529=CARTESIAN_POINT('Origin',(1.44696663393167,-59.6720871354704,20.7));
#10530=CARTESIAN_POINT('',(-4.05303336606833,-65.1720871354704,20.7));
#10531=CARTESIAN_POINT('',(-4.05303336606833,-27.2762656391093,20.7));
#10532=CARTESIAN_POINT('',(-1.30303336606833,-65.1720871354704,20.7));
#10533=CARTESIAN_POINT('Origin',(-4.05303336606833,5.11955585725175,0.));
#10534=CARTESIAN_POINT('',(-4.05303336606833,-5.88044414274825,0.));
#10535=CARTESIAN_POINT('',(-4.05303336606833,-12.4533548909288,0.));
#10536=CARTESIAN_POINT('',(-4.05303336606833,-5.88044414274825,20.7));
#10537=CARTESIAN_POINT('',(-4.05303336606833,-5.88044414274825,0.));
#10538=CARTESIAN_POINT('',(-4.05303336606833,5.11955585725175,20.7));
#10539=CARTESIAN_POINT('',(-4.05303336606833,2.36955585725175,20.7));
#10540=CARTESIAN_POINT('',(-4.05303336606833,5.11955585725175,30.9));
#10541=CARTESIAN_POINT('',(-4.05303336606833,5.11955585725175,0.));
#10542=CARTESIAN_POINT('',(-4.05303336606833,-65.1720871354704,30.9));
#10543=CARTESIAN_POINT('',(-4.05303336606833,-12.4533548909288,30.9));
#10544=CARTESIAN_POINT('',(-4.05303336606833,-65.1720871354704,0.));
#10545=CARTESIAN_POINT('Origin',(6.94696663393167,-5.88044414274825,0.));
#10546=CARTESIAN_POINT('',(6.94696663393167,5.11955585725175,0.));
#10547=CARTESIAN_POINT('',(6.94696663393167,-5.88044414274825,0.));
#10548=CARTESIAN_POINT('',(6.94696663393167,-17.9533548909288,0.));
#10549=CARTESIAN_POINT('',(6.94696663393167,5.11955585725175,20.7));
#10550=CARTESIAN_POINT('',(6.94696663393167,5.11955585725175,0.));
#10551=CARTESIAN_POINT('',(6.94696663393167,-5.88044414274825,20.7));
#10552=CARTESIAN_POINT('',(6.94696663393167,5.11955585725175,20.7));
#10553=CARTESIAN_POINT('',(6.94696663393167,-5.88044414274825,0.));
#10554=CARTESIAN_POINT('Origin',(-4.05303336606833,-5.88044414274825,0.));
#10555=CARTESIAN_POINT('',(21.1293775807862,-5.88044414274825,0.));
#10556=CARTESIAN_POINT('',(6.94696663393167,-5.88044414274825,20.7));
#10557=CARTESIAN_POINT('Origin',(1.44696663393167,-0.380444142748246,20.7));
#10558=CARTESIAN_POINT('',(49.0617885276408,5.11955585725175,20.7));
#10559=CARTESIAN_POINT('Origin',(96.6766104213499,5.11955585725175,0.));
#10560=CARTESIAN_POINT('',(85.6766104213499,5.11955585725175,0.));
#10561=CARTESIAN_POINT('',(71.4941994744954,5.11955585725175,0.));
#10562=CARTESIAN_POINT('',(85.6766104213499,5.11955585725175,20.7));
#10563=CARTESIAN_POINT('',(85.6766104213499,5.11955585725175,0.));
#10564=CARTESIAN_POINT('',(96.6766104213499,5.11955585725175,20.7));
#10565=CARTESIAN_POINT('',(93.9266104213499,5.11955585725175,20.7));
#10566=CARTESIAN_POINT('',(96.6766104213499,5.11955585725175,30.9));
#10567=CARTESIAN_POINT('',(96.6766104213499,5.11955585725175,0.));
#10568=CARTESIAN_POINT('',(71.4941994744954,5.11955585725175,30.9));
#10569=CARTESIAN_POINT('',(46.1371777098045,5.11955585725175,14.1731296495064));
#10570=CARTESIAN_POINT('',(46.1371777098046,5.11955585725175,23.6834805658834));
#10571=CARTESIAN_POINT('Origin',(46.1371777098045,5.11955585725175,18.9283051076949));
#10572=CARTESIAN_POINT('',(52.6268267934275,5.11955585725175,23.6834805658834));
#10573=CARTESIAN_POINT('',(74.6517186073887,5.11955585725175,23.6834805658833));
#10574=CARTESIAN_POINT('',(52.6268267934274,5.11955585725175,14.1731296495067));
#10575=CARTESIAN_POINT('Origin',(52.6268267934274,5.11955585725175,18.9283051076951));
#10576=CARTESIAN_POINT('',(71.4068940655769,5.11955585725175,14.1731296495076));
#10577=CARTESIAN_POINT('Origin',(46.3117885276408,-30.0262656391093,0.));
#10578=CARTESIAN_POINT('',(79.4469666339317,-65.1720871354704,0.));
#10579=CARTESIAN_POINT('',(21.1293775807862,-65.1720871354704,0.));
#10580=CARTESIAN_POINT('',(83.3023309199715,-65.1720871354704,0.));
#10581=CARTESIAN_POINT('',(21.1293775807862,-65.1720871354704,0.));
#10582=CARTESIAN_POINT('',(85.6766104213499,-65.1720871354704,0.));
#10583=CARTESIAN_POINT('',(21.1293775807862,-65.1720871354704,0.));
#10584=CARTESIAN_POINT('',(85.6766104213499,-54.1720871354704,0.));
#10585=CARTESIAN_POINT('',(85.6766104213499,-42.0991763872899,0.));
#10586=CARTESIAN_POINT('',(96.6766104213499,-54.1720871354704,0.));
#10587=CARTESIAN_POINT('',(71.4941994744954,-54.1720871354704,0.));
#10588=CARTESIAN_POINT('',(96.6766104213499,-5.88044414274825,0.));
#10589=CARTESIAN_POINT('',(96.6766104213499,-47.5991763872899,0.));
#10590=CARTESIAN_POINT('',(85.6766104213499,-5.88044414274825,0.));
#10591=CARTESIAN_POINT('',(65.9941994744954,-5.88044414274825,0.));
#10592=CARTESIAN_POINT('',(85.6766104213499,-12.4533548909288,0.));
#10593=CARTESIAN_POINT('Origin',(85.6766104213499,-54.1720871354704,0.));
#10594=CARTESIAN_POINT('',(85.6766104213499,-65.1720871354704,20.7));
#10595=CARTESIAN_POINT('',(85.6766104213499,-65.1720871354704,0.));
#10596=CARTESIAN_POINT('',(85.6766104213499,-54.1720871354704,20.7));
#10597=CARTESIAN_POINT('',(85.6766104213499,-65.1720871354704,20.7));
#10598=CARTESIAN_POINT('',(85.6766104213499,-54.1720871354704,0.));
#10599=CARTESIAN_POINT('Origin',(96.6766104213499,-54.1720871354704,0.));
#10600=CARTESIAN_POINT('',(96.6766104213499,-54.1720871354704,20.7));
#10601=CARTESIAN_POINT('',(85.6766104213499,-54.1720871354704,20.7));
#10602=CARTESIAN_POINT('',(96.6766104213499,-54.1720871354704,0.));
#10603=CARTESIAN_POINT('Origin',(91.1766104213499,-59.6720871354704,20.7));
#10604=CARTESIAN_POINT('',(96.6766104213499,-65.1720871354704,20.7));
#10605=CARTESIAN_POINT('',(43.5617885276408,-65.1720871354704,20.7));
#10606=CARTESIAN_POINT('',(96.6766104213499,-62.4220871354704,20.7));
#10607=CARTESIAN_POINT('Origin',(96.6766104213499,-65.1720871354704,0.));
#10608=CARTESIAN_POINT('',(96.6766104213499,-65.1720871354704,30.9));
#10609=CARTESIAN_POINT('',(96.6766104213499,-65.1720871354704,0.));
#10610=CARTESIAN_POINT('',(96.6766104213499,-47.5991763872899,30.9));
#10611=CARTESIAN_POINT('',(96.6766104213499,-5.88044414274825,20.7));
#10612=CARTESIAN_POINT('',(96.6766104213499,-32.7762656391093,20.7));
#10613=CARTESIAN_POINT('',(96.6766104213499,-5.88044414274824,0.));
#10614=CARTESIAN_POINT('Origin',(85.6766104213499,-5.88044414274825,0.));
#10615=CARTESIAN_POINT('',(85.6766104213499,-5.88044414274825,20.7));
#10616=CARTESIAN_POINT('',(85.6766104213499,-5.88044414274825,20.7));
#10617=CARTESIAN_POINT('',(85.6766104213499,-5.88044414274825,0.));
#10618=CARTESIAN_POINT('Origin',(85.6766104213499,5.11955585725175,0.));
#10619=CARTESIAN_POINT('',(85.6766104213499,5.11955585725175,20.7));
#10620=CARTESIAN_POINT('Origin',(91.1766104213499,-0.380444142748246,20.7));
#10621=CARTESIAN_POINT('Origin',(79.4469666339317,-65.1720871354704,30.9));
#10622=CARTESIAN_POINT('',(79.4469666339317,-65.1720871354704,-0.0999999999999934));
#10623=CARTESIAN_POINT('',(79.4469666339317,-65.1720871354704,30.9));
#10624=CARTESIAN_POINT('',(83.3023309199715,-65.1720871354704,-0.0999999999999934));
#10625=CARTESIAN_POINT('',(83.3023309199715,-65.1720871354704,-0.0999999999999934));
#10626=CARTESIAN_POINT('',(83.3023309199715,-65.1720871354704,30.9));
#10627=CARTESIAN_POINT('Origin',(83.3023309199715,-67.1720871354704,30.9));
#10628=CARTESIAN_POINT('',(79.4469666339317,-67.1720871354704,0.));
#10629=CARTESIAN_POINT('',(83.2766104213499,-67.1720871354704,0.));
#10630=CARTESIAN_POINT('',(21.0543775807862,-67.1720871354704,0.));
#10631=CARTESIAN_POINT('',(83.2766104213499,-67.1720871354704,30.9));
#10632=CARTESIAN_POINT('',(83.2766104213499,-67.1720871354704,0.));
#10633=CARTESIAN_POINT('',(83.3023309199715,-67.1720871354704,30.9));
#10634=CARTESIAN_POINT('',(64.8070597238062,-67.1720871354704,30.9));
#10635=CARTESIAN_POINT('',(83.3023309199715,-67.1720871354704,-0.0999999999999934));
#10636=CARTESIAN_POINT('',(83.3023309199715,-67.1720871354704,30.9));
#10637=CARTESIAN_POINT('',(79.4469666339317,-67.1720871354704,-0.0999999999999934));
#10638=CARTESIAN_POINT('',(79.4469666339317,-67.1720871354704,-0.0999999999999934));
#10639=CARTESIAN_POINT('',(79.4469666339317,-67.1720871354704,30.9));
#10640=CARTESIAN_POINT('Origin',(83.3023309199715,-65.1720871354704,30.9));
#10641=CARTESIAN_POINT('',(83.3023309199715,-65.1720871354704,30.9));
#10642=CARTESIAN_POINT('',(83.3023309199715,-47.5991763872899,30.9));
#10643=CARTESIAN_POINT('',(83.3023309199715,-65.1720871354704,15.45));
#10644=CARTESIAN_POINT('',(83.3023309199715,-67.1720871354704,-0.0999999999999934));
#10645=CARTESIAN_POINT('Origin',(81.3746487769516,-66.1720871354704,-0.0999999999999934));
#10646=CARTESIAN_POINT('',(79.4469666339317,-65.1720871354704,-0.0999999999999934));
#10647=CARTESIAN_POINT('Origin',(-4.05303336606833,-65.1720871354704,0.));
#10648=CARTESIAN_POINT('',(21.1293775807862,-65.1720871354704,30.9));
#10649=CARTESIAN_POINT('Origin',(-4.05303336606833,-65.1720871354704,0.));
#10650=CARTESIAN_POINT('',(79.4469666339317,-65.1720871354704,30.9));
#10651=CARTESIAN_POINT('',(21.1293775807862,-65.1720871354704,30.9));
#10652=CARTESIAN_POINT('',(79.4469666339317,-65.1720871354704,15.45));
#10653=CARTESIAN_POINT('Origin',(46.4522948008811,12.1195558572518,14.496794344809));
#10654=CARTESIAN_POINT('',(49.3967392453255,12.1195558572518,23.6834805658834));
#10655=CARTESIAN_POINT('',(47.3967392453255,12.1195558572518,23.6834805658834));
#10656=CARTESIAN_POINT('',(46.2947362553428,12.1195558572518,23.6834805658834));
#10657=CARTESIAN_POINT('',(47.3967392453255,12.1195558572518,30.900001472421));
#10658=CARTESIAN_POINT('',(47.3967392453255,12.1195558572518,4.74839717240448));
#10659=CARTESIAN_POINT('',(49.3967392453255,12.1195558572518,30.900001472421));
#10660=CARTESIAN_POINT('',(74.0711498154485,12.1195558572518,30.900001472421));
#10661=CARTESIAN_POINT('',(49.3967392453255,12.1195558572518,24.2451915172134));
#10662=CARTESIAN_POINT('Origin',(52.1004429490293,10.1195558572518,-5.));
#10663=CARTESIAN_POINT('',(52.1004429490293,12.1195558572518,23.6834805658834));
#10664=CARTESIAN_POINT('',(52.1004429490293,10.1195558572518,23.6834805658834));
#10665=CARTESIAN_POINT('',(52.1004429490293,10.1195558572518,23.6834805658834));
#10666=CARTESIAN_POINT('',(52.1004429490293,10.1195558572518,30.9));
#10667=CARTESIAN_POINT('',(52.1004429490293,10.1195558572518,-2.5));
#10668=CARTESIAN_POINT('',(52.1004429490293,12.1195558572518,30.900001472421));
#10669=CARTESIAN_POINT('',(52.1004429490293,-32.0782878206058,30.900001472421));
#10670=CARTESIAN_POINT('',(52.1004429490293,12.1195558572518,4.74839717240448));
#10671=CARTESIAN_POINT('Origin',(47.3967392453255,10.1195558572518,-5.));
#10672=CARTESIAN_POINT('',(47.3967392453255,10.1195558572518,23.6834805658834));
#10673=CARTESIAN_POINT('',(47.3967392453255,10.1195558572518,23.6834805658834));
#10674=CARTESIAN_POINT('',(47.3967392453255,10.1195558572518,30.9));
#10675=CARTESIAN_POINT('',(47.3967392453255,10.1195558572518,-2.5));
#10676=CARTESIAN_POINT('',(47.3967392453255,-32.0782878206058,30.900001472421));
#10677=CARTESIAN_POINT('Origin',(56.804146652733,10.1195558572518,-5.));
#10678=CARTESIAN_POINT('',(56.804146652733,10.1195558572518,16.6563692742683));
#10679=CARTESIAN_POINT('',(56.804146652733,12.1195558572518,16.6563692742683));
#10680=CARTESIAN_POINT('',(56.804146652733,10.1195558572518,16.6563692742683));
#10681=CARTESIAN_POINT('',(56.804146652733,12.1195558572518,-5.));
#10682=CARTESIAN_POINT('',(56.804146652733,12.1195558572518,4.74839717240448));
#10683=CARTESIAN_POINT('',(56.804146652733,10.1195558572518,-5.));
#10684=CARTESIAN_POINT('',(56.804146652733,10.1195558572518,-5.));
#10685=CARTESIAN_POINT('',(56.804146652733,10.1195558572518,-2.5));
#10686=CARTESIAN_POINT('Origin',(56.804146652733,10.1195558572518,-5.));
#10687=CARTESIAN_POINT('',(56.804146652733,12.1195558572518,21.2002409411218));
#10688=CARTESIAN_POINT('',(56.804146652733,10.1195558572518,21.2002409411218));
#10689=CARTESIAN_POINT('',(56.804146652733,10.1195558572518,21.2002409411218));
#10690=CARTESIAN_POINT('',(56.804146652733,10.1195558572518,30.9));
#10691=CARTESIAN_POINT('',(56.804146652733,10.1195558572518,-2.5));
#10692=CARTESIAN_POINT('',(56.804146652733,12.1195558572518,30.900001472421));
#10693=CARTESIAN_POINT('',(56.804146652733,-32.0782878206058,30.900001472421));
#10694=CARTESIAN_POINT('',(56.804146652733,12.1195558572518,4.74839717240448));
#10695=CARTESIAN_POINT('Origin',(42.6930355416219,10.1195558572518,-5.));
#10696=CARTESIAN_POINT('',(42.6930355416219,10.1195558572518,15.6496501451371));
#10697=CARTESIAN_POINT('',(42.6930355416219,12.1195558572518,15.6496501451371));
#10698=CARTESIAN_POINT('',(42.6930355416219,10.1195558572518,15.6496501451371));
#10699=CARTESIAN_POINT('',(42.6930355416219,12.1195558572518,-5.));
#10700=CARTESIAN_POINT('',(42.6930355416219,12.1195558572518,4.74839717240448));
#10701=CARTESIAN_POINT('',(42.6930355416219,10.1195558572518,-5.));
#10702=CARTESIAN_POINT('',(42.6930355416219,10.1195558572518,-5.));
#10703=CARTESIAN_POINT('',(42.6930355416219,10.1195558572518,-2.5));
#10704=CARTESIAN_POINT('Origin',(42.6930355416219,10.1195558572518,-5.));
#10705=CARTESIAN_POINT('',(42.6930355416219,12.1195558572518,22.2069600702527));
#10706=CARTESIAN_POINT('',(42.6930355416219,10.1195558572518,22.2069600702527));
#10707=CARTESIAN_POINT('',(42.6930355416219,10.1195558572518,22.2069600702527));
#10708=CARTESIAN_POINT('',(42.6930355416219,10.1195558572518,30.9));
#10709=CARTESIAN_POINT('',(42.6930355416219,10.1195558572518,-2.5));
#10710=CARTESIAN_POINT('',(42.6930355416219,12.1195558572518,30.900001472421));
#10711=CARTESIAN_POINT('',(42.6930355416219,-32.0782878206058,30.900001472421));
#10712=CARTESIAN_POINT('',(42.6930355416219,12.1195558572518,4.74839717240448));
#10713=CARTESIAN_POINT('Origin',(46.4522948008811,12.1195558572518,14.496794344809));
#10714=CARTESIAN_POINT('',(44.6930355416218,12.1195558572518,14.3977260016385));
#10715=CARTESIAN_POINT('Origin',(46.1371777098045,12.1195558572518,18.9283051076949));
#10716=CARTESIAN_POINT('',(44.6930355416218,12.1195558572518,-5.));
#10717=CARTESIAN_POINT('',(44.6930355416218,12.1195558572518,24.2451915172134));
#10718=CARTESIAN_POINT('',(45.5726651712515,12.1195558572518,-5.));
#10719=CARTESIAN_POINT('Origin',(44.6930355416218,10.1195558572518,33.9935886896179));
#10720=CARTESIAN_POINT('',(44.6930355416218,10.1195558572518,14.3977260016385));
#10721=CARTESIAN_POINT('',(44.6930355416218,10.1195558572518,14.3977260016385));
#10722=CARTESIAN_POINT('',(44.6930355416218,10.1195558572518,-5.));
#10723=CARTESIAN_POINT('',(44.6930355416218,10.1195558572518,16.996794344809));
#10724=CARTESIAN_POINT('',(44.6930355416218,10.1195558572518,-5.));
#10725=CARTESIAN_POINT('Origin',(54.1004429490292,10.1195558572518,33.9935886896179));
#10726=CARTESIAN_POINT('',(54.1004429490292,12.1195558572518,14.4072268000226));
#10727=CARTESIAN_POINT('',(54.1004429490292,10.1195558572518,14.4072268000226));
#10728=CARTESIAN_POINT('',(54.1004429490292,10.1195558572518,14.4072268000226));
#10729=CARTESIAN_POINT('',(54.1004429490292,10.1195558572518,-5.));
#10730=CARTESIAN_POINT('',(54.1004429490292,10.1195558572518,16.996794344809));
#10731=CARTESIAN_POINT('',(54.1004429490292,12.1195558572518,-5.));
#10732=CARTESIAN_POINT('',(54.1004429490292,10.1195558572518,-5.));
#10733=CARTESIAN_POINT('',(54.1004429490292,12.1195558572518,24.2451915172134));
#10734=CARTESIAN_POINT('Origin',(47.3967392453255,10.1195558572518,-5.));
#10735=CARTESIAN_POINT('',(47.3967392453255,10.1195558572518,14.1731296495064));
#10736=CARTESIAN_POINT('',(47.3967392453255,12.1195558572518,14.1731296495064));
#10737=CARTESIAN_POINT('',(47.3967392453255,10.1195558572518,14.1731296495064));
#10738=CARTESIAN_POINT('',(47.3967392453255,12.1195558572518,-5.));
#10739=CARTESIAN_POINT('',(47.3967392453255,12.1195558572518,4.74839717240448));
#10740=CARTESIAN_POINT('',(47.3967392453255,10.1195558572518,-5.));
#10741=CARTESIAN_POINT('',(47.3967392453255,10.1195558572518,-5.));
#10742=CARTESIAN_POINT('',(47.3967392453255,10.1195558572518,-2.5));
#10743=CARTESIAN_POINT('Origin',(46.4522948008811,12.1195558572518,14.496794344809));
#10744=CARTESIAN_POINT('',(44.6930355416218,12.1195558572518,23.4588842137514));
#10745=CARTESIAN_POINT('Origin',(46.1371777098045,12.1195558572518,18.9283051076949));
#10746=CARTESIAN_POINT('',(44.6930355416218,12.1195558572518,30.900001472421));
#10747=CARTESIAN_POINT('',(74.0711498154485,12.1195558572518,30.900001472421));
#10748=CARTESIAN_POINT('',(44.6930355416218,12.1195558572518,24.2451915172134));
#10749=CARTESIAN_POINT('Origin',(46.4522948008811,12.1195558572518,14.496794344809));
#10750=CARTESIAN_POINT('',(52.6268267934274,12.1195558572518,14.1731296495067));
#10751=CARTESIAN_POINT('Origin',(52.6268267934274,12.1195558572518,18.9283051076951));
#10752=CARTESIAN_POINT('',(52.1004429490293,12.1195558572518,-5.));
#10753=CARTESIAN_POINT('',(50.2763688749552,12.1195558572518,-5.));
#10754=CARTESIAN_POINT('',(52.1004429490293,12.1195558572518,14.1731296495067));
#10755=CARTESIAN_POINT('',(52.1004429490293,12.1195558572518,4.74839717240448));
#10756=CARTESIAN_POINT('',(49.5395607971542,12.1195558572518,14.1731296495065));
#10757=CARTESIAN_POINT('Origin',(46.4522948008811,12.1195558572518,14.496794344809));
#10758=CARTESIAN_POINT('',(52.6268267934275,12.1195558572518,23.6834805658834));
#10759=CARTESIAN_POINT('',(46.2947362553428,12.1195558572518,23.6834805658834));
#10760=CARTESIAN_POINT('',(54.1004429490292,12.1195558572518,30.900001472421));
#10761=CARTESIAN_POINT('',(74.0711498154485,12.1195558572518,30.900001472421));
#10762=CARTESIAN_POINT('',(54.1004429490292,12.1195558572518,23.4493834153675));
#10763=CARTESIAN_POINT('',(54.1004429490292,12.1195558572518,24.2451915172134));
#10764=CARTESIAN_POINT('Origin',(52.6268267934274,12.1195558572518,18.9283051076951));
#10765=CARTESIAN_POINT('Origin',(52.1004429490293,10.1195558572518,-5.));
#10766=CARTESIAN_POINT('',(52.1004429490293,10.1195558572518,14.1731296495067));
#10767=CARTESIAN_POINT('',(52.1004429490293,10.1195558572518,14.1731296495067));
#10768=CARTESIAN_POINT('',(52.1004429490293,10.1195558572518,-5.));
#10769=CARTESIAN_POINT('',(52.1004429490293,10.1195558572518,-5.));
#10770=CARTESIAN_POINT('',(52.1004429490293,10.1195558572518,-2.5));
#10771=CARTESIAN_POINT('Origin',(46.4522948008811,12.1195558572518,14.496794344809));
#10772=CARTESIAN_POINT('',(49.3967392453255,12.1195558572518,14.1731296495065));
#10773=CARTESIAN_POINT('',(49.5395607971542,12.1195558572518,14.1731296495065));
#10774=CARTESIAN_POINT('',(49.3967392453255,12.1195558572518,-5.));
#10775=CARTESIAN_POINT('',(49.3967392453255,12.1195558572518,24.2451915172134));
#10776=CARTESIAN_POINT('',(47.9245170231033,12.1195558572518,-5.));
#10777=CARTESIAN_POINT('Origin',(49.3967392453255,10.1195558572518,33.9935886896179));
#10778=CARTESIAN_POINT('',(49.3967392453255,10.1195558572518,14.1731296495065));
#10779=CARTESIAN_POINT('',(49.3967392453255,10.1195558572518,14.1731296495065));
#10780=CARTESIAN_POINT('',(49.3967392453255,10.1195558572518,-5.));
#10781=CARTESIAN_POINT('',(49.3967392453255,10.1195558572518,16.996794344809));
#10782=CARTESIAN_POINT('',(49.3967392453255,10.1195558572518,-5.));
#10783=CARTESIAN_POINT('Origin',(46.1371777098045,10.1195558572518,18.9283051076949));
#10784=CARTESIAN_POINT('',(46.1371777098046,10.1195558572518,23.6834805658834));
#10785=CARTESIAN_POINT('',(44.6930355416218,10.1195558572518,23.4588842137514));
#10786=CARTESIAN_POINT('Origin',(46.1371777098045,10.1195558572518,18.9283051076949));
#10787=CARTESIAN_POINT('',(46.1371777098046,10.1195558572518,23.6834805658834));
#10788=CARTESIAN_POINT('',(46.1371777098045,10.1195558572518,14.1731296495064));
#10789=CARTESIAN_POINT('',(46.1371777098045,10.1195558572518,14.1731296495064));
#10790=CARTESIAN_POINT('Origin',(46.1371777098045,10.1195558572518,18.9283051076949));
#10791=CARTESIAN_POINT('Origin',(46.1371777098045,10.1195558572518,18.9283051076949));
#10792=CARTESIAN_POINT('',(44.6930355416218,10.1195558572518,23.4588842137514));
#10793=CARTESIAN_POINT('Origin',(52.6268267934275,10.1195558572518,23.6834805658834));
#10794=CARTESIAN_POINT('',(52.6268267934275,10.1195558572518,23.6834805658834));
#10795=CARTESIAN_POINT('',(74.6517186073887,10.1195558572518,23.6834805658833));
#10796=CARTESIAN_POINT('',(49.3967392453255,10.1195558572518,23.6834805658834));
#10797=CARTESIAN_POINT('',(49.3967392453255,10.1195558572518,23.6834805658834));
#10798=CARTESIAN_POINT('',(74.6517186073887,10.1195558572518,23.6834805658833));
#10799=CARTESIAN_POINT('Origin',(52.6268267934274,10.1195558572518,18.9283051076951));
#10800=CARTESIAN_POINT('',(52.6268267934274,10.1195558572518,14.1731296495067));
#10801=CARTESIAN_POINT('',(54.1004429490292,10.1195558572518,23.4493834153675));
#10802=CARTESIAN_POINT('',(54.1004429490292,10.1195558572518,23.4493834153675));
#10803=CARTESIAN_POINT('Origin',(52.6268267934274,10.1195558572518,18.9283051076951));
#10804=CARTESIAN_POINT('Origin',(52.6268267934274,12.1195558572518,18.9283051076951));
#10805=CARTESIAN_POINT('Origin',(52.6268267934274,10.1195558572518,18.9283051076951));
#10806=CARTESIAN_POINT('Origin',(46.1371777098045,10.1195558572518,14.1731296495064));
#10807=CARTESIAN_POINT('',(71.4068940655769,10.1195558572518,14.1731296495076));
#10808=CARTESIAN_POINT('',(71.4068940655769,10.1195558572518,14.1731296495076));
#10809=CARTESIAN_POINT('Origin',(102.17661042135,-74.7761314984633,31.));
#10810=CARTESIAN_POINT('',(102.17661042135,10.1195558572518,30.9));
#10811=CARTESIAN_POINT('',(102.17661042135,10.1195558572518,33.9935886896179));
#10812=CARTESIAN_POINT('',(102.17661042135,10.1195558572518,15.5));
#10813=CARTESIAN_POINT('',(102.17661042135,-74.2761314984633,30.9));
#10814=CARTESIAN_POINT('',(102.17661042135,10.6195558572518,30.9));
#10815=CARTESIAN_POINT('',(102.17661042135,-74.2761314984633,33.9935886896179));
#10816=CARTESIAN_POINT('',(102.17661042135,-74.2761314984633,15.5));
#10817=CARTESIAN_POINT('',(102.17661042135,-74.2761314984633,33.9935886896179));
#10818=CARTESIAN_POINT('Origin',(-9.55303336606833,10.6195558572518,31.));
#10819=CARTESIAN_POINT('',(-9.55303336606833,10.1195558572518,33.9935886896179));
#10820=CARTESIAN_POINT('',(-9.55303336606833,10.1195558572518,30.9));
#10821=CARTESIAN_POINT('',(-9.55303336606834,10.1195558572518,15.5));
#10822=CARTESIAN_POINT('',(-9.55303336606834,-74.2761314984633,33.9935886896179));
#10823=CARTESIAN_POINT('',(-9.55303336606834,-74.2761314984633,33.9935886896179));
#10824=CARTESIAN_POINT('',(-9.55303336606834,-74.2761314984633,30.9));
#10825=CARTESIAN_POINT('',(-9.55303336606834,-74.2761314984633,15.5));
#10826=CARTESIAN_POINT('',(-9.55303336606834,-74.7761314984633,30.9));
#10827=CARTESIAN_POINT('Origin',(98.6235771446886,-69.0000010281802,31.));
#10828=CARTESIAN_POINT('',(100.923577144689,-69.0000010281802,30.9));
#10829=CARTESIAN_POINT('Origin',(98.6235771446886,-69.0000010281802,30.9));
#10830=CARTESIAN_POINT('',(100.923577144689,-69.0000010281802,24.));
#10831=CARTESIAN_POINT('',(100.923577144689,-69.0000010281802,31.));
#10832=CARTESIAN_POINT('Origin',(98.6235771446886,-69.0000010281802,24.));
#10833=CARTESIAN_POINT('Origin',(98.6235771446886,-69.0000010281802,24.));
#10834=CARTESIAN_POINT('Origin',(-6.00000008940697,-69.0000010281802,31.));
#10835=CARTESIAN_POINT('',(-3.70000008940697,-69.0000010281802,30.9));
#10836=CARTESIAN_POINT('Origin',(-6.00000008940697,-69.0000010281802,30.9));
#10837=CARTESIAN_POINT('',(-3.70000008940697,-69.0000010281802,24.));
#10838=CARTESIAN_POINT('',(-3.70000008940697,-69.0000010281802,31.));
#10839=CARTESIAN_POINT('Origin',(-6.00000008940697,-69.0000010281802,24.));
#10840=CARTESIAN_POINT('Origin',(-6.00000008940697,-69.0000010281802,24.));
#10841=CARTESIAN_POINT('Origin',(98.7820634307074,7.19466964425778,31.));
#10842=CARTESIAN_POINT('',(101.082063430707,7.19466964425778,30.9));
#10843=CARTESIAN_POINT('Origin',(98.7820634307074,7.19466964425778,30.9));
#10844=CARTESIAN_POINT('',(101.082063430707,7.19466964425778,24.));
#10845=CARTESIAN_POINT('',(101.082063430707,7.19466964425778,31.));
#10846=CARTESIAN_POINT('Origin',(98.7820634307074,7.19466964425778,24.));
#10847=CARTESIAN_POINT('Origin',(98.7820634307074,7.19466964425778,24.));
#10848=CARTESIAN_POINT('Origin',(-6.15848637542575,7.19466964425778,31.));
#10849=CARTESIAN_POINT('',(-3.85848637542575,7.19466964425778,30.9));
#10850=CARTESIAN_POINT('Origin',(-6.15848637542575,7.19466964425778,30.9));
#10851=CARTESIAN_POINT('',(-3.85848637542575,7.19466964425778,24.));
#10852=CARTESIAN_POINT('',(-3.85848637542575,7.19466964425778,31.));
#10853=CARTESIAN_POINT('Origin',(-6.15848637542575,7.19466964425778,24.));
#10854=CARTESIAN_POINT('Origin',(-6.15848637542575,7.19466964425778,24.));
#10855=CARTESIAN_POINT('Origin',(9.04696663393167,-72.2761314984633,0.));
#10856=CARTESIAN_POINT('',(9.04696663393167,-68.2720871354704,30.9));
#10857=CARTESIAN_POINT('',(9.04696663393167,-72.2742530194751,30.9));
#10858=CARTESIAN_POINT('',(9.04696663393167,-51.1511985687863,30.9));
#10859=CARTESIAN_POINT('',(9.04696663393167,-72.2742530194751,0.));
#10860=CARTESIAN_POINT('',(9.04696663393167,-72.2742530194751,0.));
#10861=CARTESIAN_POINT('',(9.04696663393167,-68.2720871354704,0.));
#10862=CARTESIAN_POINT('',(9.04696663393167,-71.0001204077151,0.));
#10863=CARTESIAN_POINT('',(9.04696663393167,-68.2720871354704,0.));
#10864=CARTESIAN_POINT('Origin',(83.2766104213499,-72.2742530194751,0.));
#10865=CARTESIAN_POINT('',(83.2766104213499,-72.2742530194751,30.9));
#10866=CARTESIAN_POINT('',(64.7941994744954,-72.2742530194751,30.9));
#10867=CARTESIAN_POINT('',(83.2766104213499,-72.2742530194751,0.));
#10868=CARTESIAN_POINT('',(83.2766104213499,-72.2742530194751,0.));
#10869=CARTESIAN_POINT('',(64.7191994744954,-72.2742530194751,0.));
#10870=CARTESIAN_POINT('',(79.3414242832687,-72.2742530194751,1.77873667411525));
#10871=CARTESIAN_POINT('',(79.3414242832687,-72.2742530194751,19.7787366741153));
#10872=CARTESIAN_POINT('',(79.3414242832687,-72.2742530194751,9.88936833705763));
#10873=CARTESIAN_POINT('',(16.6914242832687,-72.2742530194751,19.7787366741153));
#10874=CARTESIAN_POINT('',(49.9840173523093,-72.2742530194751,19.7787366741153));
#10875=CARTESIAN_POINT('',(16.6914242832687,-72.2742530194751,1.77873667411525));
#10876=CARTESIAN_POINT('',(16.6914242832687,-72.2742530194751,0.889368337057627));
#10877=CARTESIAN_POINT('',(81.3090173523093,-72.2742530194751,1.77873667411525));
#10878=CARTESIAN_POINT('Origin',(16.6914242832687,-74.2761314984633,1.77873667411525));
#10879=CARTESIAN_POINT('',(16.6914242832687,-74.2761314984633,19.7787366741153));
#10880=CARTESIAN_POINT('',(16.6914242832687,-74.2761314984633,19.7787366741153));
#10881=CARTESIAN_POINT('',(16.6914242832687,-74.2761314984633,1.77873667411525));
#10882=CARTESIAN_POINT('',(16.6914242832687,-74.2761314984633,0.889368337057627));
#10883=CARTESIAN_POINT('',(16.6914242832687,-74.2761314984633,1.77873667411525));
#10884=CARTESIAN_POINT('Origin',(79.3414242832687,-74.2761314984633,19.7787366741153));
#10885=CARTESIAN_POINT('',(79.3414242832687,-74.2761314984633,1.77873667411525));
#10886=CARTESIAN_POINT('',(79.3414242832687,-74.2761314984633,1.77873667411525));
#10887=CARTESIAN_POINT('',(79.3414242832687,-74.2761314984633,19.7787366741153));
#10888=CARTESIAN_POINT('',(79.3414242832687,-74.2761314984633,9.88936833705763));
#10889=CARTESIAN_POINT('',(79.3414242832687,-74.2761314984633,19.7787366741153));
#10890=CARTESIAN_POINT('Origin',(46.1617885276408,-69.7241093169669,0.));
#10891=CARTESIAN_POINT('',(83.2766104213499,-72.2761314984633,0.));
#10892=CARTESIAN_POINT('',(79.4469666339317,-68.2720871354704,0.));
#10893=CARTESIAN_POINT('',(79.4469666339317,-68.9980982262186,0.));
#10894=CARTESIAN_POINT('',(27.6043775807862,-68.2720871354704,0.));
#10895=CARTESIAN_POINT('Origin',(83.2766104213499,-67.1720871354704,0.));
#10896=CARTESIAN_POINT('',(83.2766104213499,-48.5991763872899,30.9));
#10897=CARTESIAN_POINT('Origin',(46.3117885276408,-30.0262656391093,-5.));
#10898=CARTESIAN_POINT('',(16.4708133193996,-74.2761314984633,-5.));
#10899=CARTESIAN_POINT('',(19.1745170231033,-74.2761314984633,-5.));
#10900=CARTESIAN_POINT('',(83.2766104213499,-74.2761314984633,-5.));
#10901=CARTESIAN_POINT('',(16.4708133193996,-76.2761314984633,-5.));
#10902=CARTESIAN_POINT('',(16.4708133193996,-74.2761314984633,-5.));
#10903=CARTESIAN_POINT('',(14.4708133193996,-76.2761314984633,-5.));
#10904=CARTESIAN_POINT('',(-9.05303336606833,-76.2761314984633,-5.));
#10905=CARTESIAN_POINT('',(14.4708133193996,-74.2761314984633,-5.));
#10906=CARTESIAN_POINT('',(14.4708133193996,-74.2761314984633,-5.));
#10907=CARTESIAN_POINT('',(11.7671096156959,-74.2761314984633,-5.));
#10908=CARTESIAN_POINT('',(83.2766104213499,-74.2761314984633,-5.));
#10909=CARTESIAN_POINT('',(11.7671096156959,-73.2761314984633,-5.));
#10910=CARTESIAN_POINT('',(11.7671096156959,-52.1511985687863,-5.));
#10911=CARTESIAN_POINT('',(9.76710961569593,-73.2761314984633,-5.));
#10912=CARTESIAN_POINT('',(28.5394490716684,-73.2761314984633,-5.));
#10913=CARTESIAN_POINT('',(9.76710961569593,-74.2761314984633,-5.));
#10914=CARTESIAN_POINT('',(9.76710961569593,-52.1511985687863,-5.));
#10915=CARTESIAN_POINT('',(7.06340591199223,-74.2761314984633,-5.));
#10916=CARTESIAN_POINT('',(83.2766104213499,-74.2761314984633,-5.));
#10917=CARTESIAN_POINT('',(7.06340591199223,-73.2761314984633,-5.));
#10918=CARTESIAN_POINT('',(7.06340591199223,-52.1511985687863,-5.));
#10919=CARTESIAN_POINT('',(5.06340591199223,-73.2761314984633,-5.));
#10920=CARTESIAN_POINT('',(26.1875972198165,-73.2761314984633,-5.));
#10921=CARTESIAN_POINT('',(5.06340591199223,-74.2761314984633,-5.));
#10922=CARTESIAN_POINT('',(5.06340591199223,-52.1511985687863,-5.));
#10923=CARTESIAN_POINT('',(2.35970220828852,-74.2761314984633,-5.));
#10924=CARTESIAN_POINT('',(83.2766104213499,-74.2761314984633,-5.));
#10925=CARTESIAN_POINT('',(2.35970220828852,-73.2761314984633,-5.));
#10926=CARTESIAN_POINT('',(2.35970220828852,-52.1511985687863,-5.));
#10927=CARTESIAN_POINT('',(0.359702208288525,-73.2761314984633,-5.));
#10928=CARTESIAN_POINT('',(23.8357453679647,-73.2761314984633,-5.));
#10929=CARTESIAN_POINT('',(0.359702208288528,-74.2761314984633,-5.));
#10930=CARTESIAN_POINT('',(0.359702208288528,-52.1511985687863,-5.));
#10931=CARTESIAN_POINT('',(-2.34400149541518,-74.2761314984633,-5.));
#10932=CARTESIAN_POINT('',(83.2766104213499,-74.2761314984633,-5.));
#10933=CARTESIAN_POINT('',(-2.34400149541518,-73.2761314984633,-5.));
#10934=CARTESIAN_POINT('',(-2.34400149541518,-52.1511985687863,-5.));
#10935=CARTESIAN_POINT('',(-4.34400149541518,-73.2761314984633,-5.));
#10936=CARTESIAN_POINT('',(21.4838935161128,-73.2761314984633,-5.));
#10937=CARTESIAN_POINT('',(-4.34400149541517,-74.2761314984633,-5.));
#10938=CARTESIAN_POINT('',(-4.34400149541518,-52.1511985687863,-5.));
#10939=CARTESIAN_POINT('',(-7.04770519911888,-74.2761314984633,-5.));
#10940=CARTESIAN_POINT('',(83.2766104213499,-74.2761314984633,-5.));
#10941=CARTESIAN_POINT('',(-7.04770519911888,-73.2761314984633,-5.));
#10942=CARTESIAN_POINT('',(-7.04770519911888,-52.1511985687863,-5.));
#10943=CARTESIAN_POINT('',(-9.04770519911888,-73.2761314984633,-5.));
#10944=CARTESIAN_POINT('',(19.132041664261,-73.2761314984633,-5.));
#10945=CARTESIAN_POINT('',(-9.04770519911889,-74.2761314984633,-5.));
#10946=CARTESIAN_POINT('',(-9.04770519911888,-52.1511985687863,-5.));
#10947=CARTESIAN_POINT('',(-9.05303336606833,-74.2761314984634,-5.));
#10948=CARTESIAN_POINT('',(83.2766104213499,-74.2761314984633,-5.));
#10949=CARTESIAN_POINT('',(-9.05303336606833,10.1195558572518,-5.));
#10950=CARTESIAN_POINT('',(-9.05303336606833,-72.2761314984634,-5.));
#10951=CARTESIAN_POINT('',(-9.04770519911888,10.1195558572518,-5.));
#10952=CARTESIAN_POINT('',(21.1293775807862,10.1195558572518,-5.));
#10953=CARTESIAN_POINT('',(-9.04770519911888,12.1195558572518,-5.));
#10954=CARTESIAN_POINT('',(-9.04770519911888,10.1195558572518,-5.));
#10955=CARTESIAN_POINT('',(-7.04770519911888,12.1195558572518,-5.));
#10956=CARTESIAN_POINT('',(19.7022948008811,12.1195558572518,-5.));
#10957=CARTESIAN_POINT('',(-7.04770519911888,10.1195558572518,-5.));
#10958=CARTESIAN_POINT('',(-7.04770519911888,10.1195558572518,-5.));
#10959=CARTESIAN_POINT('',(-4.34400149541518,10.1195558572518,-5.));
#10960=CARTESIAN_POINT('',(21.1293775807862,10.1195558572518,-5.));
#10961=CARTESIAN_POINT('',(-4.34400149541518,12.1195558572518,-5.));
#10962=CARTESIAN_POINT('',(-4.34400149541518,10.1195558572518,-5.));
#10963=CARTESIAN_POINT('',(-2.34400149541518,12.1195558572518,-5.));
#10964=CARTESIAN_POINT('',(22.054146652733,12.1195558572518,-5.));
#10965=CARTESIAN_POINT('',(-2.34400149541518,10.1195558572518,-5.));
#10966=CARTESIAN_POINT('',(-2.34400149541518,10.1195558572518,-5.));
#10967=CARTESIAN_POINT('',(0.359702208288525,10.1195558572518,-5.));
#10968=CARTESIAN_POINT('',(21.1293775807862,10.1195558572518,-5.));
#10969=CARTESIAN_POINT('',(0.359702208288525,12.1195558572518,-5.));
#10970=CARTESIAN_POINT('',(0.359702208288525,10.1195558572518,-5.));
#10971=CARTESIAN_POINT('',(2.35970220828852,12.1195558572518,-5.));
#10972=CARTESIAN_POINT('',(24.4059985045848,12.1195558572518,-5.));
#10973=CARTESIAN_POINT('',(2.35970220828852,10.1195558572518,-5.));
#10974=CARTESIAN_POINT('',(2.35970220828852,10.1195558572518,-5.));
#10975=CARTESIAN_POINT('',(5.06340591199223,10.1195558572518,-5.));
#10976=CARTESIAN_POINT('',(21.1293775807862,10.1195558572518,-5.));
#10977=CARTESIAN_POINT('',(5.06340591199223,12.1195558572518,-5.));
#10978=CARTESIAN_POINT('',(5.06340591199223,10.1195558572518,-5.));
#10979=CARTESIAN_POINT('',(7.06340591199223,12.1195558572518,-5.));
#10980=CARTESIAN_POINT('',(26.7578503564367,12.1195558572518,-5.));
#10981=CARTESIAN_POINT('',(7.06340591199223,10.1195558572518,-5.));
#10982=CARTESIAN_POINT('',(7.06340591199223,10.1195558572518,-5.));
#10983=CARTESIAN_POINT('',(9.76710961569593,10.1195558572518,-5.));
#10984=CARTESIAN_POINT('',(21.1293775807862,10.1195558572518,-5.));
#10985=CARTESIAN_POINT('',(9.76710961569593,12.1195558572518,-5.));
#10986=CARTESIAN_POINT('',(9.76710961569593,10.1195558572518,-5.));
#10987=CARTESIAN_POINT('',(11.7671096156959,12.1195558572518,-5.));
#10988=CARTESIAN_POINT('',(29.1097022082885,12.1195558572518,-5.));
#10989=CARTESIAN_POINT('',(11.7671096156959,10.1195558572518,-5.));
#10990=CARTESIAN_POINT('',(11.7671096156959,10.1195558572518,-5.));
#10991=CARTESIAN_POINT('',(14.4708133193996,10.1195558572518,-5.));
#10992=CARTESIAN_POINT('',(21.1293775807862,10.1195558572518,-5.));
#10993=CARTESIAN_POINT('',(14.4708133193996,12.1195558572518,-5.));
#10994=CARTESIAN_POINT('',(14.4708133193996,10.1195558572518,-5.));
#10995=CARTESIAN_POINT('',(16.4708133193996,12.1195558572518,-5.));
#10996=CARTESIAN_POINT('',(31.4615540601404,12.1195558572518,-5.));
#10997=CARTESIAN_POINT('',(16.4708133193996,10.1195558572518,-5.));
#10998=CARTESIAN_POINT('',(16.4708133193996,10.1195558572518,-5.));
#10999=CARTESIAN_POINT('',(19.1745170231033,10.1195558572518,-5.));
#11000=CARTESIAN_POINT('',(21.1293775807862,10.1195558572518,-5.));
#11001=CARTESIAN_POINT('',(19.1745170231033,12.1195558572518,-5.));
#11002=CARTESIAN_POINT('',(19.1745170231033,10.1195558572518,-5.));
#11003=CARTESIAN_POINT('',(21.1745170231033,12.1195558572518,-5.));
#11004=CARTESIAN_POINT('',(33.8134059119922,12.1195558572518,-5.));
#11005=CARTESIAN_POINT('',(21.1745170231033,10.1195558572518,-5.));
#11006=CARTESIAN_POINT('',(21.1745170231033,10.1195558572518,-5.));
#11007=CARTESIAN_POINT('',(23.878220726807,10.1195558572518,-5.));
#11008=CARTESIAN_POINT('',(21.1293775807862,10.1195558572518,-5.));
#11009=CARTESIAN_POINT('',(23.878220726807,12.1195558572518,-5.));
#11010=CARTESIAN_POINT('',(23.878220726807,10.1195558572518,-5.));
#11011=CARTESIAN_POINT('',(25.878220726807,12.1195558572518,-5.));
#11012=CARTESIAN_POINT('',(36.1652577638441,12.1195558572518,-5.));
#11013=CARTESIAN_POINT('',(25.878220726807,10.1195558572518,-5.));
#11014=CARTESIAN_POINT('',(25.878220726807,10.1195558572518,-5.));
#11015=CARTESIAN_POINT('',(28.5819244305107,10.1195558572518,-5.));
#11016=CARTESIAN_POINT('',(21.1293775807862,10.1195558572518,-5.));
#11017=CARTESIAN_POINT('',(28.5819244305107,12.1195558572518,-5.));
#11018=CARTESIAN_POINT('',(28.5819244305107,10.1195558572518,-5.));
#11019=CARTESIAN_POINT('',(30.5819244305107,12.1195558572518,-5.));
#11020=CARTESIAN_POINT('',(38.5171096156959,12.1195558572518,-5.));
#11021=CARTESIAN_POINT('',(30.5819244305107,10.1195558572518,-5.));
#11022=CARTESIAN_POINT('',(30.5819244305107,10.1195558572518,-5.));
#11023=CARTESIAN_POINT('',(33.2856281342144,10.1195558572518,-5.));
#11024=CARTESIAN_POINT('',(21.1293775807862,10.1195558572518,-5.));
#11025=CARTESIAN_POINT('',(33.2856281342144,12.1195558572518,-5.));
#11026=CARTESIAN_POINT('',(33.2856281342144,10.1195558572518,-5.));
#11027=CARTESIAN_POINT('',(35.2856281342144,12.1195558572518,-5.));
#11028=CARTESIAN_POINT('',(40.8689614675478,12.1195558572518,-5.));
#11029=CARTESIAN_POINT('',(35.2856281342144,10.1195558572518,-5.));
#11030=CARTESIAN_POINT('',(35.2856281342144,10.1195558572518,-5.));
#11031=CARTESIAN_POINT('',(37.9893318379181,10.1195558572518,-5.));
#11032=CARTESIAN_POINT('',(21.1293775807862,10.1195558572518,-5.));
#11033=CARTESIAN_POINT('',(37.9893318379181,12.1195558572518,-5.));
#11034=CARTESIAN_POINT('',(37.9893318379181,10.1195558572518,-5.));
#11035=CARTESIAN_POINT('',(39.9893318379181,12.1195558572518,-5.));
#11036=CARTESIAN_POINT('',(43.2208133193996,12.1195558572518,-5.));
#11037=CARTESIAN_POINT('',(39.9893318379181,10.1195558572518,-5.));
#11038=CARTESIAN_POINT('',(39.9893318379181,10.1195558572518,-5.));
#11039=CARTESIAN_POINT('',(21.1293775807862,10.1195558572518,-5.));
#11040=CARTESIAN_POINT('',(21.1293775807862,10.1195558572518,-5.));
#11041=CARTESIAN_POINT('',(21.1293775807862,10.1195558572518,-5.));
#11042=CARTESIAN_POINT('',(21.1293775807862,10.1195558572518,-5.));
#11043=CARTESIAN_POINT('',(58.804146652733,12.1195558572518,-5.));
#11044=CARTESIAN_POINT('',(52.628220726807,12.1195558572518,-5.));
#11045=CARTESIAN_POINT('',(58.804146652733,10.1195558572518,-5.));
#11046=CARTESIAN_POINT('',(58.804146652733,10.1195558572518,-5.));
#11047=CARTESIAN_POINT('',(61.5078503564367,10.1195558572518,-5.));
#11048=CARTESIAN_POINT('',(21.1293775807862,10.1195558572518,-5.));
#11049=CARTESIAN_POINT('',(61.5078503564367,12.1195558572518,-5.));
#11050=CARTESIAN_POINT('',(61.5078503564367,10.1195558572518,-5.));
#11051=CARTESIAN_POINT('',(63.5078503564367,12.1195558572518,-5.));
#11052=CARTESIAN_POINT('',(54.9800725786589,12.1195558572518,-5.));
#11053=CARTESIAN_POINT('',(63.5078503564367,10.1195558572518,-5.));
#11054=CARTESIAN_POINT('',(63.5078503564367,10.1195558572518,-5.));
#11055=CARTESIAN_POINT('',(66.2115540601404,10.1195558572518,-5.));
#11056=CARTESIAN_POINT('',(21.1293775807862,10.1195558572518,-5.));
#11057=CARTESIAN_POINT('',(66.2115540601404,12.1195558572518,-5.));
#11058=CARTESIAN_POINT('',(66.2115540601404,10.1195558572518,-5.));
#11059=CARTESIAN_POINT('',(68.2115540601404,12.1195558572518,-5.));
#11060=CARTESIAN_POINT('',(57.3319244305107,12.1195558572518,-5.));
#11061=CARTESIAN_POINT('',(68.2115540601404,10.1195558572518,-5.));
#11062=CARTESIAN_POINT('',(68.2115540601404,10.1195558572518,-5.));
#11063=CARTESIAN_POINT('',(70.9152577638441,10.1195558572518,-5.));
#11064=CARTESIAN_POINT('',(21.1293775807862,10.1195558572518,-5.));
#11065=CARTESIAN_POINT('',(70.9152577638441,12.1195558572518,-5.));
#11066=CARTESIAN_POINT('',(70.9152577638441,10.1195558572518,-5.));
#11067=CARTESIAN_POINT('',(72.9152577638441,12.1195558572518,-5.));
#11068=CARTESIAN_POINT('',(59.6837762823626,12.1195558572518,-5.));
#11069=CARTESIAN_POINT('',(72.9152577638441,10.1195558572518,-5.));
#11070=CARTESIAN_POINT('',(72.9152577638441,10.1195558572518,-5.));
#11071=CARTESIAN_POINT('',(75.6189614675477,10.1195558572518,-5.));
#11072=CARTESIAN_POINT('',(21.1293775807862,10.1195558572518,-5.));
#11073=CARTESIAN_POINT('',(75.6189614675477,12.1195558572518,-5.));
#11074=CARTESIAN_POINT('',(75.6189614675477,10.1195558572518,-5.));
#11075=CARTESIAN_POINT('',(77.6189614675478,12.1195558572518,-5.));
#11076=CARTESIAN_POINT('',(62.0356281342144,12.1195558572518,-5.));
#11077=CARTESIAN_POINT('',(77.6189614675478,10.1195558572518,-5.));
#11078=CARTESIAN_POINT('',(77.6189614675478,10.1195558572518,-5.));
#11079=CARTESIAN_POINT('',(80.3226651712515,10.1195558572518,-5.));
#11080=CARTESIAN_POINT('',(21.1293775807862,10.1195558572518,-5.));
#11081=CARTESIAN_POINT('',(80.3226651712515,12.1195558572518,-5.));
#11082=CARTESIAN_POINT('',(80.3226651712515,10.1195558572518,-5.));
#11083=CARTESIAN_POINT('',(82.3226651712515,12.1195558572518,-5.));
#11084=CARTESIAN_POINT('',(64.3874799860663,12.1195558572518,-5.));
#11085=CARTESIAN_POINT('',(82.3226651712515,10.1195558572518,-5.));
#11086=CARTESIAN_POINT('',(82.3226651712515,10.1195558572518,-5.));
#11087=CARTESIAN_POINT('',(85.0263688749552,10.1195558572518,-5.));
#11088=CARTESIAN_POINT('',(21.1293775807862,10.1195558572518,-5.));
#11089=CARTESIAN_POINT('',(85.0263688749552,12.1195558572518,-5.));
#11090=CARTESIAN_POINT('',(85.0263688749552,10.1195558572518,-5.));
#11091=CARTESIAN_POINT('',(87.0263688749552,12.1195558572518,-5.));
#11092=CARTESIAN_POINT('',(66.7393318379181,12.1195558572518,-5.));
#11093=CARTESIAN_POINT('',(87.0263688749552,10.1195558572518,-5.));
#11094=CARTESIAN_POINT('',(87.0263688749552,10.1195558572518,-5.));
#11095=CARTESIAN_POINT('',(89.7300725786589,10.1195558572518,-5.));
#11096=CARTESIAN_POINT('',(21.1293775807862,10.1195558572518,-5.));
#11097=CARTESIAN_POINT('',(89.7300725786589,12.1195558572518,-5.));
#11098=CARTESIAN_POINT('',(89.7300725786589,10.1195558572518,-5.));
#11099=CARTESIAN_POINT('',(91.7300725786589,12.1195558572518,-5.));
#11100=CARTESIAN_POINT('',(69.09118368977,12.1195558572518,-5.));
#11101=CARTESIAN_POINT('',(91.7300725786589,10.1195558572518,-5.));
#11102=CARTESIAN_POINT('',(91.7300725786589,10.1195558572518,-5.));
#11103=CARTESIAN_POINT('',(94.4337762823626,10.1195558572518,-5.));
#11104=CARTESIAN_POINT('',(21.1293775807862,10.1195558572518,-5.));
#11105=CARTESIAN_POINT('',(94.4337762823626,12.1195558572518,-5.));
#11106=CARTESIAN_POINT('',(94.4337762823626,10.1195558572518,-5.));
#11107=CARTESIAN_POINT('',(96.4337762823626,12.1195558572518,-5.));
#11108=CARTESIAN_POINT('',(71.4430355416218,12.1195558572518,-5.));
#11109=CARTESIAN_POINT('',(96.4337762823626,10.1195558572518,-5.));
#11110=CARTESIAN_POINT('',(96.4337762823626,10.1195558572518,-5.));
#11111=CARTESIAN_POINT('',(99.1374799860663,10.1195558572518,-5.));
#11112=CARTESIAN_POINT('',(21.1293775807862,10.1195558572518,-5.));
#11113=CARTESIAN_POINT('',(99.1374799860663,12.1195558572518,-5.));
#11114=CARTESIAN_POINT('',(99.1374799860663,10.1195558572518,-5.));
#11115=CARTESIAN_POINT('',(101.137479986066,12.1195558572518,-5.));
#11116=CARTESIAN_POINT('',(73.7948873934737,12.1195558572518,-5.));
#11117=CARTESIAN_POINT('',(101.137479986066,10.1195558572518,-5.));
#11118=CARTESIAN_POINT('',(101.137479986066,10.1195558572518,-5.));
#11119=CARTESIAN_POINT('',(101.67661042135,10.1195558572518,-5.));
#11120=CARTESIAN_POINT('',(21.1293775807862,10.1195558572518,-5.));
#11121=CARTESIAN_POINT('',(101.67661042135,-74.2761314984633,-5.));
#11122=CARTESIAN_POINT('',(101.67661042135,-12.4533548909288,-5.));
#11123=CARTESIAN_POINT('',(101.137479986066,-74.2761314984633,-5.));
#11124=CARTESIAN_POINT('',(83.2766104213499,-74.2761314984633,-5.));
#11125=CARTESIAN_POINT('',(101.137479986066,-76.2761314984633,-5.));
#11126=CARTESIAN_POINT('',(101.137479986066,-74.2761314984633,-5.));
#11127=CARTESIAN_POINT('',(99.1374799860663,-76.2761314984633,-5.));
#11128=CARTESIAN_POINT('',(-9.05303336606833,-76.2761314984633,-5.));
#11129=CARTESIAN_POINT('',(99.1374799860663,-74.2761314984633,-5.));
#11130=CARTESIAN_POINT('',(99.1374799860663,-74.2761314984633,-5.));
#11131=CARTESIAN_POINT('',(96.4337762823626,-74.2761314984633,-5.));
#11132=CARTESIAN_POINT('',(83.2766104213499,-74.2761314984633,-5.));
#11133=CARTESIAN_POINT('',(96.4337762823626,-76.2761314984633,-5.));
#11134=CARTESIAN_POINT('',(96.4337762823626,-74.2761314984633,-5.));
#11135=CARTESIAN_POINT('',(94.4337762823626,-76.2761314984633,-5.));
#11136=CARTESIAN_POINT('',(-9.05303336606833,-76.2761314984633,-5.));
#11137=CARTESIAN_POINT('',(94.4337762823626,-74.2761314984633,-5.));
#11138=CARTESIAN_POINT('',(94.4337762823626,-74.2761314984633,-5.));
#11139=CARTESIAN_POINT('',(91.7300725786589,-74.2761314984633,-5.));
#11140=CARTESIAN_POINT('',(83.2766104213499,-74.2761314984633,-5.));
#11141=CARTESIAN_POINT('',(91.7300725786589,-76.2761314984633,-5.));
#11142=CARTESIAN_POINT('',(91.7300725786589,-74.2761314984633,-5.));
#11143=CARTESIAN_POINT('',(89.7300725786589,-76.2761314984633,-5.));
#11144=CARTESIAN_POINT('',(-9.05303336606833,-76.2761314984633,-5.));
#11145=CARTESIAN_POINT('',(89.7300725786589,-74.2761314984633,-5.));
#11146=CARTESIAN_POINT('',(89.7300725786589,-74.2761314984633,-5.));
#11147=CARTESIAN_POINT('',(87.0263688749552,-74.2761314984633,-5.));
#11148=CARTESIAN_POINT('',(83.2766104213499,-74.2761314984633,-5.));
#11149=CARTESIAN_POINT('',(87.0263688749552,-76.2761314984633,-5.));
#11150=CARTESIAN_POINT('',(87.0263688749552,-74.2761314984633,-5.));
#11151=CARTESIAN_POINT('',(85.0263688749552,-76.2761314984633,-5.));
#11152=CARTESIAN_POINT('',(-9.05303336606833,-76.2761314984633,-5.));
#11153=CARTESIAN_POINT('',(85.0263688749552,-74.2761314984633,-5.));
#11154=CARTESIAN_POINT('',(85.0263688749552,-74.2761314984633,-5.));
#11155=CARTESIAN_POINT('',(82.3226651712515,-74.2761314984633,-5.));
#11156=CARTESIAN_POINT('',(83.2766104213499,-74.2761314984633,-5.));
#11157=CARTESIAN_POINT('',(82.3226651712515,-76.2761314984633,-5.));
#11158=CARTESIAN_POINT('',(82.3226651712515,-74.2761314984633,-5.));
#11159=CARTESIAN_POINT('',(80.3226651712515,-76.2761314984633,-5.));
#11160=CARTESIAN_POINT('',(-9.05303336606833,-76.2761314984633,-5.));
#11161=CARTESIAN_POINT('',(80.3226651712515,-74.2761314984633,-5.));
#11162=CARTESIAN_POINT('',(80.3226651712515,-74.2761314984633,-5.));
#11163=CARTESIAN_POINT('',(77.6189614675478,-74.2761314984633,-5.));
#11164=CARTESIAN_POINT('',(83.2766104213499,-74.2761314984633,-5.));
#11165=CARTESIAN_POINT('',(77.6189614675478,-76.2761314984633,-5.));
#11166=CARTESIAN_POINT('',(77.6189614675478,-74.2761314984633,-5.));
#11167=CARTESIAN_POINT('',(75.6189614675477,-76.2761314984633,-5.));
#11168=CARTESIAN_POINT('',(-9.05303336606833,-76.2761314984633,-5.));
#11169=CARTESIAN_POINT('',(75.6189614675477,-74.2761314984633,-5.));
#11170=CARTESIAN_POINT('',(75.6189614675477,-74.2761314984633,-5.));
#11171=CARTESIAN_POINT('',(72.9152577638441,-74.2761314984633,-5.));
#11172=CARTESIAN_POINT('',(83.2766104213499,-74.2761314984633,-5.));
#11173=CARTESIAN_POINT('',(72.9152577638441,-76.2761314984633,-5.));
#11174=CARTESIAN_POINT('',(72.9152577638441,-74.2761314984633,-5.));
#11175=CARTESIAN_POINT('',(70.9152577638441,-76.2761314984633,-5.));
#11176=CARTESIAN_POINT('',(-9.05303336606833,-76.2761314984633,-5.));
#11177=CARTESIAN_POINT('',(70.9152577638441,-74.2761314984633,-5.));
#11178=CARTESIAN_POINT('',(70.9152577638441,-74.2761314984633,-5.));
#11179=CARTESIAN_POINT('',(68.2115540601404,-74.2761314984633,-5.));
#11180=CARTESIAN_POINT('',(83.2766104213499,-74.2761314984633,-5.));
#11181=CARTESIAN_POINT('',(68.2115540601404,-76.2761314984633,-5.));
#11182=CARTESIAN_POINT('',(68.2115540601404,-74.2761314984633,-5.));
#11183=CARTESIAN_POINT('',(66.2115540601404,-76.2761314984633,-5.));
#11184=CARTESIAN_POINT('',(-9.05303336606833,-76.2761314984633,-5.));
#11185=CARTESIAN_POINT('',(66.2115540601404,-74.2761314984633,-5.));
#11186=CARTESIAN_POINT('',(66.2115540601404,-74.2761314984633,-5.));
#11187=CARTESIAN_POINT('',(63.5078503564367,-74.2761314984633,-5.));
#11188=CARTESIAN_POINT('',(83.2766104213499,-74.2761314984633,-5.));
#11189=CARTESIAN_POINT('',(63.5078503564367,-76.2761314984633,-5.));
#11190=CARTESIAN_POINT('',(63.5078503564367,-74.2761314984633,-5.));
#11191=CARTESIAN_POINT('',(61.5078503564367,-76.2761314984633,-5.));
#11192=CARTESIAN_POINT('',(-9.05303336606833,-76.2761314984633,-5.));
#11193=CARTESIAN_POINT('',(61.5078503564367,-74.2761314984633,-5.));
#11194=CARTESIAN_POINT('',(61.5078503564367,-74.2761314984633,-5.));
#11195=CARTESIAN_POINT('',(58.804146652733,-74.2761314984633,-5.));
#11196=CARTESIAN_POINT('',(83.2766104213499,-74.2761314984633,-5.));
#11197=CARTESIAN_POINT('',(58.804146652733,-76.2761314984633,-5.));
#11198=CARTESIAN_POINT('',(58.804146652733,-74.2761314984633,-5.));
#11199=CARTESIAN_POINT('',(56.804146652733,-76.2761314984633,-5.));
#11200=CARTESIAN_POINT('',(-9.05303336606833,-76.2761314984633,-5.));
#11201=CARTESIAN_POINT('',(56.804146652733,-74.2761314984633,-5.));
#11202=CARTESIAN_POINT('',(56.804146652733,-74.2761314984633,-5.));
#11203=CARTESIAN_POINT('',(54.1004429490292,-74.2761314984633,-5.));
#11204=CARTESIAN_POINT('',(83.2766104213499,-74.2761314984633,-5.));
#11205=CARTESIAN_POINT('',(54.1004429490292,-76.2761314984633,-5.));
#11206=CARTESIAN_POINT('',(54.1004429490292,-74.2761314984633,-5.));
#11207=CARTESIAN_POINT('',(52.1004429490293,-76.2761314984633,-5.));
#11208=CARTESIAN_POINT('',(-9.05303336606833,-76.2761314984633,-5.));
#11209=CARTESIAN_POINT('',(52.1004429490293,-74.2761314984633,-5.));
#11210=CARTESIAN_POINT('',(52.1004429490293,-74.2761314984633,-5.));
#11211=CARTESIAN_POINT('',(49.3967392453255,-74.2761314984633,-5.));
#11212=CARTESIAN_POINT('',(83.2766104213499,-74.2761314984633,-5.));
#11213=CARTESIAN_POINT('',(49.3967392453255,-76.2761314984633,-5.));
#11214=CARTESIAN_POINT('',(49.3967392453255,-74.2761314984633,-5.));
#11215=CARTESIAN_POINT('',(47.3967392453255,-76.2761314984633,-5.));
#11216=CARTESIAN_POINT('',(-9.05303336606833,-76.2761314984633,-5.));
#11217=CARTESIAN_POINT('',(47.3967392453255,-74.2761314984633,-5.));
#11218=CARTESIAN_POINT('',(47.3967392453255,-74.2761314984633,-5.));
#11219=CARTESIAN_POINT('',(44.6930355416218,-74.2761314984633,-5.));
#11220=CARTESIAN_POINT('',(83.2766104213499,-74.2761314984633,-5.));
#11221=CARTESIAN_POINT('',(44.6930355416218,-76.2761314984633,-5.));
#11222=CARTESIAN_POINT('',(44.6930355416218,-74.2761314984633,-5.));
#11223=CARTESIAN_POINT('',(42.6930355416219,-76.2761314984633,-5.));
#11224=CARTESIAN_POINT('',(-9.05303336606833,-76.2761314984633,-5.));
#11225=CARTESIAN_POINT('',(42.6930355416219,-74.2761314984633,-5.));
#11226=CARTESIAN_POINT('',(42.6930355416219,-74.2761314984633,-5.));
#11227=CARTESIAN_POINT('',(39.9893318379181,-74.2761314984633,-5.));
#11228=CARTESIAN_POINT('',(83.2766104213499,-74.2761314984633,-5.));
#11229=CARTESIAN_POINT('',(39.9893318379181,-76.2761314984633,-5.));
#11230=CARTESIAN_POINT('',(39.9893318379181,-74.2761314984633,-5.));
#11231=CARTESIAN_POINT('',(37.9893318379181,-76.2761314984633,-5.));
#11232=CARTESIAN_POINT('',(-9.05303336606833,-76.2761314984633,-5.));
#11233=CARTESIAN_POINT('',(37.9893318379181,-74.2761314984633,-5.));
#11234=CARTESIAN_POINT('',(37.9893318379181,-74.2761314984633,-5.));
#11235=CARTESIAN_POINT('',(35.2856281342144,-74.2761314984633,-5.));
#11236=CARTESIAN_POINT('',(83.2766104213499,-74.2761314984633,-5.));
#11237=CARTESIAN_POINT('',(35.2856281342144,-76.2761314984633,-5.));
#11238=CARTESIAN_POINT('',(35.2856281342144,-74.2761314984633,-5.));
#11239=CARTESIAN_POINT('',(33.2856281342144,-76.2761314984633,-5.));
#11240=CARTESIAN_POINT('',(-9.05303336606833,-76.2761314984633,-5.));
#11241=CARTESIAN_POINT('',(33.2856281342144,-74.2761314984633,-5.));
#11242=CARTESIAN_POINT('',(33.2856281342144,-74.2761314984633,-5.));
#11243=CARTESIAN_POINT('',(30.5819244305107,-74.2761314984633,-5.));
#11244=CARTESIAN_POINT('',(83.2766104213499,-74.2761314984633,-5.));
#11245=CARTESIAN_POINT('',(30.5819244305107,-76.2761314984633,-5.));
#11246=CARTESIAN_POINT('',(30.5819244305107,-74.2761314984633,-5.));
#11247=CARTESIAN_POINT('',(28.5819244305107,-76.2761314984633,-5.));
#11248=CARTESIAN_POINT('',(-9.05303336606833,-76.2761314984633,-5.));
#11249=CARTESIAN_POINT('',(28.5819244305107,-74.2761314984633,-5.));
#11250=CARTESIAN_POINT('',(28.5819244305107,-74.2761314984633,-5.));
#11251=CARTESIAN_POINT('',(25.878220726807,-74.2761314984633,-5.));
#11252=CARTESIAN_POINT('',(83.2766104213499,-74.2761314984633,-5.));
#11253=CARTESIAN_POINT('',(25.878220726807,-76.2761314984633,-5.));
#11254=CARTESIAN_POINT('',(25.878220726807,-74.2761314984633,-5.));
#11255=CARTESIAN_POINT('',(23.878220726807,-76.2761314984633,-5.));
#11256=CARTESIAN_POINT('',(-9.05303336606833,-76.2761314984633,-5.));
#11257=CARTESIAN_POINT('',(23.878220726807,-74.2761314984633,-5.));
#11258=CARTESIAN_POINT('',(23.878220726807,-74.2761314984633,-5.));
#11259=CARTESIAN_POINT('',(21.1745170231033,-74.2761314984633,-5.));
#11260=CARTESIAN_POINT('',(83.2766104213499,-74.2761314984633,-5.));
#11261=CARTESIAN_POINT('',(21.1745170231033,-76.2761314984633,-5.));
#11262=CARTESIAN_POINT('',(21.1745170231033,-74.2761314984633,-5.));
#11263=CARTESIAN_POINT('',(19.1745170231033,-76.2761314984633,-5.));
#11264=CARTESIAN_POINT('',(-9.05303336606833,-76.2761314984633,-5.));
#11265=CARTESIAN_POINT('',(19.1745170231033,-74.2761314984633,-5.));
#11266=CARTESIAN_POINT('Origin',(-9.05303336606833,-74.2761314984633,0.));
#11267=CARTESIAN_POINT('',(-27.0477051991189,-74.2761314984633,6.98722517169475));
#11268=CARTESIAN_POINT('',(-27.0477051991189,-74.2761314984633,22.0127748283053));
#11269=CARTESIAN_POINT('',(-27.0477051991189,-74.2761314984633,11.0063874141526));
#11270=CARTESIAN_POINT('Origin',(-9.05303336606833,-74.2761314984633,14.5));
#11271=CARTESIAN_POINT('Origin',(-26.0477051991189,-76.2761314984633,14.5));
#11272=CARTESIAN_POINT('',(-27.0477051991189,-76.2761314984633,6.98722517169475));
#11273=CARTESIAN_POINT('',(-25.0477051991189,-76.2761314984633,3.34560745925538));
#11274=CARTESIAN_POINT('Origin',(-9.05303336606833,-76.2761314984633,14.5));
#11275=CARTESIAN_POINT('',(-25.0477051991189,-76.2761314984633,25.6543925407446));
#11276=CARTESIAN_POINT('',(-25.0477051991189,-76.2761314984633,33.9935886896179));
#11277=CARTESIAN_POINT('',(-27.0477051991189,-76.2761314984633,22.0127748283053));
#11278=CARTESIAN_POINT('Origin',(-9.05303336606833,-76.2761314984633,14.5));
#11279=CARTESIAN_POINT('',(-27.0477051991189,-76.2761314984633,-5.00641131038207));
#11280=CARTESIAN_POINT('Origin',(-27.0477051991189,-74.2761314984633,22.0127748283053));
#11281=CARTESIAN_POINT('',(-27.0477051991189,-74.2761314984633,6.98722517169475));
#11282=CARTESIAN_POINT('',(-27.0477051991189,-74.2761314984633,22.0127748283053));
#11283=CARTESIAN_POINT('Origin',(-25.0477051991189,-74.2761314984633,3.34560745925538));
#11284=CARTESIAN_POINT('',(-25.0477051991189,-74.2761314984633,25.6543925407446));
#11285=CARTESIAN_POINT('',(-25.0477051991189,-74.2761314984633,3.34560745925538));
#11286=CARTESIAN_POINT('',(-25.0477051991189,-74.2761314984633,1.67280372962769));
#11287=CARTESIAN_POINT('',(-25.0477051991189,-74.2761314984633,25.6543925407446));
#11288=CARTESIAN_POINT('',(-25.0477051991189,-74.2761314984633,3.34560745925538));
#11289=CARTESIAN_POINT('Origin',(16.6914242832687,-74.2761314984633,19.7787366741153));
#11290=CARTESIAN_POINT('',(72.9152577638441,-74.2761314984633,19.7787366741153));
#11291=CARTESIAN_POINT('',(75.6189614675477,-74.2761314984633,19.7787366741153));
#11292=CARTESIAN_POINT('',(3.81919545860019,-74.2761314984633,19.7787366741153));
#11293=CARTESIAN_POINT('',(72.9152577638441,-76.2761314984633,19.7787366741153));
#11294=CARTESIAN_POINT('',(72.9152577638441,-74.2761314984633,19.7787366741153));
#11295=CARTESIAN_POINT('',(70.9152577638441,-76.2761314984633,19.7787366741153));
#11296=CARTESIAN_POINT('',(16.6914242832687,-76.2761314984633,19.7787366741153));
#11297=CARTESIAN_POINT('',(70.9152577638441,-74.2761314984633,19.7787366741153));
#11298=CARTESIAN_POINT('',(70.9152577638441,-74.2761314984633,19.7787366741153));
#11299=CARTESIAN_POINT('',(68.2115540601404,-74.2761314984633,19.7787366741153));
#11300=CARTESIAN_POINT('',(3.81919545860019,-74.2761314984633,19.7787366741153));
#11301=CARTESIAN_POINT('',(68.2115540601404,-76.2761314984633,19.7787366741153));
#11302=CARTESIAN_POINT('',(68.2115540601404,-74.2761314984633,19.7787366741153));
#11303=CARTESIAN_POINT('',(66.2115540601404,-76.2761314984633,19.7787366741153));
#11304=CARTESIAN_POINT('',(16.6914242832687,-76.2761314984633,19.7787366741153));
#11305=CARTESIAN_POINT('',(66.2115540601404,-74.2761314984633,19.7787366741153));
#11306=CARTESIAN_POINT('',(66.2115540601404,-74.2761314984633,19.7787366741153));
#11307=CARTESIAN_POINT('',(63.5078503564367,-74.2761314984633,19.7787366741153));
#11308=CARTESIAN_POINT('',(3.81919545860019,-74.2761314984633,19.7787366741153));
#11309=CARTESIAN_POINT('',(63.5078503564367,-76.2761314984633,19.7787366741153));
#11310=CARTESIAN_POINT('',(63.5078503564367,-74.2761314984633,19.7787366741153));
#11311=CARTESIAN_POINT('',(61.5078503564367,-76.2761314984633,19.7787366741153));
#11312=CARTESIAN_POINT('',(16.6914242832687,-76.2761314984633,19.7787366741153));
#11313=CARTESIAN_POINT('',(61.5078503564367,-74.2761314984633,19.7787366741153));
#11314=CARTESIAN_POINT('',(61.5078503564367,-74.2761314984633,19.7787366741153));
#11315=CARTESIAN_POINT('',(58.804146652733,-74.2761314984633,19.7787366741153));
#11316=CARTESIAN_POINT('',(3.81919545860019,-74.2761314984633,19.7787366741153));
#11317=CARTESIAN_POINT('',(58.804146652733,-76.2761314984633,19.7787366741153));
#11318=CARTESIAN_POINT('',(58.804146652733,-74.2761314984633,19.7787366741153));
#11319=CARTESIAN_POINT('',(56.804146652733,-76.2761314984633,19.7787366741153));
#11320=CARTESIAN_POINT('',(16.6914242832687,-76.2761314984633,19.7787366741153));
#11321=CARTESIAN_POINT('',(56.804146652733,-74.2761314984633,19.7787366741153));
#11322=CARTESIAN_POINT('',(56.804146652733,-74.2761314984633,19.7787366741153));
#11323=CARTESIAN_POINT('',(54.1004429490292,-74.2761314984633,19.7787366741153));
#11324=CARTESIAN_POINT('',(3.81919545860019,-74.2761314984633,19.7787366741153));
#11325=CARTESIAN_POINT('',(54.1004429490292,-76.2761314984633,19.7787366741153));
#11326=CARTESIAN_POINT('',(54.1004429490292,-74.2761314984633,19.7787366741153));
#11327=CARTESIAN_POINT('',(52.1004429490293,-76.2761314984633,19.7787366741153));
#11328=CARTESIAN_POINT('',(16.6914242832687,-76.2761314984633,19.7787366741153));
#11329=CARTESIAN_POINT('',(52.1004429490293,-74.2761314984633,19.7787366741153));
#11330=CARTESIAN_POINT('',(52.1004429490293,-74.2761314984633,19.7787366741153));
#11331=CARTESIAN_POINT('',(49.3967392453255,-74.2761314984633,19.7787366741153));
#11332=CARTESIAN_POINT('',(3.81919545860019,-74.2761314984633,19.7787366741153));
#11333=CARTESIAN_POINT('',(49.3967392453255,-76.2761314984633,19.7787366741153));
#11334=CARTESIAN_POINT('',(49.3967392453255,-74.2761314984633,19.7787366741153));
#11335=CARTESIAN_POINT('',(47.3967392453255,-76.2761314984633,19.7787366741153));
#11336=CARTESIAN_POINT('',(16.6914242832687,-76.2761314984633,19.7787366741153));
#11337=CARTESIAN_POINT('',(47.3967392453255,-74.2761314984633,19.7787366741153));
#11338=CARTESIAN_POINT('',(47.3967392453255,-74.2761314984633,19.7787366741153));
#11339=CARTESIAN_POINT('',(44.6930355416218,-74.2761314984633,19.7787366741153));
#11340=CARTESIAN_POINT('',(3.81919545860019,-74.2761314984633,19.7787366741153));
#11341=CARTESIAN_POINT('',(44.6930355416218,-76.2761314984633,19.7787366741153));
#11342=CARTESIAN_POINT('',(44.6930355416218,-74.2761314984633,19.7787366741153));
#11343=CARTESIAN_POINT('',(42.6930355416219,-76.2761314984633,19.7787366741153));
#11344=CARTESIAN_POINT('',(16.6914242832687,-76.2761314984633,19.7787366741153));
#11345=CARTESIAN_POINT('',(42.6930355416219,-74.2761314984633,19.7787366741153));
#11346=CARTESIAN_POINT('',(42.6930355416219,-74.2761314984633,19.7787366741153));
#11347=CARTESIAN_POINT('',(39.9893318379181,-74.2761314984633,19.7787366741153));
#11348=CARTESIAN_POINT('',(3.81919545860019,-74.2761314984633,19.7787366741153));
#11349=CARTESIAN_POINT('',(39.9893318379181,-76.2761314984633,19.7787366741153));
#11350=CARTESIAN_POINT('',(39.9893318379181,-74.2761314984633,19.7787366741153));
#11351=CARTESIAN_POINT('',(37.9893318379181,-76.2761314984633,19.7787366741153));
#11352=CARTESIAN_POINT('',(16.6914242832687,-76.2761314984633,19.7787366741153));
#11353=CARTESIAN_POINT('',(37.9893318379181,-74.2761314984633,19.7787366741153));
#11354=CARTESIAN_POINT('',(37.9893318379181,-74.2761314984633,19.7787366741153));
#11355=CARTESIAN_POINT('',(35.2856281342144,-74.2761314984633,19.7787366741153));
#11356=CARTESIAN_POINT('',(3.81919545860019,-74.2761314984633,19.7787366741153));
#11357=CARTESIAN_POINT('',(35.2856281342144,-76.2761314984633,19.7787366741153));
#11358=CARTESIAN_POINT('',(35.2856281342144,-74.2761314984633,19.7787366741153));
#11359=CARTESIAN_POINT('',(33.2856281342144,-76.2761314984633,19.7787366741153));
#11360=CARTESIAN_POINT('',(16.6914242832687,-76.2761314984633,19.7787366741153));
#11361=CARTESIAN_POINT('',(33.2856281342144,-74.2761314984633,19.7787366741153));
#11362=CARTESIAN_POINT('',(33.2856281342144,-74.2761314984633,19.7787366741153));
#11363=CARTESIAN_POINT('',(30.5819244305107,-74.2761314984633,19.7787366741153));
#11364=CARTESIAN_POINT('',(3.81919545860019,-74.2761314984633,19.7787366741153));
#11365=CARTESIAN_POINT('',(30.5819244305107,-76.2761314984633,19.7787366741153));
#11366=CARTESIAN_POINT('',(30.5819244305107,-74.2761314984633,19.7787366741153));
#11367=CARTESIAN_POINT('',(28.5819244305107,-76.2761314984633,19.7787366741153));
#11368=CARTESIAN_POINT('',(16.6914242832687,-76.2761314984633,19.7787366741153));
#11369=CARTESIAN_POINT('',(28.5819244305107,-74.2761314984633,19.7787366741153));
#11370=CARTESIAN_POINT('',(28.5819244305107,-74.2761314984633,19.7787366741153));
#11371=CARTESIAN_POINT('',(25.878220726807,-74.2761314984633,19.7787366741153));
#11372=CARTESIAN_POINT('',(3.81919545860019,-74.2761314984633,19.7787366741153));
#11373=CARTESIAN_POINT('',(25.878220726807,-76.2761314984633,19.7787366741153));
#11374=CARTESIAN_POINT('',(25.878220726807,-74.2761314984633,19.7787366741153));
#11375=CARTESIAN_POINT('',(23.878220726807,-76.2761314984633,19.7787366741153));
#11376=CARTESIAN_POINT('',(16.6914242832687,-76.2761314984633,19.7787366741153));
#11377=CARTESIAN_POINT('',(23.878220726807,-74.2761314984633,19.7787366741153));
#11378=CARTESIAN_POINT('',(23.878220726807,-74.2761314984633,19.7787366741153));
#11379=CARTESIAN_POINT('',(21.1745170231033,-74.2761314984633,19.7787366741153));
#11380=CARTESIAN_POINT('',(3.81919545860019,-74.2761314984633,19.7787366741153));
#11381=CARTESIAN_POINT('',(21.1745170231033,-76.2761314984633,19.7787366741153));
#11382=CARTESIAN_POINT('',(21.1745170231033,-74.2761314984633,19.7787366741153));
#11383=CARTESIAN_POINT('',(19.1745170231033,-76.2761314984633,19.7787366741153));
#11384=CARTESIAN_POINT('',(16.6914242832687,-76.2761314984633,19.7787366741153));
#11385=CARTESIAN_POINT('',(19.1745170231033,-74.2761314984633,19.7787366741153));
#11386=CARTESIAN_POINT('',(19.1745170231033,-74.2761314984633,19.7787366741153));
#11387=CARTESIAN_POINT('',(3.81919545860019,-74.2761314984633,19.7787366741153));
#11388=CARTESIAN_POINT('',(77.6189614675478,-74.2761314984633,19.7787366741153));
#11389=CARTESIAN_POINT('',(3.81919545860019,-74.2761314984633,19.7787366741153));
#11390=CARTESIAN_POINT('',(77.6189614675478,-76.2761314984633,19.7787366741153));
#11391=CARTESIAN_POINT('',(77.6189614675478,-74.2761314984633,19.7787366741153));
#11392=CARTESIAN_POINT('',(75.6189614675477,-76.2761314984633,19.7787366741153));
#11393=CARTESIAN_POINT('',(16.6914242832687,-76.2761314984633,19.7787366741153));
#11394=CARTESIAN_POINT('',(75.6189614675477,-74.2761314984633,19.7787366741153));
#11395=CARTESIAN_POINT('Origin',(-9.05303336606833,-74.2761314984633,0.));
#11396=CARTESIAN_POINT('',(85.0263688749552,-74.2761314984633,30.9));
#11397=CARTESIAN_POINT('',(82.3226651712515,-74.2761314984633,30.9));
#11398=CARTESIAN_POINT('',(18.6293775807862,-74.2761314984633,30.9));
#11399=CARTESIAN_POINT('',(82.3226651712515,-74.2761314984633,-2.5));
#11400=CARTESIAN_POINT('',(85.0263688749552,-74.2761314984633,16.996794344809));
#11401=CARTESIAN_POINT('Origin',(82.3226651712515,-74.2761314984633,-5.));
#11402=CARTESIAN_POINT('',(82.3226651712515,-76.2761314984633,30.900001472421));
#11403=CARTESIAN_POINT('',(82.3226651712515,-74.2761314984633,30.900001472421));
#11404=CARTESIAN_POINT('',(82.3226651712515,-76.2761314984633,33.9935886896179));
#11405=CARTESIAN_POINT('Origin',(-9.05303336606833,-74.2761314984633,0.));
#11406=CARTESIAN_POINT('',(33.2856281342144,-74.2761314984633,1.77873667411525));
#11407=CARTESIAN_POINT('',(33.2856281342144,-74.2761314984633,0.889368337057627));
#11408=CARTESIAN_POINT('',(30.5819244305107,-74.2761314984633,1.77873667411526));
#11409=CARTESIAN_POINT('',(35.1441954586002,-74.2761314984633,1.77873667411525));
#11410=CARTESIAN_POINT('',(30.5819244305107,-74.2761314984633,-2.5));
#11411=CARTESIAN_POINT('Origin',(29.5819244305107,-76.2761314984633,-1.61063166294237));
#11412=CARTESIAN_POINT('',(30.5819244305107,-76.2761314984633,1.77873667411526));
#11413=CARTESIAN_POINT('',(28.5819244305107,-76.2761314984633,1.77873667411525));
#11414=CARTESIAN_POINT('',(79.3414242832687,-76.2761314984633,1.77873667411525));
#11415=CARTESIAN_POINT('',(28.5819244305107,-76.2761314984633,-5.00641131038207));
#11416=CARTESIAN_POINT('',(30.5819244305107,-76.2761314984633,33.9935886896179));
#11417=CARTESIAN_POINT('Origin',(30.5819244305107,-74.2761314984633,-5.));
#11418=CARTESIAN_POINT('',(30.5819244305107,-74.2761314984633,1.77873667411526));
#11419=CARTESIAN_POINT('Origin',(28.5819244305107,-74.2761314984633,1.77873667411525));
#11420=CARTESIAN_POINT('',(28.5819244305107,-74.2761314984633,1.77873667411525));
#11421=CARTESIAN_POINT('',(28.5819244305107,-74.2761314984633,0.889368337057627));
#11422=CARTESIAN_POINT('',(28.5819244305107,-74.2761314984633,1.77873667411525));
#11423=CARTESIAN_POINT('Origin',(-9.05303336606833,-74.2761314984633,0.));
#11424=CARTESIAN_POINT('',(52.1004429490293,-74.2761314984633,1.77873667411525));
#11425=CARTESIAN_POINT('',(52.1004429490293,-74.2761314984633,0.889368337057627));
#11426=CARTESIAN_POINT('',(49.3967392453255,-74.2761314984633,1.77873667411525));
#11427=CARTESIAN_POINT('',(35.1441954586002,-74.2761314984633,1.77873667411525));
#11428=CARTESIAN_POINT('',(49.3967392453255,-74.2761314984633,-2.5));
#11429=CARTESIAN_POINT('Origin',(48.3967392453255,-76.2761314984633,-1.61063166294237));
#11430=CARTESIAN_POINT('',(49.3967392453255,-76.2761314984633,1.77873667411526));
#11431=CARTESIAN_POINT('',(47.3967392453255,-76.2761314984633,1.77873667411525));
#11432=CARTESIAN_POINT('',(79.3414242832687,-76.2761314984633,1.77873667411525));
#11433=CARTESIAN_POINT('',(47.3967392453255,-76.2761314984633,-5.00641131038207));
#11434=CARTESIAN_POINT('',(49.3967392453255,-76.2761314984633,33.9935886896179));
#11435=CARTESIAN_POINT('Origin',(49.3967392453255,-74.2761314984633,-5.));
#11436=CARTESIAN_POINT('',(49.3967392453255,-74.2761314984633,1.77873667411526));
#11437=CARTESIAN_POINT('Origin',(47.3967392453255,-74.2761314984633,1.77873667411525));
#11438=CARTESIAN_POINT('',(47.3967392453255,-74.2761314984633,1.77873667411525));
#11439=CARTESIAN_POINT('',(47.3967392453255,-74.2761314984633,0.889368337057627));
#11440=CARTESIAN_POINT('',(47.3967392453255,-74.2761314984633,1.77873667411525));
#11441=CARTESIAN_POINT('Origin',(-9.05303336606833,-74.2761314984633,0.));
#11442=CARTESIAN_POINT('',(70.9152577638441,-74.2761314984633,1.77873667411525));
#11443=CARTESIAN_POINT('',(70.9152577638441,-74.2761314984633,0.889368337057627));
#11444=CARTESIAN_POINT('',(68.2115540601404,-74.2761314984633,1.77873667411525));
#11445=CARTESIAN_POINT('',(35.1441954586002,-74.2761314984633,1.77873667411525));
#11446=CARTESIAN_POINT('',(68.2115540601404,-74.2761314984633,-2.5));
#11447=CARTESIAN_POINT('Origin',(67.2115540601404,-76.2761314984633,-1.61063166294237));
#11448=CARTESIAN_POINT('',(68.2115540601404,-76.2761314984633,1.77873667411526));
#11449=CARTESIAN_POINT('',(66.2115540601404,-76.2761314984633,1.77873667411525));
#11450=CARTESIAN_POINT('',(79.3414242832687,-76.2761314984633,1.77873667411525));
#11451=CARTESIAN_POINT('',(66.2115540601404,-76.2761314984633,-5.00641131038207));
#11452=CARTESIAN_POINT('',(68.2115540601404,-76.2761314984633,33.9935886896179));
#11453=CARTESIAN_POINT('Origin',(68.2115540601404,-74.2761314984633,-5.));
#11454=CARTESIAN_POINT('',(68.2115540601404,-74.2761314984633,1.77873667411526));
#11455=CARTESIAN_POINT('Origin',(66.2115540601404,-74.2761314984633,1.77873667411525));
#11456=CARTESIAN_POINT('',(66.2115540601404,-74.2761314984633,1.77873667411525));
#11457=CARTESIAN_POINT('',(66.2115540601404,-74.2761314984633,0.889368337057627));
#11458=CARTESIAN_POINT('',(66.2115540601404,-74.2761314984633,1.77873667411525));
#11459=CARTESIAN_POINT('Origin',(-9.05303336606833,-74.2761314984633,0.));
#11460=CARTESIAN_POINT('',(99.1374799860663,-74.2761314984633,30.9));
#11461=CARTESIAN_POINT('',(96.4337762823626,-74.2761314984633,30.9));
#11462=CARTESIAN_POINT('',(18.6293775807862,-74.2761314984633,30.9));
#11463=CARTESIAN_POINT('',(96.4337762823626,-74.2761314984633,-2.5));
#11464=CARTESIAN_POINT('',(99.1374799860663,-74.2761314984633,16.996794344809));
#11465=CARTESIAN_POINT('Origin',(0.359702208288525,-74.2761314984633,-5.00641131038207));
#11466=CARTESIAN_POINT('',(2.35970220828852,-76.2761314984633,-5.00641131038207));
#11467=CARTESIAN_POINT('',(2.35970220828852,-73.2761314984633,-5.00641131038207));
#11468=CARTESIAN_POINT('',(2.35970220828852,-74.2761314984633,-5.00641131038207));
#11469=CARTESIAN_POINT('',(0.359702208288525,-76.2761314984633,-5.00641131038207));
#11470=CARTESIAN_POINT('',(2.35970220828852,-76.2761314984633,-5.00641131038207));
#11471=CARTESIAN_POINT('',(0.359702208288525,-73.2761314984633,-5.00641131038207));
#11472=CARTESIAN_POINT('',(0.359702208288525,-74.2761314984633,-5.00641131038207));
#11473=CARTESIAN_POINT('',(2.35970220828852,-73.2761314984633,-5.00641131038207));
#11474=CARTESIAN_POINT('Origin',(1.35970220828852,-73.2761314984633,14.4935886896179));
#11475=CARTESIAN_POINT('',(2.35970220828852,-73.2761314984633,33.9935886896179));
#11476=CARTESIAN_POINT('',(0.359702208288525,-73.2761314984633,-5.00641131038207));
#11477=CARTESIAN_POINT('Origin',(-9.05303336606833,-74.2761314984633,0.));
#11478=CARTESIAN_POINT('',(119.952294800881,-74.2761314984633,21.3006882342717));
#11479=CARTESIAN_POINT('',(119.952294800881,-74.2761314984633,7.6993117657283));
#11480=CARTESIAN_POINT('',(119.952294800881,-74.2761314984633,3.84965588286415));
#11481=CARTESIAN_POINT('Origin',(101.67661042135,-74.2761314984633,14.5));
#11482=CARTESIAN_POINT('Origin',(118.952294800881,-76.2761314984633,14.5));
#11483=CARTESIAN_POINT('',(119.952294800881,-76.2761314984633,21.3006882342717));
#11484=CARTESIAN_POINT('',(117.952294800881,-76.2761314984633,25.240209401026));
#11485=CARTESIAN_POINT('Origin',(101.67661042135,-76.2761314984633,14.5));
#11486=CARTESIAN_POINT('',(117.952294800881,-76.2761314984633,3.75979059897405));
#11487=CARTESIAN_POINT('',(117.952294800881,-76.2761314984633,-5.00641131038207));
#11488=CARTESIAN_POINT('',(119.952294800881,-76.2761314984633,7.6993117657283));
#11489=CARTESIAN_POINT('Origin',(101.67661042135,-76.2761314984633,14.5));
#11490=CARTESIAN_POINT('',(119.952294800881,-76.2761314984633,33.9935886896179));
#11491=CARTESIAN_POINT('Origin',(119.952294800881,-74.2761314984633,7.6993117657283));
#11492=CARTESIAN_POINT('',(119.952294800881,-74.2761314984633,21.3006882342717));
#11493=CARTESIAN_POINT('',(119.952294800881,-74.2761314984633,7.6993117657283));
#11494=CARTESIAN_POINT('Origin',(117.952294800881,-74.2761314984633,25.240209401026));
#11495=CARTESIAN_POINT('',(117.952294800881,-74.2761314984633,3.75979059897405));
#11496=CARTESIAN_POINT('',(117.952294800881,-74.2761314984633,25.240209401026));
#11497=CARTESIAN_POINT('',(117.952294800881,-74.2761314984633,12.620104700513));
#11498=CARTESIAN_POINT('',(117.952294800881,-74.2761314984633,3.75979059897405));
#11499=CARTESIAN_POINT('',(117.952294800881,-74.2761314984633,25.240209401026));
#11500=CARTESIAN_POINT('Origin',(-9.05303336606833,-74.2761314984633,0.));
#11501=CARTESIAN_POINT('',(115.248591097177,-74.2761314984633,28.5018334704769));
#11502=CARTESIAN_POINT('',(115.248591097177,-74.2761314984633,0.498166529523116));
#11503=CARTESIAN_POINT('',(115.248591097177,-74.2761314984633,0.249083264761554));
#11504=CARTESIAN_POINT('Origin',(101.67661042135,-74.2761314984633,14.5));
#11505=CARTESIAN_POINT('Origin',(101.67661042135,-74.2761314984633,14.5));
#11506=CARTESIAN_POINT('Origin',(114.248591097177,-76.2761314984633,14.5));
#11507=CARTESIAN_POINT('',(115.248591097177,-76.2761314984633,28.5018334704769));
#11508=CARTESIAN_POINT('',(113.248591097177,-76.2761314984633,30.1951987320415));
#11509=CARTESIAN_POINT('Origin',(101.67661042135,-76.2761314984633,14.5));
#11510=CARTESIAN_POINT('',(113.248591097177,-76.2761314984633,-1.19519873204148));
#11511=CARTESIAN_POINT('',(113.248591097177,-76.2761314984633,-5.00641131038207));
#11512=CARTESIAN_POINT('',(115.248591097177,-76.2761314984633,0.498166529523107));
#11513=CARTESIAN_POINT('Origin',(101.67661042135,-76.2761314984633,14.5));
#11514=CARTESIAN_POINT('',(115.248591097177,-76.2761314984633,33.9935886896179));
#11515=CARTESIAN_POINT('Origin',(115.248591097177,-74.2761314984633,0.498166529523107));
#11516=CARTESIAN_POINT('',(115.248591097177,-74.2761314984633,28.5018334704769));
#11517=CARTESIAN_POINT('',(115.248591097177,-74.2761314984633,0.498166529523107));
#11518=CARTESIAN_POINT('Origin',(113.248591097177,-74.2761314984633,30.1951987320415));
#11519=CARTESIAN_POINT('',(113.248591097177,-74.2761314984633,-1.19519873204148));
#11520=CARTESIAN_POINT('',(113.248591097177,-74.2761314984633,30.1951987320415));
#11521=CARTESIAN_POINT('',(113.248591097177,-74.2761314984633,15.0975993660207));
#11522=CARTESIAN_POINT('',(113.248591097177,-74.2761314984633,-1.19519873204148));
#11523=CARTESIAN_POINT('',(113.248591097177,-74.2761314984633,30.1951987320415));
#11524=CARTESIAN_POINT('Origin',(-4.34400149541518,-74.2761314984633,-5.00641131038207));
#11525=CARTESIAN_POINT('',(-2.34400149541518,-76.2761314984633,-5.00641131038207));
#11526=CARTESIAN_POINT('',(-2.34400149541518,-73.2761314984633,-5.00641131038207));
#11527=CARTESIAN_POINT('',(-2.34400149541518,-74.2761314984633,-5.00641131038207));
#11528=CARTESIAN_POINT('',(-4.34400149541518,-76.2761314984633,-5.00641131038207));
#11529=CARTESIAN_POINT('',(-2.34400149541518,-76.2761314984633,-5.00641131038207));
#11530=CARTESIAN_POINT('',(-4.34400149541518,-73.2761314984633,-5.00641131038207));
#11531=CARTESIAN_POINT('',(-4.34400149541518,-74.2761314984633,-5.00641131038207));
#11532=CARTESIAN_POINT('',(-2.34400149541518,-73.2761314984633,-5.00641131038207));
#11533=CARTESIAN_POINT('Origin',(-3.34400149541518,-73.2761314984633,14.4935886896179));
#11534=CARTESIAN_POINT('',(-2.34400149541518,-73.2761314984633,33.9935886896179));
#11535=CARTESIAN_POINT('',(-4.34400149541518,-73.2761314984633,-5.00641131038207));
#11536=CARTESIAN_POINT('Origin',(-9.05303336606833,-74.2761314984633,0.));
#11537=CARTESIAN_POINT('',(101.137479986066,-74.2761314984633,30.9));
#11538=CARTESIAN_POINT('',(18.6293775807862,-74.2761314984633,30.9));
#11539=CARTESIAN_POINT('',(101.137479986066,-74.2761314984633,-2.5));
#11540=CARTESIAN_POINT('',(103.84118368977,-74.2761314984633,-4.8794897395582));
#11541=CARTESIAN_POINT('Origin',(101.67661042135,-74.2761314984633,14.5));
#11542=CARTESIAN_POINT('',(103.84118368977,-74.2761314984633,33.8794897395582));
#11543=CARTESIAN_POINT('',(103.84118368977,-74.2761314984633,16.9397448697791));
#11544=CARTESIAN_POINT('Origin',(101.67661042135,-74.2761314984633,14.5));
#11545=CARTESIAN_POINT('Origin',(71.9152577638441,-76.2761314984633,-1.61063166294237));
#11546=CARTESIAN_POINT('',(72.9152577638441,-76.2761314984633,1.77873667411526));
#11547=CARTESIAN_POINT('',(70.9152577638441,-76.2761314984633,1.77873667411525));
#11548=CARTESIAN_POINT('',(79.3414242832687,-76.2761314984633,1.77873667411525));
#11549=CARTESIAN_POINT('',(70.9152577638441,-76.2761314984633,-5.00641131038207));
#11550=CARTESIAN_POINT('',(72.9152577638441,-76.2761314984633,33.9935886896179));
#11551=CARTESIAN_POINT('Origin',(72.9152577638441,-74.2761314984633,-5.));
#11552=CARTESIAN_POINT('',(72.9152577638441,-74.2761314984633,1.77873667411525));
#11553=CARTESIAN_POINT('',(72.9152577638441,-74.2761314984633,-2.5));
#11554=CARTESIAN_POINT('',(72.9152577638441,-74.2761314984633,1.77873667411526));
#11555=CARTESIAN_POINT('Origin',(70.9152577638441,-74.2761314984633,1.77873667411525));
#11556=CARTESIAN_POINT('',(70.9152577638441,-74.2761314984633,1.77873667411525));
#11557=CARTESIAN_POINT('Origin',(-9.05303336606833,-74.2761314984633,0.));
#11558=CARTESIAN_POINT('',(56.804146652733,-74.2761314984633,1.77873667411525));
#11559=CARTESIAN_POINT('',(56.804146652733,-74.2761314984633,0.889368337057627));
#11560=CARTESIAN_POINT('',(54.1004429490292,-74.2761314984633,1.77873667411525));
#11561=CARTESIAN_POINT('',(35.1441954586002,-74.2761314984633,1.77873667411525));
#11562=CARTESIAN_POINT('',(54.1004429490292,-74.2761314984633,-2.5));
#11563=CARTESIAN_POINT('Origin',(53.1004429490292,-76.2761314984633,-1.61063166294237));
#11564=CARTESIAN_POINT('',(54.1004429490292,-76.2761314984633,1.77873667411526));
#11565=CARTESIAN_POINT('',(52.1004429490293,-76.2761314984633,1.77873667411525));
#11566=CARTESIAN_POINT('',(79.3414242832687,-76.2761314984633,1.77873667411525));
#11567=CARTESIAN_POINT('',(52.1004429490293,-76.2761314984633,-5.00641131038207));
#11568=CARTESIAN_POINT('',(54.1004429490292,-76.2761314984633,33.9935886896179));
#11569=CARTESIAN_POINT('Origin',(54.1004429490292,-74.2761314984633,-5.));
#11570=CARTESIAN_POINT('',(54.1004429490292,-74.2761314984633,1.77873667411526));
#11571=CARTESIAN_POINT('Origin',(52.1004429490293,-74.2761314984633,1.77873667411525));
#11572=CARTESIAN_POINT('',(52.1004429490293,-74.2761314984633,1.77873667411525));
#11573=CARTESIAN_POINT('Origin',(-9.05303336606833,-74.2761314984633,0.));
#11574=CARTESIAN_POINT('',(37.9893318379181,-74.2761314984633,1.77873667411525));
#11575=CARTESIAN_POINT('',(37.9893318379181,-74.2761314984633,0.889368337057627));
#11576=CARTESIAN_POINT('',(35.2856281342144,-74.2761314984633,1.77873667411525));
#11577=CARTESIAN_POINT('',(35.1441954586002,-74.2761314984633,1.77873667411525));
#11578=CARTESIAN_POINT('',(35.2856281342144,-74.2761314984633,-2.5));
#11579=CARTESIAN_POINT('Origin',(34.2856281342144,-76.2761314984633,-1.61063166294237));
#11580=CARTESIAN_POINT('',(35.2856281342144,-76.2761314984633,1.77873667411526));
#11581=CARTESIAN_POINT('',(33.2856281342144,-76.2761314984633,1.77873667411525));
#11582=CARTESIAN_POINT('',(79.3414242832687,-76.2761314984633,1.77873667411525));
#11583=CARTESIAN_POINT('',(33.2856281342144,-76.2761314984633,-5.00641131038207));
#11584=CARTESIAN_POINT('',(35.2856281342144,-76.2761314984633,33.9935886896179));
#11585=CARTESIAN_POINT('Origin',(35.2856281342144,-74.2761314984633,-5.));
#11586=CARTESIAN_POINT('',(35.2856281342144,-74.2761314984633,1.77873667411526));
#11587=CARTESIAN_POINT('Origin',(33.2856281342144,-74.2761314984633,1.77873667411525));
#11588=CARTESIAN_POINT('',(33.2856281342144,-74.2761314984633,1.77873667411525));
#11589=CARTESIAN_POINT('Origin',(-9.05303336606833,-74.2761314984633,0.));
#11590=CARTESIAN_POINT('',(-22.5477051991189,-74.2761314984633,0.423642796580075));
#11591=CARTESIAN_POINT('',(-22.5477051991189,-74.2761314984633,28.5763572034199));
#11592=CARTESIAN_POINT('',(-22.5477051991189,-74.2761314984633,14.28817860171));
#11593=CARTESIAN_POINT('Origin',(-9.05303336606833,-74.2761314984633,14.5));
#11594=CARTESIAN_POINT('Origin',(-9.05303336606833,-74.2761314984633,14.5));
#11595=CARTESIAN_POINT('Origin',(-21.5477051991189,-76.2761314984633,14.5));
#11596=CARTESIAN_POINT('',(-22.5477051991189,-76.2761314984633,0.423642796580075));
#11597=CARTESIAN_POINT('',(-20.5477051991189,-76.2761314984633,-1.25190526414104));
#11598=CARTESIAN_POINT('Origin',(-9.05303336606833,-76.2761314984633,14.5));
#11599=CARTESIAN_POINT('',(-20.5477051991189,-76.2761314984633,30.251905264141));
#11600=CARTESIAN_POINT('',(-20.5477051991189,-76.2761314984633,33.9935886896179));
#11601=CARTESIAN_POINT('',(-22.5477051991189,-76.2761314984633,28.5763572034199));
#11602=CARTESIAN_POINT('Origin',(-9.05303336606833,-76.2761314984633,14.5));
#11603=CARTESIAN_POINT('',(-22.5477051991189,-76.2761314984633,-5.00641131038207));
#11604=CARTESIAN_POINT('Origin',(-22.5477051991189,-74.2761314984633,28.5763572034199));
#11605=CARTESIAN_POINT('',(-22.5477051991189,-74.2761314984633,0.423642796580075));
#11606=CARTESIAN_POINT('',(-22.5477051991189,-74.2761314984633,28.5763572034199));
#11607=CARTESIAN_POINT('Origin',(-20.5477051991189,-74.2761314984633,-1.25190526414104));
#11608=CARTESIAN_POINT('',(-20.5477051991189,-74.2761314984633,30.251905264141));
#11609=CARTESIAN_POINT('',(-20.5477051991189,-74.2761314984633,-1.25190526414104));
#11610=CARTESIAN_POINT('',(-20.5477051991189,-74.2761314984633,-0.625952632070519));
#11611=CARTESIAN_POINT('',(-20.5477051991189,-74.2761314984633,30.251905264141));
#11612=CARTESIAN_POINT('',(-20.5477051991189,-74.2761314984633,-1.25190526414104));
#11613=CARTESIAN_POINT('Origin',(-9.05303336606833,-74.2761314984633,0.));
#11614=CARTESIAN_POINT('',(-18.0477051991189,-74.2761314984633,-2.80161491351969));
#11615=CARTESIAN_POINT('',(-18.0477051991189,-74.2761314984633,31.8016149135197));
#11616=CARTESIAN_POINT('',(-18.0477051991189,-74.2761314984633,15.9008074567598));
#11617=CARTESIAN_POINT('Origin',(-9.05303336606833,-74.2761314984633,14.5));
#11618=CARTESIAN_POINT('Origin',(-9.05303336606833,-74.2761314984633,14.5));
#11619=CARTESIAN_POINT('Origin',(-17.0477051991189,-76.2761314984633,14.5));
#11620=CARTESIAN_POINT('',(-18.0477051991189,-76.2761314984633,-2.80161491351969));
#11621=CARTESIAN_POINT('',(-16.0477051991189,-76.2761314984633,-3.70232309206518));
#11622=CARTESIAN_POINT('Origin',(-9.05303336606833,-76.2761314984633,14.5));
#11623=CARTESIAN_POINT('',(-16.0477051991189,-76.2761314984633,32.7023230920652));
#11624=CARTESIAN_POINT('',(-16.0477051991189,-76.2761314984633,33.9935886896179));
#11625=CARTESIAN_POINT('',(-18.0477051991189,-76.2761314984633,31.8016149135197));
#11626=CARTESIAN_POINT('Origin',(-9.05303336606833,-76.2761314984633,14.5));
#11627=CARTESIAN_POINT('',(-18.0477051991189,-76.2761314984633,-5.00641131038207));
#11628=CARTESIAN_POINT('Origin',(-18.0477051991189,-74.2761314984633,31.8016149135197));
#11629=CARTESIAN_POINT('',(-18.0477051991189,-74.2761314984633,-2.80161491351969));
#11630=CARTESIAN_POINT('',(-18.0477051991189,-74.2761314984633,31.8016149135197));
#11631=CARTESIAN_POINT('Origin',(-16.0477051991189,-74.2761314984633,-3.70232309206518));
#11632=CARTESIAN_POINT('',(-16.0477051991189,-74.2761314984633,32.7023230920652));
#11633=CARTESIAN_POINT('',(-16.0477051991189,-74.2761314984633,-3.70232309206518));
#11634=CARTESIAN_POINT('',(-16.0477051991189,-74.2761314984633,-1.85116154603259));
#11635=CARTESIAN_POINT('',(-16.0477051991189,-74.2761314984633,32.7023230920652));
#11636=CARTESIAN_POINT('',(-16.0477051991189,-74.2761314984633,-3.70232309206518));
#11637=CARTESIAN_POINT('Origin',(-9.05303336606833,-74.2761314984633,0.));
#11638=CARTESIAN_POINT('',(75.6189614675477,-74.2761314984633,1.77873667411525));
#11639=CARTESIAN_POINT('',(75.6189614675477,-74.2761314984633,0.889368337057627));
#11640=CARTESIAN_POINT('',(35.1441954586002,-74.2761314984633,1.77873667411525));
#11641=CARTESIAN_POINT('Origin',(-9.05303336606833,-74.2761314984633,0.));
#11642=CARTESIAN_POINT('',(89.7300725786589,-74.2761314984633,30.9));
#11643=CARTESIAN_POINT('',(87.0263688749552,-74.2761314984633,30.9));
#11644=CARTESIAN_POINT('',(18.6293775807862,-74.2761314984633,30.9));
#11645=CARTESIAN_POINT('',(87.0263688749552,-74.2761314984633,-2.5));
#11646=CARTESIAN_POINT('',(89.7300725786589,-74.2761314984633,16.996794344809));
#11647=CARTESIAN_POINT('Origin',(-9.05303336606833,-74.2761314984633,0.));
#11648=CARTESIAN_POINT('',(25.878220726807,-74.2761314984633,1.77873667411526));
#11649=CARTESIAN_POINT('',(25.878220726807,-74.2761314984633,-2.5));
#11650=CARTESIAN_POINT('',(35.1441954586002,-74.2761314984633,1.77873667411525));
#11651=CARTESIAN_POINT('Origin',(24.878220726807,-76.2761314984633,-1.61063166294237));
#11652=CARTESIAN_POINT('',(25.878220726807,-76.2761314984633,1.77873667411526));
#11653=CARTESIAN_POINT('',(23.878220726807,-76.2761314984633,1.77873667411525));
#11654=CARTESIAN_POINT('',(79.3414242832687,-76.2761314984633,1.77873667411525));
#11655=CARTESIAN_POINT('',(23.878220726807,-76.2761314984633,-5.00641131038207));
#11656=CARTESIAN_POINT('',(25.878220726807,-76.2761314984633,33.9935886896179));
#11657=CARTESIAN_POINT('Origin',(25.878220726807,-74.2761314984633,-5.));
#11658=CARTESIAN_POINT('',(25.878220726807,-74.2761314984633,1.77873667411526));
#11659=CARTESIAN_POINT('Origin',(23.878220726807,-74.2761314984633,1.77873667411525));
#11660=CARTESIAN_POINT('',(23.878220726807,-74.2761314984633,1.77873667411525));
#11661=CARTESIAN_POINT('',(23.878220726807,-74.2761314984633,0.889368337057627));
#11662=CARTESIAN_POINT('',(23.878220726807,-74.2761314984633,1.77873667411525));
#11663=CARTESIAN_POINT('Origin',(-9.05303336606833,-74.2761314984633,0.));
#11664=CARTESIAN_POINT('',(44.6930355416218,-74.2761314984633,1.77873667411525));
#11665=CARTESIAN_POINT('',(44.6930355416218,-74.2761314984633,-2.5));
#11666=CARTESIAN_POINT('',(35.1441954586002,-74.2761314984633,1.77873667411525));
#11667=CARTESIAN_POINT('Origin',(43.6930355416219,-76.2761314984633,-1.61063166294237));
#11668=CARTESIAN_POINT('',(44.6930355416218,-76.2761314984633,1.77873667411526));
#11669=CARTESIAN_POINT('',(42.6930355416219,-76.2761314984633,1.77873667411525));
#11670=CARTESIAN_POINT('',(79.3414242832687,-76.2761314984633,1.77873667411525));
#11671=CARTESIAN_POINT('',(42.6930355416219,-76.2761314984633,-5.00641131038207));
#11672=CARTESIAN_POINT('',(44.6930355416218,-76.2761314984633,33.9935886896179));
#11673=CARTESIAN_POINT('Origin',(44.6930355416218,-74.2761314984633,-5.));
#11674=CARTESIAN_POINT('',(44.6930355416218,-74.2761314984633,1.77873667411526));
#11675=CARTESIAN_POINT('Origin',(42.6930355416219,-74.2761314984633,1.77873667411525));
#11676=CARTESIAN_POINT('',(42.6930355416219,-74.2761314984633,1.77873667411525));
#11677=CARTESIAN_POINT('',(42.6930355416219,-74.2761314984633,0.889368337057627));
#11678=CARTESIAN_POINT('',(42.6930355416219,-74.2761314984633,1.77873667411525));
#11679=CARTESIAN_POINT('Origin',(-9.05303336606833,-74.2761314984633,0.));
#11680=CARTESIAN_POINT('',(63.5078503564367,-74.2761314984633,1.77873667411525));
#11681=CARTESIAN_POINT('',(63.5078503564367,-74.2761314984633,-2.5));
#11682=CARTESIAN_POINT('',(35.1441954586002,-74.2761314984633,1.77873667411525));
#11683=CARTESIAN_POINT('Origin',(62.5078503564367,-76.2761314984633,-1.61063166294237));
#11684=CARTESIAN_POINT('',(63.5078503564367,-76.2761314984633,1.77873667411526));
#11685=CARTESIAN_POINT('',(61.5078503564367,-76.2761314984633,1.77873667411525));
#11686=CARTESIAN_POINT('',(79.3414242832687,-76.2761314984633,1.77873667411525));
#11687=CARTESIAN_POINT('',(61.5078503564367,-76.2761314984633,-5.00641131038207));
#11688=CARTESIAN_POINT('',(63.5078503564367,-76.2761314984633,33.9935886896179));
#11689=CARTESIAN_POINT('Origin',(63.5078503564367,-74.2761314984633,-5.));
#11690=CARTESIAN_POINT('',(63.5078503564367,-74.2761314984633,1.77873667411526));
#11691=CARTESIAN_POINT('Origin',(61.5078503564367,-74.2761314984633,1.77873667411525));
#11692=CARTESIAN_POINT('',(61.5078503564367,-74.2761314984633,1.77873667411525));
#11693=CARTESIAN_POINT('',(61.5078503564367,-74.2761314984633,0.889368337057627));
#11694=CARTESIAN_POINT('',(61.5078503564367,-74.2761314984633,1.77873667411525));
#11695=CARTESIAN_POINT('Origin',(-9.05303336606833,-74.2761314984633,0.));
#11696=CARTESIAN_POINT('',(94.4337762823626,-74.2761314984633,30.9));
#11697=CARTESIAN_POINT('',(91.7300725786589,-74.2761314984633,30.9));
#11698=CARTESIAN_POINT('',(18.6293775807862,-74.2761314984633,30.9));
#11699=CARTESIAN_POINT('',(91.7300725786589,-74.2761314984633,-2.5));
#11700=CARTESIAN_POINT('',(94.4337762823626,-74.2761314984633,16.996794344809));
#11701=CARTESIAN_POINT('Origin',(5.06340591199223,-74.2761314984633,-5.00641131038207));
#11702=CARTESIAN_POINT('',(7.06340591199223,-76.2761314984633,-5.00641131038207));
#11703=CARTESIAN_POINT('',(7.06340591199223,-73.2761314984633,-5.00641131038207));
#11704=CARTESIAN_POINT('',(7.06340591199223,-74.2761314984633,-5.00641131038207));
#11705=CARTESIAN_POINT('',(5.06340591199223,-76.2761314984633,-5.00641131038207));
#11706=CARTESIAN_POINT('',(7.06340591199223,-76.2761314984633,-5.00641131038207));
#11707=CARTESIAN_POINT('',(5.06340591199223,-73.2761314984633,-5.00641131038207));
#11708=CARTESIAN_POINT('',(5.06340591199223,-74.2761314984633,-5.00641131038207));
#11709=CARTESIAN_POINT('',(7.06340591199223,-73.2761314984633,-5.00641131038207));
#11710=CARTESIAN_POINT('Origin',(6.06340591199223,-73.2761314984633,14.4935886896179));
#11711=CARTESIAN_POINT('',(7.06340591199223,-73.2761314984633,33.9935886896179));
#11712=CARTESIAN_POINT('',(5.06340591199223,-73.2761314984633,-5.00641131038207));
#11713=CARTESIAN_POINT('Origin',(-9.05303336606833,-74.2761314984633,0.));
#11714=CARTESIAN_POINT('',(108.544887393474,-74.2761314984633,-3.75039099400873));
#11715=CARTESIAN_POINT('',(108.544887393474,-74.2761314984633,32.7503909940087));
#11716=CARTESIAN_POINT('',(108.544887393474,-74.2761314984633,16.3751954970044));
#11717=CARTESIAN_POINT('',(105.84118368977,-74.2761314984633,33.5501005113349));
#11718=CARTESIAN_POINT('Origin',(101.67661042135,-74.2761314984633,14.5));
#11719=CARTESIAN_POINT('',(105.84118368977,-74.2761314984633,-4.55010051133488));
#11720=CARTESIAN_POINT('',(105.84118368977,-74.2761314984633,-2.27505025566744));
#11721=CARTESIAN_POINT('Origin',(101.67661042135,-74.2761314984633,14.5));
#11722=CARTESIAN_POINT('Origin',(104.84118368977,-76.2761314984633,14.5));
#11723=CARTESIAN_POINT('',(105.84118368977,-76.2761314984633,33.5501005113349));
#11724=CARTESIAN_POINT('',(103.84118368977,-76.2761314984633,33.8794897395582));
#11725=CARTESIAN_POINT('Origin',(101.67661042135,-76.2761314984633,14.5));
#11726=CARTESIAN_POINT('',(103.84118368977,-76.2761314984633,-4.87948973955819));
#11727=CARTESIAN_POINT('',(103.84118368977,-76.2761314984633,-5.00641131038207));
#11728=CARTESIAN_POINT('',(105.84118368977,-76.2761314984633,-4.55010051133487));
#11729=CARTESIAN_POINT('Origin',(101.67661042135,-76.2761314984633,14.5));
#11730=CARTESIAN_POINT('',(105.84118368977,-76.2761314984633,33.9935886896179));
#11731=CARTESIAN_POINT('Origin',(105.84118368977,-74.2761314984633,-4.55010051133488));
#11732=CARTESIAN_POINT('',(105.84118368977,-74.2761314984633,33.5501005113349));
#11733=CARTESIAN_POINT('',(105.84118368977,-74.2761314984633,-4.55010051133488));
#11734=CARTESIAN_POINT('Origin',(103.84118368977,-74.2761314984633,33.8794897395582));
#11735=CARTESIAN_POINT('',(103.84118368977,-74.2761314984633,-4.8794897395582));
#11736=CARTESIAN_POINT('',(103.84118368977,-74.2761314984633,33.8794897395582));
#11737=CARTESIAN_POINT('Origin',(101.67661042135,-74.2761314984633,14.5));
#11738=CARTESIAN_POINT('',(110.544887393474,-74.2761314984633,31.8667401531116));
#11739=CARTESIAN_POINT('Origin',(101.67661042135,-74.2761314984633,14.5));
#11740=CARTESIAN_POINT('',(110.544887393474,-74.2761314984633,-2.86674015311163));
#11741=CARTESIAN_POINT('Origin',(101.67661042135,-74.2761314984633,14.5));
#11742=CARTESIAN_POINT('',(110.544887393474,-76.2761314984633,-2.86674015311164));
#11743=CARTESIAN_POINT('',(110.544887393474,-74.2761314984633,-2.86674015311163));
#11744=CARTESIAN_POINT('',(108.544887393474,-76.2761314984633,-3.75039099400873));
#11745=CARTESIAN_POINT('Origin',(101.67661042135,-76.2761314984633,14.5));
#11746=CARTESIAN_POINT('',(108.544887393474,-74.2761314984633,-3.75039099400873));
#11747=CARTESIAN_POINT('',(103.84118368977,10.1195558572518,-4.8794897395582));
#11748=CARTESIAN_POINT('Origin',(101.67661042135,10.1195558572518,14.5));
#11749=CARTESIAN_POINT('',(103.84118368977,12.1195558572518,-4.8794897395582));
#11750=CARTESIAN_POINT('',(103.84118368977,10.1195558572518,-4.8794897395582));
#11751=CARTESIAN_POINT('',(105.84118368977,12.1195558572518,-4.55010051133488));
#11752=CARTESIAN_POINT('Origin',(101.67661042135,12.1195558572518,14.5));
#11753=CARTESIAN_POINT('',(105.84118368977,10.1195558572518,-4.55010051133488));
#11754=CARTESIAN_POINT('',(105.84118368977,10.1195558572518,-4.55010051133488));
#11755=CARTESIAN_POINT('',(108.544887393474,10.1195558572518,-3.75039099400873));
#11756=CARTESIAN_POINT('Origin',(101.67661042135,10.1195558572518,14.5));
#11757=CARTESIAN_POINT('',(108.544887393474,12.1195558572518,-3.75039099400873));
#11758=CARTESIAN_POINT('',(108.544887393474,10.1195558572518,-3.75039099400873));
#11759=CARTESIAN_POINT('',(110.544887393474,12.1195558572518,-2.86674015311163));
#11760=CARTESIAN_POINT('Origin',(101.67661042135,12.1195558572518,14.5));
#11761=CARTESIAN_POINT('',(110.544887393474,10.1195558572518,-2.86674015311163));
#11762=CARTESIAN_POINT('',(110.544887393474,10.1195558572518,-2.86674015311163));
#11763=CARTESIAN_POINT('',(113.248591097177,10.1195558572518,-1.19519873204148));
#11764=CARTESIAN_POINT('Origin',(101.67661042135,10.1195558572518,14.5));
#11765=CARTESIAN_POINT('',(113.248591097177,12.1195558572518,-1.19519873204148));
#11766=CARTESIAN_POINT('',(113.248591097177,10.1195558572518,-1.19519873204148));
#11767=CARTESIAN_POINT('',(115.248591097177,12.1195558572518,0.498166529523107));
#11768=CARTESIAN_POINT('Origin',(101.67661042135,12.1195558572518,14.5));
#11769=CARTESIAN_POINT('',(115.248591097177,10.1195558572518,0.498166529523107));
#11770=CARTESIAN_POINT('',(115.248591097177,10.1195558572518,0.498166529523107));
#11771=CARTESIAN_POINT('',(117.952294800881,10.1195558572518,3.75979059897405));
#11772=CARTESIAN_POINT('Origin',(101.67661042135,10.1195558572518,14.5));
#11773=CARTESIAN_POINT('',(117.952294800881,12.1195558572518,3.75979059897405));
#11774=CARTESIAN_POINT('',(117.952294800881,10.1195558572518,3.75979059897405));
#11775=CARTESIAN_POINT('',(119.952294800881,12.1195558572518,7.6993117657283));
#11776=CARTESIAN_POINT('Origin',(101.67661042135,12.1195558572518,14.5));
#11777=CARTESIAN_POINT('',(119.952294800881,10.1195558572518,7.6993117657283));
#11778=CARTESIAN_POINT('',(119.952294800881,10.1195558572518,7.6993117657283));
#11779=CARTESIAN_POINT('',(119.952294800881,10.1195558572518,21.3006882342717));
#11780=CARTESIAN_POINT('Origin',(101.67661042135,10.1195558572518,14.5));
#11781=CARTESIAN_POINT('',(119.952294800881,12.1195558572518,21.3006882342717));
#11782=CARTESIAN_POINT('',(119.952294800881,10.1195558572518,21.3006882342717));
#11783=CARTESIAN_POINT('',(117.952294800881,12.1195558572518,25.240209401026));
#11784=CARTESIAN_POINT('Origin',(101.67661042135,12.1195558572518,14.5));
#11785=CARTESIAN_POINT('',(117.952294800881,10.1195558572518,25.240209401026));
#11786=CARTESIAN_POINT('',(117.952294800881,10.1195558572518,25.240209401026));
#11787=CARTESIAN_POINT('',(115.248591097177,10.1195558572518,28.5018334704769));
#11788=CARTESIAN_POINT('Origin',(101.67661042135,10.1195558572518,14.5));
#11789=CARTESIAN_POINT('',(115.248591097177,12.1195558572518,28.5018334704769));
#11790=CARTESIAN_POINT('',(115.248591097177,10.1195558572518,28.5018334704769));
#11791=CARTESIAN_POINT('',(113.248591097177,12.1195558572518,30.1951987320415));
#11792=CARTESIAN_POINT('Origin',(101.67661042135,12.1195558572518,14.5));
#11793=CARTESIAN_POINT('',(113.248591097177,10.1195558572518,30.1951987320415));
#11794=CARTESIAN_POINT('',(113.248591097177,10.1195558572518,30.1951987320415));
#11795=CARTESIAN_POINT('',(110.544887393474,10.1195558572518,31.8667401531116));
#11796=CARTESIAN_POINT('Origin',(101.67661042135,10.1195558572518,14.5));
#11797=CARTESIAN_POINT('',(110.544887393474,12.1195558572518,31.8667401531116));
#11798=CARTESIAN_POINT('',(110.544887393474,10.1195558572518,31.8667401531116));
#11799=CARTESIAN_POINT('',(108.544887393474,12.1195558572518,32.7503909940087));
#11800=CARTESIAN_POINT('Origin',(101.67661042135,12.1195558572518,14.5));
#11801=CARTESIAN_POINT('',(108.544887393474,10.1195558572518,32.7503909940087));
#11802=CARTESIAN_POINT('',(108.544887393474,10.1195558572518,32.7503909940087));
#11803=CARTESIAN_POINT('',(105.84118368977,10.1195558572518,33.5501005113349));
#11804=CARTESIAN_POINT('Origin',(101.67661042135,10.1195558572518,14.5));
#11805=CARTESIAN_POINT('',(105.84118368977,12.1195558572518,33.5501005113349));
#11806=CARTESIAN_POINT('',(105.84118368977,10.1195558572518,33.5501005113349));
#11807=CARTESIAN_POINT('',(103.84118368977,12.1195558572518,33.8794897395582));
#11808=CARTESIAN_POINT('Origin',(101.67661042135,12.1195558572518,14.5));
#11809=CARTESIAN_POINT('',(103.84118368977,10.1195558572518,33.8794897395582));
#11810=CARTESIAN_POINT('',(103.84118368977,10.1195558572518,33.8794897395582));
#11811=CARTESIAN_POINT('Origin',(101.67661042135,10.1195558572518,14.5));
#11812=CARTESIAN_POINT('',(108.544887393474,-76.2761314984633,32.7503909940087));
#11813=CARTESIAN_POINT('',(108.544887393474,-74.2761314984633,32.7503909940087));
#11814=CARTESIAN_POINT('',(110.544887393474,-76.2761314984633,31.8667401531116));
#11815=CARTESIAN_POINT('Origin',(101.67661042135,-76.2761314984633,14.5));
#11816=CARTESIAN_POINT('',(110.544887393474,-74.2761314984633,31.8667401531116));
#11817=CARTESIAN_POINT('Origin',(-9.05303336606833,-74.2761314984633,0.));
#11818=CARTESIAN_POINT('',(110.544887393474,-74.2761314984633,-1.43337007655582));
#11819=CARTESIAN_POINT('Origin',(109.544887393474,-76.2761314984633,14.5));
#11820=CARTESIAN_POINT('',(108.544887393474,-76.2761314984633,-5.00641131038207));
#11821=CARTESIAN_POINT('',(110.544887393474,-76.2761314984633,33.9935886896179));
#11822=CARTESIAN_POINT('Origin',(110.544887393474,-74.2761314984633,-2.86674015311163));
#11823=CARTESIAN_POINT('Origin',(108.544887393474,-74.2761314984633,32.7503909940087));
#11824=CARTESIAN_POINT('Origin',(-9.05303336606833,-74.2761314984633,0.));
#11825=CARTESIAN_POINT('',(-4.34400149541518,-74.2761314984633,30.9));
#11826=CARTESIAN_POINT('',(-7.04770519911888,-74.2761314984633,30.9));
#11827=CARTESIAN_POINT('',(18.6293775807862,-74.2761314984633,30.9));
#11828=CARTESIAN_POINT('',(-7.04770519911888,-74.2761314984633,-2.50320565519104));
#11829=CARTESIAN_POINT('',(-4.34400149541518,-74.2761314984633,16.996794344809));
#11830=CARTESIAN_POINT('Origin',(-9.04770519911888,-74.2761314984633,-5.00641131038207));
#11831=CARTESIAN_POINT('',(-7.04770519911888,-73.2761314984633,-5.00641131038207));
#11832=CARTESIAN_POINT('',(-7.04770519911888,-76.2761314984633,-5.00641131038207));
#11833=CARTESIAN_POINT('',(-7.04770519911888,-74.2761314984633,-5.00641131038207));
#11834=CARTESIAN_POINT('',(-9.04770519911888,-76.2761314984633,-5.00641131038207));
#11835=CARTESIAN_POINT('',(-7.04770519911888,-76.2761314984633,-5.00641131038207));
#11836=CARTESIAN_POINT('',(-9.04770519911888,-73.2761314984633,-5.00641131038207));
#11837=CARTESIAN_POINT('',(-9.04770519911888,-74.2761314984633,-5.00641131038207));
#11838=CARTESIAN_POINT('',(-7.04770519911888,-73.2761314984633,-5.00641131038207));
#11839=CARTESIAN_POINT('Origin',(-8.04770519911888,-73.2761314984633,14.4935886896179));
#11840=CARTESIAN_POINT('',(-7.04770519911888,-73.2761314984633,33.9935886896179));
#11841=CARTESIAN_POINT('',(-9.04770519911888,-73.2761314984633,-5.00641131038207));
#11842=CARTESIAN_POINT('Origin',(9.76710961569593,-74.2761314984633,-5.00641131038207));
#11843=CARTESIAN_POINT('',(11.7671096156959,-76.2761314984633,-5.00641131038207));
#11844=CARTESIAN_POINT('',(11.7671096156959,-73.2761314984633,-5.00641131038207));
#11845=CARTESIAN_POINT('',(11.7671096156959,-74.2761314984633,-5.00641131038207));
#11846=CARTESIAN_POINT('',(9.76710961569593,-76.2761314984633,-5.00641131038207));
#11847=CARTESIAN_POINT('',(11.7671096156959,-76.2761314984633,-5.00641131038207));
#11848=CARTESIAN_POINT('',(9.76710961569593,-73.2761314984633,-5.00641131038207));
#11849=CARTESIAN_POINT('',(9.76710961569593,-74.2761314984633,-5.00641131038207));
#11850=CARTESIAN_POINT('',(11.7671096156959,-73.2761314984633,-5.00641131038207));
#11851=CARTESIAN_POINT('Origin',(10.7671096156959,-73.2761314984633,14.4935886896179));
#11852=CARTESIAN_POINT('',(11.7671096156959,-73.2761314984633,33.9935886896179));
#11853=CARTESIAN_POINT('',(9.76710961569593,-73.2761314984633,-5.00641131038207));
#11854=CARTESIAN_POINT('Origin',(76.6189614675478,-76.2761314984633,-1.61063166294237));
#11855=CARTESIAN_POINT('',(77.6189614675478,-76.2761314984633,1.77873667411526));
#11856=CARTESIAN_POINT('',(75.6189614675477,-76.2761314984633,1.77873667411525));
#11857=CARTESIAN_POINT('',(79.3414242832687,-76.2761314984633,1.77873667411525));
#11858=CARTESIAN_POINT('',(75.6189614675477,-76.2761314984633,-5.00641131038207));
#11859=CARTESIAN_POINT('',(77.6189614675478,-76.2761314984633,33.9935886896179));
#11860=CARTESIAN_POINT('Origin',(77.6189614675478,-74.2761314984633,-5.));
#11861=CARTESIAN_POINT('',(77.6189614675478,-74.2761314984633,1.77873667411525));
#11862=CARTESIAN_POINT('',(77.6189614675478,-74.2761314984633,-2.5));
#11863=CARTESIAN_POINT('',(77.6189614675478,-74.2761314984633,1.77873667411526));
#11864=CARTESIAN_POINT('Origin',(75.6189614675477,-74.2761314984633,1.77873667411525));
#11865=CARTESIAN_POINT('',(75.6189614675477,-74.2761314984633,1.77873667411525));
#11866=CARTESIAN_POINT('Origin',(-9.05303336606833,-74.2761314984633,0.));
#11867=CARTESIAN_POINT('',(58.804146652733,-74.2761314984633,1.77873667411525));
#11868=CARTESIAN_POINT('',(58.804146652733,-74.2761314984633,-2.5));
#11869=CARTESIAN_POINT('',(35.1441954586002,-74.2761314984633,1.77873667411525));
#11870=CARTESIAN_POINT('Origin',(57.804146652733,-76.2761314984633,-1.61063166294237));
#11871=CARTESIAN_POINT('',(58.804146652733,-76.2761314984633,1.77873667411526));
#11872=CARTESIAN_POINT('',(56.804146652733,-76.2761314984633,1.77873667411525));
#11873=CARTESIAN_POINT('',(79.3414242832687,-76.2761314984633,1.77873667411525));
#11874=CARTESIAN_POINT('',(56.804146652733,-76.2761314984633,-5.00641131038207));
#11875=CARTESIAN_POINT('',(58.804146652733,-76.2761314984633,33.9935886896179));
#11876=CARTESIAN_POINT('Origin',(58.804146652733,-74.2761314984633,-5.));
#11877=CARTESIAN_POINT('',(58.804146652733,-74.2761314984633,1.77873667411526));
#11878=CARTESIAN_POINT('Origin',(56.804146652733,-74.2761314984633,1.77873667411525));
#11879=CARTESIAN_POINT('',(56.804146652733,-74.2761314984633,1.77873667411525));
#11880=CARTESIAN_POINT('Origin',(-9.05303336606833,-74.2761314984633,0.));
#11881=CARTESIAN_POINT('',(39.9893318379181,-74.2761314984633,1.77873667411525));
#11882=CARTESIAN_POINT('',(39.9893318379181,-74.2761314984633,-2.5));
#11883=CARTESIAN_POINT('',(35.1441954586002,-74.2761314984633,1.77873667411525));
#11884=CARTESIAN_POINT('Origin',(38.9893318379181,-76.2761314984633,-1.61063166294237));
#11885=CARTESIAN_POINT('',(39.9893318379181,-76.2761314984633,1.77873667411526));
#11886=CARTESIAN_POINT('',(37.9893318379181,-76.2761314984633,1.77873667411525));
#11887=CARTESIAN_POINT('',(79.3414242832687,-76.2761314984633,1.77873667411525));
#11888=CARTESIAN_POINT('',(37.9893318379181,-76.2761314984633,-5.00641131038207));
#11889=CARTESIAN_POINT('',(39.9893318379181,-76.2761314984633,33.9935886896179));
#11890=CARTESIAN_POINT('Origin',(39.9893318379181,-74.2761314984633,-5.));
#11891=CARTESIAN_POINT('',(39.9893318379181,-74.2761314984633,1.77873667411526));
#11892=CARTESIAN_POINT('Origin',(37.9893318379181,-74.2761314984633,1.77873667411525));
#11893=CARTESIAN_POINT('',(37.9893318379181,-74.2761314984633,1.77873667411525));
#11894=CARTESIAN_POINT('Origin',(-9.05303336606833,-74.2761314984633,0.));
#11895=CARTESIAN_POINT('',(21.1745170231033,-74.2761314984633,1.77873667411525));
#11896=CARTESIAN_POINT('',(21.1745170231033,-74.2761314984633,-2.5));
#11897=CARTESIAN_POINT('',(35.1441954586002,-74.2761314984633,1.77873667411525));
#11898=CARTESIAN_POINT('Origin',(79.3414242832687,-74.2761314984633,1.77873667411525));
#11899=CARTESIAN_POINT('',(35.1441954586002,-74.2761314984633,1.77873667411525));
#11900=CARTESIAN_POINT('',(19.1745170231033,-74.2761314984633,1.77873667411525));
#11901=CARTESIAN_POINT('',(35.1441954586002,-74.2761314984633,1.77873667411525));
#11902=CARTESIAN_POINT('',(19.1745170231033,-76.2761314984633,1.77873667411525));
#11903=CARTESIAN_POINT('',(19.1745170231033,-74.2761314984633,1.77873667411525));
#11904=CARTESIAN_POINT('',(21.1745170231033,-76.2761314984633,1.77873667411526));
#11905=CARTESIAN_POINT('',(79.3414242832687,-76.2761314984633,1.77873667411525));
#11906=CARTESIAN_POINT('',(21.1745170231033,-74.2761314984633,1.77873667411526));
#11907=CARTESIAN_POINT('Origin',(20.1745170231033,-76.2761314984633,-1.61063166294237));
#11908=CARTESIAN_POINT('',(19.1745170231033,-76.2761314984633,-5.00641131038207));
#11909=CARTESIAN_POINT('',(21.1745170231033,-76.2761314984633,33.9935886896179));
#11910=CARTESIAN_POINT('Origin',(21.1745170231033,-74.2761314984633,-5.));
#11911=CARTESIAN_POINT('Origin',(19.1745170231033,-74.2761314984633,1.77873667411525));
#11912=CARTESIAN_POINT('',(19.1745170231033,-74.2761314984633,0.889368337057627));
#11913=CARTESIAN_POINT('Origin',(-9.05303336606833,-74.2761314984633,14.5));
#11914=CARTESIAN_POINT('',(-13.5477051991189,-74.2761314984633,-4.47492885660397));
#11915=CARTESIAN_POINT('Origin',(-9.05303336606833,-74.2761314984633,14.5));
#11916=CARTESIAN_POINT('',(-13.5477051991189,-74.2761314984633,33.474928856604));
#11917=CARTESIAN_POINT('Origin',(-9.05303336606833,-74.2761314984633,14.5));
#11918=CARTESIAN_POINT('',(-13.5477051991189,-76.2761314984633,33.474928856604));
#11919=CARTESIAN_POINT('',(-13.5477051991189,-74.2761314984633,33.474928856604));
#11920=CARTESIAN_POINT('',(-11.5477051991189,-76.2761314984633,33.8397676419699));
#11921=CARTESIAN_POINT('Origin',(-9.05303336606833,-76.2761314984633,14.5));
#11922=CARTESIAN_POINT('',(-11.5477051991189,-74.2761314984633,33.8397676419699));
#11923=CARTESIAN_POINT('',(-11.5477051991189,-74.2761314984633,33.8397676419699));
#11924=CARTESIAN_POINT('Origin',(-9.05303336606833,-74.2761314984633,14.5));
#11925=CARTESIAN_POINT('',(-11.5477051991189,10.1195558572518,33.8397676419699));
#11926=CARTESIAN_POINT('Origin',(-9.05303336606833,10.1195558572518,14.5));
#11927=CARTESIAN_POINT('',(-11.5477051991189,12.1195558572518,33.8397676419699));
#11928=CARTESIAN_POINT('',(-11.5477051991189,10.1195558572518,33.8397676419699));
#11929=CARTESIAN_POINT('',(-13.5477051991189,12.1195558572518,33.474928856604));
#11930=CARTESIAN_POINT('Origin',(-9.05303336606833,12.1195558572518,14.5));
#11931=CARTESIAN_POINT('',(-13.5477051991189,10.1195558572518,33.474928856604));
#11932=CARTESIAN_POINT('',(-13.5477051991189,10.1195558572518,33.474928856604));
#11933=CARTESIAN_POINT('',(-16.0477051991189,10.1195558572518,32.7023230920652));
#11934=CARTESIAN_POINT('Origin',(-9.05303336606833,10.1195558572518,14.5));
#11935=CARTESIAN_POINT('',(-16.0477051991189,12.1195558572518,32.7023230920652));
#11936=CARTESIAN_POINT('',(-16.0477051991189,10.1195558572518,32.7023230920652));
#11937=CARTESIAN_POINT('',(-18.0477051991189,12.1195558572518,31.8016149135197));
#11938=CARTESIAN_POINT('Origin',(-9.05303336606833,12.1195558572518,14.5));
#11939=CARTESIAN_POINT('',(-18.0477051991189,10.1195558572518,31.8016149135197));
#11940=CARTESIAN_POINT('',(-18.0477051991189,10.1195558572518,31.8016149135197));
#11941=CARTESIAN_POINT('',(-20.5477051991189,10.1195558572518,30.251905264141));
#11942=CARTESIAN_POINT('Origin',(-9.05303336606833,10.1195558572518,14.5));
#11943=CARTESIAN_POINT('',(-20.5477051991189,12.1195558572518,30.251905264141));
#11944=CARTESIAN_POINT('',(-20.5477051991189,10.1195558572518,30.251905264141));
#11945=CARTESIAN_POINT('',(-22.5477051991189,12.1195558572518,28.5763572034199));
#11946=CARTESIAN_POINT('Origin',(-9.05303336606833,12.1195558572518,14.5));
#11947=CARTESIAN_POINT('',(-22.5477051991189,10.1195558572518,28.5763572034199));
#11948=CARTESIAN_POINT('',(-22.5477051991189,10.1195558572518,28.5763572034199));
#11949=CARTESIAN_POINT('',(-25.0477051991189,10.1195558572518,25.6543925407446));
#11950=CARTESIAN_POINT('Origin',(-9.05303336606833,10.1195558572518,14.5));
#11951=CARTESIAN_POINT('',(-25.0477051991189,12.1195558572518,25.6543925407446));
#11952=CARTESIAN_POINT('',(-25.0477051991189,10.1195558572518,25.6543925407446));
#11953=CARTESIAN_POINT('',(-27.0477051991189,12.1195558572518,22.0127748283053));
#11954=CARTESIAN_POINT('Origin',(-9.05303336606833,12.1195558572518,14.5));
#11955=CARTESIAN_POINT('',(-27.0477051991189,10.1195558572518,22.0127748283053));
#11956=CARTESIAN_POINT('',(-27.0477051991189,10.1195558572518,22.0127748283053));
#11957=CARTESIAN_POINT('',(-27.0477051991189,10.1195558572518,6.98722517169475));
#11958=CARTESIAN_POINT('Origin',(-9.05303336606833,10.1195558572518,14.5));
#11959=CARTESIAN_POINT('',(-27.0477051991189,12.1195558572518,6.98722517169475));
#11960=CARTESIAN_POINT('',(-27.0477051991189,10.1195558572518,6.98722517169475));
#11961=CARTESIAN_POINT('',(-25.0477051991189,12.1195558572518,3.34560745925538));
#11962=CARTESIAN_POINT('Origin',(-9.05303336606833,12.1195558572518,14.5));
#11963=CARTESIAN_POINT('',(-25.0477051991189,10.1195558572518,3.34560745925538));
#11964=CARTESIAN_POINT('',(-25.0477051991189,10.1195558572518,3.34560745925538));
#11965=CARTESIAN_POINT('',(-22.5477051991189,10.1195558572518,0.423642796580075));
#11966=CARTESIAN_POINT('Origin',(-9.05303336606833,10.1195558572518,14.5));
#11967=CARTESIAN_POINT('',(-22.5477051991189,12.1195558572518,0.423642796580075));
#11968=CARTESIAN_POINT('',(-22.5477051991189,10.1195558572518,0.423642796580075));
#11969=CARTESIAN_POINT('',(-20.5477051991189,12.1195558572518,-1.25190526414104));
#11970=CARTESIAN_POINT('Origin',(-9.05303336606833,12.1195558572518,14.5));
#11971=CARTESIAN_POINT('',(-20.5477051991189,10.1195558572518,-1.25190526414104));
#11972=CARTESIAN_POINT('',(-20.5477051991189,10.1195558572518,-1.25190526414104));
#11973=CARTESIAN_POINT('',(-18.0477051991189,10.1195558572518,-2.80161491351969));
#11974=CARTESIAN_POINT('Origin',(-9.05303336606833,10.1195558572518,14.5));
#11975=CARTESIAN_POINT('',(-18.0477051991189,12.1195558572518,-2.80161491351969));
#11976=CARTESIAN_POINT('',(-18.0477051991189,10.1195558572518,-2.80161491351969));
#11977=CARTESIAN_POINT('',(-16.0477051991189,12.1195558572518,-3.70232309206518));
#11978=CARTESIAN_POINT('Origin',(-9.05303336606833,12.1195558572518,14.5));
#11979=CARTESIAN_POINT('',(-16.0477051991189,10.1195558572518,-3.70232309206518));
#11980=CARTESIAN_POINT('',(-16.0477051991189,10.1195558572518,-3.70232309206518));
#11981=CARTESIAN_POINT('',(-13.5477051991189,10.1195558572518,-4.47492885660397));
#11982=CARTESIAN_POINT('Origin',(-9.05303336606833,10.1195558572518,14.5));
#11983=CARTESIAN_POINT('',(-13.5477051991189,12.1195558572518,-4.47492885660397));
#11984=CARTESIAN_POINT('',(-13.5477051991189,10.1195558572518,-4.47492885660397));
#11985=CARTESIAN_POINT('',(-11.5477051991189,12.1195558572518,-4.83976764196985));
#11986=CARTESIAN_POINT('Origin',(-9.05303336606833,12.1195558572518,14.5));
#11987=CARTESIAN_POINT('',(-11.5477051991189,10.1195558572518,-4.83976764196985));
#11988=CARTESIAN_POINT('',(-11.5477051991189,10.1195558572518,-4.83976764196985));
#11989=CARTESIAN_POINT('Origin',(-9.05303336606833,10.1195558572518,14.5));
#11990=CARTESIAN_POINT('',(-11.5477051991189,-74.2761314984633,-4.83976764196985));
#11991=CARTESIAN_POINT('Origin',(-9.05303336606833,-74.2761314984633,14.5));
#11992=CARTESIAN_POINT('',(-11.5477051991189,-76.2761314984633,-4.83976764196985));
#11993=CARTESIAN_POINT('',(-11.5477051991189,-74.2761314984633,-4.83976764196985));
#11994=CARTESIAN_POINT('',(-13.5477051991189,-76.2761314984633,-4.47492885660397));
#11995=CARTESIAN_POINT('Origin',(-9.05303336606833,-76.2761314984633,14.5));
#11996=CARTESIAN_POINT('',(-13.5477051991189,-74.2761314984633,-4.47492885660397));
#11997=CARTESIAN_POINT('Origin',(-9.05303336606833,-74.2761314984633,0.));
#11998=CARTESIAN_POINT('',(-13.5477051991189,-74.2761314984633,16.737464428302));
#11999=CARTESIAN_POINT('Origin',(-12.5477051991189,-76.2761314984633,14.5));
#12000=CARTESIAN_POINT('',(-11.5477051991189,-76.2761314984633,33.9935886896179));
#12001=CARTESIAN_POINT('',(-13.5477051991189,-76.2761314984633,-5.00641131038207));
#12002=CARTESIAN_POINT('Origin',(-13.5477051991189,-74.2761314984633,33.474928856604));
#12003=CARTESIAN_POINT('Origin',(-11.5477051991189,-74.2761314984633,-4.83976764196985));
#12004=CARTESIAN_POINT('',(-11.5477051991189,-74.2761314984633,-2.41988382098493));
#12005=CARTESIAN_POINT('Origin',(96.6766104213499,10.1195558572518,0.));
#12006=CARTESIAN_POINT('Origin',(46.4522948008811,12.1195558572518,14.496794344809));
#12007=CARTESIAN_POINT('',(108.544887393474,12.1195558572518,5.37320167540012));
#12008=CARTESIAN_POINT('',(110.544887393474,12.1195558572518,23.1817672489603));
#12009=CARTESIAN_POINT('Origin',(108.544887393474,10.1195558572518,-3.75039099400873));
#12010=CARTESIAN_POINT('',(108.544887393474,10.1195558572518,-1.87519549700437));
#12011=CARTESIAN_POINT('Origin',(110.544887393474,10.1195558572518,31.8667401531116));
#12012=CARTESIAN_POINT('',(110.544887393474,10.1195558572518,15.9333700765558));
#12013=CARTESIAN_POINT('Origin',(96.6766104213499,10.1195558572518,0.));
#12014=CARTESIAN_POINT('',(-27.0477051991189,10.1195558572518,3.49361258584738));
#12015=CARTESIAN_POINT('Origin',(46.4522948008811,12.1195558572518,14.496794344809));
#12016=CARTESIAN_POINT('',(-25.0477051991189,12.1195558572518,20.0755934427768));
#12017=CARTESIAN_POINT('',(-27.0477051991189,12.1195558572518,10.7420097582519));
#12018=CARTESIAN_POINT('Origin',(-25.0477051991189,10.1195558572518,25.6543925407446));
#12019=CARTESIAN_POINT('',(-25.0477051991189,10.1195558572518,12.8271962703723));
#12020=CARTESIAN_POINT('Origin',(-27.0477051991189,10.1195558572518,6.98722517169475));
#12021=CARTESIAN_POINT('Origin',(46.4522948008811,12.1195558572518,14.496794344809));
#12022=CARTESIAN_POINT('',(-16.0477051991189,12.1195558572518,23.5995587184371));
#12023=CARTESIAN_POINT('',(-18.0477051991189,12.1195558572518,5.84758971564464));
#12024=CARTESIAN_POINT('Origin',(-16.0477051991189,10.1195558572518,32.7023230920652));
#12025=CARTESIAN_POINT('',(-16.0477051991189,10.1195558572518,16.3511615460326));
#12026=CARTESIAN_POINT('Origin',(-18.0477051991189,10.1195558572518,-2.80161491351969));
#12027=CARTESIAN_POINT('',(-18.0477051991189,10.1195558572518,-1.40080745675984));
#12028=CARTESIAN_POINT('Origin',(96.6766104213499,10.1195558572518,0.));
#12029=CARTESIAN_POINT('',(-2.34400149541518,10.1195558572518,30.9));
#12030=CARTESIAN_POINT('',(0.359702208288528,10.1195558572518,30.9));
#12031=CARTESIAN_POINT('',(71.4941994744954,10.1195558572518,30.9));
#12032=CARTESIAN_POINT('',(0.359702208288528,10.1195558572518,-2.5));
#12033=CARTESIAN_POINT('',(-2.34400149541518,10.1195558572518,16.996794344809));
#12034=CARTESIAN_POINT('Origin',(96.6766104213499,10.1195558572518,0.));
#12035=CARTESIAN_POINT('',(82.3226651712515,10.1195558572518,30.9));
#12036=CARTESIAN_POINT('',(85.0263688749552,10.1195558572518,30.9));
#12037=CARTESIAN_POINT('',(71.4941994744954,10.1195558572518,30.9));
#12038=CARTESIAN_POINT('',(85.0263688749552,10.1195558572518,-2.5));
#12039=CARTESIAN_POINT('',(82.3226651712515,10.1195558572518,16.996794344809));
#12040=CARTESIAN_POINT('Origin',(96.6766104213499,10.1195558572518,0.));
#12041=CARTESIAN_POINT('',(77.6189614675478,10.1195558572518,30.9));
#12042=CARTESIAN_POINT('',(80.3226651712515,10.1195558572518,30.9));
#12043=CARTESIAN_POINT('',(71.4941994744954,10.1195558572518,30.9));
#12044=CARTESIAN_POINT('',(80.3226651712514,10.1195558572518,-2.5));
#12045=CARTESIAN_POINT('',(77.6189614675478,10.1195558572518,16.996794344809));
#12046=CARTESIAN_POINT('Origin',(96.6766104213499,10.1195558572518,0.));
#12047=CARTESIAN_POINT('',(113.248591097177,10.1195558572518,-0.597599366020742));
#12048=CARTESIAN_POINT('Origin',(46.4522948008811,12.1195558572518,14.496794344809));
#12049=CARTESIAN_POINT('',(113.248591097177,12.1195558572518,6.65079780638374));
#12050=CARTESIAN_POINT('',(115.248591097177,12.1195558572518,21.4993139076429));
#12051=CARTESIAN_POINT('Origin',(113.248591097177,10.1195558572518,-1.19519873204148));
#12052=CARTESIAN_POINT('Origin',(115.248591097177,10.1195558572518,28.5018334704769));
#12053=CARTESIAN_POINT('',(115.248591097177,10.1195558572518,14.2509167352384));
#12054=CARTESIAN_POINT('Origin',(96.6766104213499,10.1195558572518,0.));
#12055=CARTESIAN_POINT('',(72.9152577638441,10.1195558572518,30.9));
#12056=CARTESIAN_POINT('',(75.6189614675477,10.1195558572518,30.9));
#12057=CARTESIAN_POINT('',(71.4941994744954,10.1195558572518,30.9));
#12058=CARTESIAN_POINT('',(75.6189614675477,10.1195558572518,-2.5));
#12059=CARTESIAN_POINT('',(72.9152577638441,10.1195558572518,16.996794344809));
#12060=CARTESIAN_POINT('Origin',(96.6766104213499,10.1195558572518,0.));
#12061=CARTESIAN_POINT('',(54.1004429490292,10.1195558572518,30.9));
#12062=CARTESIAN_POINT('',(71.4941994744954,10.1195558572518,30.9));
#12063=CARTESIAN_POINT('',(54.1004429490292,10.1195558572518,16.996794344809));
#12064=CARTESIAN_POINT('Origin',(96.6766104213499,10.1195558572518,0.));
#12065=CARTESIAN_POINT('',(35.2856281342144,10.1195558572518,30.9));
#12066=CARTESIAN_POINT('',(37.9893318379182,10.1195558572518,30.9));
#12067=CARTESIAN_POINT('',(71.4941994744954,10.1195558572518,30.9));
#12068=CARTESIAN_POINT('',(37.9893318379182,10.1195558572518,-2.5));
#12069=CARTESIAN_POINT('',(35.2856281342144,10.1195558572518,16.996794344809));
#12070=CARTESIAN_POINT('Origin',(96.6766104213499,10.1195558572518,0.));
#12071=CARTESIAN_POINT('',(39.9893318379181,10.1195558572518,30.9));
#12072=CARTESIAN_POINT('',(71.4941994744954,10.1195558572518,30.9));
#12073=CARTESIAN_POINT('',(39.9893318379181,10.1195558572518,16.996794344809));
#12074=CARTESIAN_POINT('Origin',(96.6766104213499,10.1195558572518,0.));
#12075=CARTESIAN_POINT('',(58.804146652733,10.1195558572518,30.9));
#12076=CARTESIAN_POINT('',(61.5078503564367,10.1195558572518,30.9));
#12077=CARTESIAN_POINT('',(71.4941994744954,10.1195558572518,30.9));
#12078=CARTESIAN_POINT('',(61.5078503564367,10.1195558572518,-2.5));
#12079=CARTESIAN_POINT('',(58.804146652733,10.1195558572518,16.996794344809));
#12080=CARTESIAN_POINT('Origin',(96.6766104213499,10.1195558572518,0.));
#12081=CARTESIAN_POINT('',(105.84118368977,10.1195558572518,16.7750502556674));
#12082=CARTESIAN_POINT('Origin',(46.4522948008811,12.1195558572518,14.496794344809));
#12083=CARTESIAN_POINT('',(103.84118368977,12.1195558572518,4.80865230262538));
#12084=CARTESIAN_POINT('',(105.84118368977,12.1195558572518,24.0234474280719));
#12085=CARTESIAN_POINT('Origin',(103.84118368977,10.1195558572518,-4.8794897395582));
#12086=CARTESIAN_POINT('',(103.84118368977,10.1195558572518,-2.4397448697791));
#12087=CARTESIAN_POINT('Origin',(105.84118368977,10.1195558572518,33.5501005113349));
#12088=CARTESIAN_POINT('Origin',(96.6766104213499,10.1195558572518,0.));
#12089=CARTESIAN_POINT('',(96.4337762823626,10.1195558572518,30.9));
#12090=CARTESIAN_POINT('',(99.1374799860663,10.1195558572518,30.9));
#12091=CARTESIAN_POINT('',(71.4941994744954,10.1195558572518,30.9));
#12092=CARTESIAN_POINT('',(99.1374799860663,10.1195558572518,-2.5));
#12093=CARTESIAN_POINT('',(96.4337762823626,10.1195558572518,16.996794344809));
#12094=CARTESIAN_POINT('Origin',(96.6766104213499,10.1195558572518,0.));
#12095=CARTESIAN_POINT('',(11.7671096156959,10.1195558572518,30.9));
#12096=CARTESIAN_POINT('',(14.4708133193996,10.1195558572518,30.9));
#12097=CARTESIAN_POINT('',(71.4941994744954,10.1195558572518,30.9));
#12098=CARTESIAN_POINT('',(14.4708133193996,10.1195558572518,-2.5));
#12099=CARTESIAN_POINT('',(11.7671096156959,10.1195558572518,16.996794344809));
#12100=CARTESIAN_POINT('Origin',(96.6766104213499,10.1195558572518,0.));
#12101=CARTESIAN_POINT('',(-7.04770519911888,10.1195558572518,30.9));
#12102=CARTESIAN_POINT('',(-4.34400149541518,10.1195558572518,30.9));
#12103=CARTESIAN_POINT('',(71.4941994744954,10.1195558572518,30.9));
#12104=CARTESIAN_POINT('',(-4.34400149541517,10.1195558572518,-2.5));
#12105=CARTESIAN_POINT('',(-7.04770519911888,10.1195558572518,16.996794344809));
#12106=CARTESIAN_POINT('Origin',(96.6766104213499,10.1195558572518,0.));
#12107=CARTESIAN_POINT('',(-20.5477051991189,10.1195558572518,15.1259526320705));
#12108=CARTESIAN_POINT('Origin',(96.6766104213499,10.1195558572518,0.));
#12109=CARTESIAN_POINT('',(-22.5477051991189,10.1195558572518,0.211821398290037));
#12110=CARTESIAN_POINT('Origin',(46.4522948008811,12.1195558572518,14.496794344809));
#12111=CARTESIAN_POINT('',(-20.5477051991189,12.1195558572518,22.374349804475));
#12112=CARTESIAN_POINT('',(-22.5477051991189,12.1195558572518,7.46021857069452));
#12113=CARTESIAN_POINT('Origin',(-20.5477051991189,10.1195558572518,30.251905264141));
#12114=CARTESIAN_POINT('Origin',(-22.5477051991189,10.1195558572518,0.423642796580075));
#12115=CARTESIAN_POINT('Origin',(96.6766104213499,10.1195558572518,0.));
#12116=CARTESIAN_POINT('',(-9.04770519911889,10.1195558572518,30.9));
#12117=CARTESIAN_POINT('',(71.4941994744954,10.1195558572518,30.9));
#12118=CARTESIAN_POINT('',(-9.04770519911889,10.1195558572518,-2.5));
#12119=CARTESIAN_POINT('',(-11.5477051991189,10.1195558572518,16.9198838209849));
#12120=CARTESIAN_POINT('Origin',(96.6766104213499,10.1195558572518,0.));
#12121=CARTESIAN_POINT('',(-13.5477051991189,10.1195558572518,-2.23746442830198));
#12122=CARTESIAN_POINT('Origin',(46.4522948008811,12.1195558572518,14.496794344809));
#12123=CARTESIAN_POINT('',(-11.5477051991189,12.1195558572518,24.1682809933894));
#12124=CARTESIAN_POINT('',(-13.5477051991189,12.1195558572518,5.0109327441025));
#12125=CARTESIAN_POINT('Origin',(-11.5477051991189,10.1195558572518,33.8397676419699));
#12126=CARTESIAN_POINT('Origin',(-13.5477051991189,10.1195558572518,-4.47492885660397));
#12127=CARTESIAN_POINT('Origin',(96.6766104213499,10.1195558572518,0.));
#12128=CARTESIAN_POINT('',(7.06340591199223,10.1195558572518,30.9));
#12129=CARTESIAN_POINT('',(9.76710961569593,10.1195558572518,30.9));
#12130=CARTESIAN_POINT('',(71.4941994744954,10.1195558572518,30.9));
#12131=CARTESIAN_POINT('',(9.76710961569593,10.1195558572518,-2.5));
#12132=CARTESIAN_POINT('',(7.06340591199222,10.1195558572518,16.996794344809));
#12133=CARTESIAN_POINT('Origin',(96.6766104213499,10.1195558572518,0.));
#12134=CARTESIAN_POINT('',(2.35970220828852,10.1195558572518,30.9));
#12135=CARTESIAN_POINT('',(5.06340591199223,10.1195558572518,30.9));
#12136=CARTESIAN_POINT('',(71.4941994744954,10.1195558572518,30.9));
#12137=CARTESIAN_POINT('',(5.06340591199223,10.1195558572518,-2.5));
#12138=CARTESIAN_POINT('',(2.35970220828852,10.1195558572518,16.996794344809));
#12139=CARTESIAN_POINT('Origin',(96.6766104213499,10.1195558572518,0.));
#12140=CARTESIAN_POINT('',(91.7300725786589,10.1195558572518,30.9));
#12141=CARTESIAN_POINT('',(94.4337762823626,10.1195558572518,30.9));
#12142=CARTESIAN_POINT('',(71.4941994744954,10.1195558572518,30.9));
#12143=CARTESIAN_POINT('',(94.4337762823626,10.1195558572518,-2.5));
#12144=CARTESIAN_POINT('',(91.7300725786589,10.1195558572518,16.996794344809));
#12145=CARTESIAN_POINT('Origin',(96.6766104213499,10.1195558572518,0.));
#12146=CARTESIAN_POINT('',(87.0263688749552,10.1195558572518,30.9));
#12147=CARTESIAN_POINT('',(89.7300725786589,10.1195558572518,30.9));
#12148=CARTESIAN_POINT('',(71.4941994744954,10.1195558572518,30.9));
#12149=CARTESIAN_POINT('',(89.7300725786589,10.1195558572518,-2.5));
#12150=CARTESIAN_POINT('',(87.0263688749552,10.1195558572518,16.996794344809));
#12151=CARTESIAN_POINT('Origin',(96.6766104213499,10.1195558572518,0.));
#12152=CARTESIAN_POINT('',(21.1745170231033,10.1195558572518,30.9));
#12153=CARTESIAN_POINT('',(23.878220726807,10.1195558572518,30.9));
#12154=CARTESIAN_POINT('',(71.4941994744954,10.1195558572518,30.9));
#12155=CARTESIAN_POINT('',(23.878220726807,10.1195558572518,-2.5));
#12156=CARTESIAN_POINT('',(21.1745170231033,10.1195558572518,16.996794344809));
#12157=CARTESIAN_POINT('Origin',(96.6766104213499,10.1195558572518,0.));
#12158=CARTESIAN_POINT('',(16.4708133193996,10.1195558572518,30.9));
#12159=CARTESIAN_POINT('',(19.1745170231033,10.1195558572518,30.9));
#12160=CARTESIAN_POINT('',(71.4941994744954,10.1195558572518,30.9));
#12161=CARTESIAN_POINT('',(19.1745170231033,10.1195558572518,-2.5));
#12162=CARTESIAN_POINT('',(16.4708133193996,10.1195558572518,16.996794344809));
#12163=CARTESIAN_POINT('Origin',(96.6766104213499,10.1195558572518,0.));
#12164=CARTESIAN_POINT('',(117.952294800881,10.1195558572518,1.87989529948702));
#12165=CARTESIAN_POINT('Origin',(96.6766104213499,10.1195558572518,0.));
#12166=CARTESIAN_POINT('',(119.952294800881,10.1195558572518,10.6503441171358));
#12167=CARTESIAN_POINT('Origin',(46.4522948008811,12.1195558572518,14.496794344809));
#12168=CARTESIAN_POINT('',(117.952294800881,12.1195558572518,9.12829247189151));
#12169=CARTESIAN_POINT('',(119.952294800881,12.1195558572518,17.8987412895403));
#12170=CARTESIAN_POINT('Origin',(117.952294800881,10.1195558572518,3.75979059897405));
#12171=CARTESIAN_POINT('Origin',(119.952294800881,10.1195558572518,21.3006882342717));
#12172=CARTESIAN_POINT('Origin',(96.6766104213499,10.1195558572518,0.));
#12173=CARTESIAN_POINT('',(68.2115540601404,10.1195558572518,30.9));
#12174=CARTESIAN_POINT('',(70.9152577638441,10.1195558572518,30.9));
#12175=CARTESIAN_POINT('',(71.4941994744954,10.1195558572518,30.9));
#12176=CARTESIAN_POINT('',(70.9152577638441,10.1195558572518,-2.5));
#12177=CARTESIAN_POINT('',(68.2115540601404,10.1195558572518,16.996794344809));
#12178=CARTESIAN_POINT('Origin',(96.6766104213499,10.1195558572518,0.));
#12179=CARTESIAN_POINT('',(63.5078503564367,10.1195558572518,30.9));
#12180=CARTESIAN_POINT('',(66.2115540601404,10.1195558572518,30.9));
#12181=CARTESIAN_POINT('',(71.4941994744954,10.1195558572518,30.9));
#12182=CARTESIAN_POINT('',(66.2115540601404,10.1195558572518,-2.5));
#12183=CARTESIAN_POINT('',(63.5078503564367,10.1195558572518,16.996794344809));
#12184=CARTESIAN_POINT('Origin',(96.6766104213499,10.1195558572518,0.));
#12185=CARTESIAN_POINT('',(44.6930355416218,10.1195558572518,30.9));
#12186=CARTESIAN_POINT('',(71.4941994744954,10.1195558572518,30.9));
#12187=CARTESIAN_POINT('',(44.6930355416218,10.1195558572518,16.996794344809));
#12188=CARTESIAN_POINT('Origin',(96.6766104213499,10.1195558572518,0.));
#12189=CARTESIAN_POINT('',(49.3967392453255,10.1195558572518,30.9));
#12190=CARTESIAN_POINT('',(71.4941994744954,10.1195558572518,30.9));
#12191=CARTESIAN_POINT('',(49.3967392453255,10.1195558572518,16.996794344809));
#12192=CARTESIAN_POINT('Origin',(96.6766104213499,10.1195558572518,0.));
#12193=CARTESIAN_POINT('Origin',(96.6766104213499,10.1195558572518,0.));
#12194=CARTESIAN_POINT('Origin',(96.6766104213499,10.1195558572518,0.));
#12195=CARTESIAN_POINT('',(30.5819244305107,10.1195558572518,30.9));
#12196=CARTESIAN_POINT('',(33.2856281342144,10.1195558572518,30.9));
#12197=CARTESIAN_POINT('',(71.4941994744954,10.1195558572518,30.9));
#12198=CARTESIAN_POINT('',(33.2856281342144,10.1195558572518,-2.5));
#12199=CARTESIAN_POINT('',(30.5819244305107,10.1195558572518,16.996794344809));
#12200=CARTESIAN_POINT('Origin',(96.6766104213499,10.1195558572518,0.));
#12201=CARTESIAN_POINT('',(25.878220726807,10.1195558572518,30.9));
#12202=CARTESIAN_POINT('',(28.5819244305107,10.1195558572518,30.9));
#12203=CARTESIAN_POINT('',(71.4941994744954,10.1195558572518,30.9));
#12204=CARTESIAN_POINT('',(28.5819244305107,10.1195558572518,-2.5));
#12205=CARTESIAN_POINT('',(25.878220726807,10.1195558572518,16.996794344809));
#12206=CARTESIAN_POINT('Origin',(-9.05303336606833,-74.2761314984633,0.));
#12207=CARTESIAN_POINT('',(-9.04770519911888,-74.2761314984633,30.9));
#12208=CARTESIAN_POINT('',(18.6293775807862,-74.2761314984633,30.9));
#12209=CARTESIAN_POINT('',(-9.04770519911888,-74.2761314984633,16.996794344809));
#12210=CARTESIAN_POINT('Origin',(-9.05303336606833,-74.2761314984633,0.));
#12211=CARTESIAN_POINT('',(0.359702208288524,-74.2761314984633,30.9));
#12212=CARTESIAN_POINT('',(-2.34400149541518,-74.2761314984633,30.9));
#12213=CARTESIAN_POINT('',(18.6293775807862,-74.2761314984633,30.9));
#12214=CARTESIAN_POINT('',(-2.34400149541518,-74.2761314984633,-2.50320565519104));
#12215=CARTESIAN_POINT('',(0.359702208288525,-74.2761314984633,16.996794344809));
#12216=CARTESIAN_POINT('Origin',(-9.05303336606833,-74.2761314984633,0.));
#12217=CARTESIAN_POINT('',(5.06340591199223,-74.2761314984633,30.9));
#12218=CARTESIAN_POINT('',(2.35970220828853,-74.2761314984633,30.9));
#12219=CARTESIAN_POINT('',(18.6293775807862,-74.2761314984633,30.9));
#12220=CARTESIAN_POINT('',(2.35970220828853,-74.2761314984633,-2.50320565519104));
#12221=CARTESIAN_POINT('',(5.06340591199223,-74.2761314984633,16.996794344809));
#12222=CARTESIAN_POINT('Origin',(-9.05303336606833,-74.2761314984633,0.));
#12223=CARTESIAN_POINT('',(9.76710961569593,-74.2761314984633,30.9));
#12224=CARTESIAN_POINT('',(7.06340591199223,-74.2761314984633,30.9));
#12225=CARTESIAN_POINT('',(18.6293775807862,-74.2761314984633,30.9));
#12226=CARTESIAN_POINT('',(7.06340591199223,-74.2761314984633,-2.50320565519104));
#12227=CARTESIAN_POINT('',(9.76710961569593,-74.2761314984633,16.996794344809));
#12228=CARTESIAN_POINT('Origin',(-9.05303336606833,-74.2761314984633,0.));
#12229=CARTESIAN_POINT('',(14.4708133193996,-74.2761314984633,30.9));
#12230=CARTESIAN_POINT('',(11.7671096156959,-74.2761314984633,30.9));
#12231=CARTESIAN_POINT('',(18.6293775807862,-74.2761314984633,30.9));
#12232=CARTESIAN_POINT('',(11.7671096156959,-74.2761314984633,-2.50320565519104));
#12233=CARTESIAN_POINT('',(14.4708133193996,-74.2761314984633,16.996794344809));
#12234=CARTESIAN_POINT('Origin',(-9.05303336606833,-74.2761314984633,0.));
#12235=CARTESIAN_POINT('',(19.1745170231033,-74.2761314984633,30.9));
#12236=CARTESIAN_POINT('',(16.4708133193996,-74.2761314984633,30.9));
#12237=CARTESIAN_POINT('',(18.6293775807862,-74.2761314984633,30.9));
#12238=CARTESIAN_POINT('',(16.4708133193996,-74.2761314984633,-2.5));
#12239=CARTESIAN_POINT('',(19.1745170231033,-74.2761314984633,16.996794344809));
#12240=CARTESIAN_POINT('Origin',(-9.05303336606833,-74.2761314984633,0.));
#12241=CARTESIAN_POINT('',(23.878220726807,-74.2761314984633,30.9));
#12242=CARTESIAN_POINT('',(21.1745170231033,-74.2761314984633,30.9));
#12243=CARTESIAN_POINT('',(18.6293775807862,-74.2761314984633,30.9));
#12244=CARTESIAN_POINT('',(21.1745170231033,-74.2761314984633,9.88936833705763));
#12245=CARTESIAN_POINT('',(23.878220726807,-74.2761314984633,16.996794344809));
#12246=CARTESIAN_POINT('Origin',(-9.05303336606833,-74.2761314984633,0.));
#12247=CARTESIAN_POINT('',(28.5819244305107,-74.2761314984633,30.9));
#12248=CARTESIAN_POINT('',(25.878220726807,-74.2761314984633,30.9));
#12249=CARTESIAN_POINT('',(18.6293775807862,-74.2761314984633,30.9));
#12250=CARTESIAN_POINT('',(25.878220726807,-74.2761314984633,9.88936833705763));
#12251=CARTESIAN_POINT('',(28.5819244305107,-74.2761314984633,16.996794344809));
#12252=CARTESIAN_POINT('Origin',(-9.05303336606833,-74.2761314984633,0.));
#12253=CARTESIAN_POINT('',(33.2856281342144,-74.2761314984633,30.9));
#12254=CARTESIAN_POINT('',(30.5819244305107,-74.2761314984633,30.9));
#12255=CARTESIAN_POINT('',(18.6293775807862,-74.2761314984633,30.9));
#12256=CARTESIAN_POINT('',(30.5819244305107,-74.2761314984633,9.88936833705763));
#12257=CARTESIAN_POINT('',(33.2856281342144,-74.2761314984633,16.996794344809));
#12258=CARTESIAN_POINT('Origin',(-9.05303336606833,-74.2761314984633,0.));
#12259=CARTESIAN_POINT('',(37.9893318379181,-74.2761314984633,30.9));
#12260=CARTESIAN_POINT('',(35.2856281342144,-74.2761314984633,30.9));
#12261=CARTESIAN_POINT('',(18.6293775807862,-74.2761314984633,30.9));
#12262=CARTESIAN_POINT('',(35.2856281342144,-74.2761314984633,9.88936833705763));
#12263=CARTESIAN_POINT('',(37.9893318379181,-74.2761314984633,16.996794344809));
#12264=CARTESIAN_POINT('Origin',(-9.05303336606833,-74.2761314984633,0.));
#12265=CARTESIAN_POINT('',(42.6930355416219,-74.2761314984633,30.9));
#12266=CARTESIAN_POINT('',(39.9893318379181,-74.2761314984633,30.9));
#12267=CARTESIAN_POINT('',(18.6293775807862,-74.2761314984633,30.9));
#12268=CARTESIAN_POINT('',(39.9893318379181,-74.2761314984633,9.88936833705763));
#12269=CARTESIAN_POINT('',(42.6930355416219,-74.2761314984633,16.996794344809));
#12270=CARTESIAN_POINT('Origin',(-9.05303336606833,-74.2761314984633,0.));
#12271=CARTESIAN_POINT('',(47.3967392453255,-74.2761314984633,30.9));
#12272=CARTESIAN_POINT('',(44.6930355416218,-74.2761314984633,30.9));
#12273=CARTESIAN_POINT('',(18.6293775807862,-74.2761314984633,30.9));
#12274=CARTESIAN_POINT('',(44.6930355416218,-74.2761314984633,9.88936833705763));
#12275=CARTESIAN_POINT('',(47.3967392453255,-74.2761314984633,16.996794344809));
#12276=CARTESIAN_POINT('Origin',(-9.05303336606833,-74.2761314984633,0.));
#12277=CARTESIAN_POINT('',(52.1004429490293,-74.2761314984633,30.9));
#12278=CARTESIAN_POINT('',(49.3967392453255,-74.2761314984633,30.9));
#12279=CARTESIAN_POINT('',(18.6293775807862,-74.2761314984633,30.9));
#12280=CARTESIAN_POINT('',(49.3967392453255,-74.2761314984633,9.88936833705763));
#12281=CARTESIAN_POINT('',(52.1004429490293,-74.2761314984633,16.996794344809));
#12282=CARTESIAN_POINT('Origin',(-9.05303336606833,-74.2761314984633,0.));
#12283=CARTESIAN_POINT('',(56.804146652733,-74.2761314984633,30.9));
#12284=CARTESIAN_POINT('',(54.1004429490292,-74.2761314984633,30.9));
#12285=CARTESIAN_POINT('',(18.6293775807862,-74.2761314984633,30.9));
#12286=CARTESIAN_POINT('',(54.1004429490292,-74.2761314984633,9.88936833705763));
#12287=CARTESIAN_POINT('',(56.804146652733,-74.2761314984633,16.996794344809));
#12288=CARTESIAN_POINT('Origin',(96.6766104213499,10.1195558572518,0.));
#12289=CARTESIAN_POINT('',(101.137479986066,10.1195558572518,30.9));
#12290=CARTESIAN_POINT('',(71.4941994744954,10.1195558572518,30.9));
#12291=CARTESIAN_POINT('',(101.137479986066,10.1195558572518,16.996794344809));
#12292=CARTESIAN_POINT('Origin',(-9.05303336606833,-74.2761314984633,0.));
#12293=CARTESIAN_POINT('',(61.5078503564367,-74.2761314984633,30.9));
#12294=CARTESIAN_POINT('',(58.804146652733,-74.2761314984633,30.9));
#12295=CARTESIAN_POINT('',(18.6293775807862,-74.2761314984633,30.9));
#12296=CARTESIAN_POINT('',(58.804146652733,-74.2761314984633,9.88936833705763));
#12297=CARTESIAN_POINT('',(61.5078503564367,-74.2761314984633,16.996794344809));
#12298=CARTESIAN_POINT('Origin',(-9.05303336606833,-74.2761314984633,0.));
#12299=CARTESIAN_POINT('',(66.2115540601404,-74.2761314984633,30.9));
#12300=CARTESIAN_POINT('',(63.5078503564367,-74.2761314984633,30.9));
#12301=CARTESIAN_POINT('',(18.6293775807862,-74.2761314984633,30.9));
#12302=CARTESIAN_POINT('',(63.5078503564367,-74.2761314984633,9.88936833705763));
#12303=CARTESIAN_POINT('',(66.2115540601404,-74.2761314984633,16.996794344809));
#12304=CARTESIAN_POINT('Origin',(-9.05303336606833,-74.2761314984633,0.));
#12305=CARTESIAN_POINT('',(70.9152577638441,-74.2761314984633,30.9));
#12306=CARTESIAN_POINT('',(68.2115540601404,-74.2761314984633,30.9));
#12307=CARTESIAN_POINT('',(18.6293775807862,-74.2761314984633,30.9));
#12308=CARTESIAN_POINT('',(68.2115540601404,-74.2761314984633,9.88936833705763));
#12309=CARTESIAN_POINT('',(70.9152577638441,-74.2761314984633,16.996794344809));
#12310=CARTESIAN_POINT('Origin',(-9.05303336606833,-74.2761314984633,0.));
#12311=CARTESIAN_POINT('',(75.6189614675478,-74.2761314984633,30.9));
#12312=CARTESIAN_POINT('',(72.9152577638441,-74.2761314984633,30.9));
#12313=CARTESIAN_POINT('',(18.6293775807862,-74.2761314984633,30.9));
#12314=CARTESIAN_POINT('',(72.9152577638441,-74.2761314984633,9.88936833705763));
#12315=CARTESIAN_POINT('',(75.6189614675477,-74.2761314984633,16.996794344809));
#12316=CARTESIAN_POINT('Origin',(-9.05303336606833,-74.2761314984633,0.));
#12317=CARTESIAN_POINT('',(80.3226651712515,-74.2761314984633,30.9));
#12318=CARTESIAN_POINT('',(77.6189614675478,-74.2761314984633,30.9));
#12319=CARTESIAN_POINT('',(18.6293775807862,-74.2761314984633,30.9));
#12320=CARTESIAN_POINT('',(77.6189614675478,-74.2761314984633,9.88936833705763));
#12321=CARTESIAN_POINT('',(80.3226651712515,-74.2761314984633,16.996794344809));
#12322=CARTESIAN_POINT('Origin',(9.04696663393167,-68.2720871354704,0.));
#12323=CARTESIAN_POINT('',(79.4469666339317,-68.2720871354704,30.9));
#12324=CARTESIAN_POINT('',(27.6793775807862,-68.2720871354704,30.9));
#12325=CARTESIAN_POINT('',(79.4469666339317,-68.2720871354704,0.));
#12326=CARTESIAN_POINT('Origin',(79.4469666339317,-68.2720871354704,0.));
#12327=CARTESIAN_POINT('',(79.4469666339317,-49.1491763872899,30.9));
#12328=CARTESIAN_POINT('Origin',(80.3226651712515,-74.2761314984633,33.9935886896179));
#12329=CARTESIAN_POINT('',(80.3226651712515,-76.2761314984633,30.900001472421));
#12330=CARTESIAN_POINT('',(80.3226651712515,-74.2761314984633,30.900001472421));
#12331=CARTESIAN_POINT('',(80.3226651712515,-76.2761314984633,-5.00641131038207));
#12332=CARTESIAN_POINT('Origin',(81.3226651712515,-76.2761314984633,14.496794344809));
#12333=CARTESIAN_POINT('',(35.9385594434323,-76.2761314984633,30.900001472421));
#12334=CARTESIAN_POINT('Origin',(85.0263688749552,-74.2761314984633,33.9935886896179));
#12335=CARTESIAN_POINT('',(85.0263688749552,-76.2761314984633,30.900001472421));
#12336=CARTESIAN_POINT('',(85.0263688749552,-74.2761314984633,30.900001472421));
#12337=CARTESIAN_POINT('',(85.0263688749552,-76.2761314984633,-5.00641131038207));
#12338=CARTESIAN_POINT('Origin',(77.6189614675478,-74.2761314984633,19.7787366741153));
#12339=CARTESIAN_POINT('',(77.6189614675478,-76.2761314984633,30.900001472421));
#12340=CARTESIAN_POINT('',(77.6189614675478,-74.2761314984633,30.900001472421));
#12341=CARTESIAN_POINT('',(77.6189614675478,-76.2761314984633,33.9935886896179));
#12342=CARTESIAN_POINT('Origin',(87.0263688749552,-74.2761314984633,-5.));
#12343=CARTESIAN_POINT('',(87.0263688749552,-76.2761314984633,30.900001472421));
#12344=CARTESIAN_POINT('',(87.0263688749552,-74.2761314984633,30.900001472421));
#12345=CARTESIAN_POINT('',(87.0263688749552,-76.2761314984633,33.9935886896179));
#12346=CARTESIAN_POINT('Origin',(86.0263688749552,-76.2761314984633,14.496794344809));
#12347=CARTESIAN_POINT('',(38.2904112952841,-76.2761314984633,30.900001472421));
#12348=CARTESIAN_POINT('Origin',(75.6189614675477,-74.2761314984633,33.9935886896179));
#12349=CARTESIAN_POINT('',(75.6189614675477,-76.2761314984633,30.900001472421));
#12350=CARTESIAN_POINT('',(75.6189614675477,-74.2761314984633,30.900001472421));
#12351=CARTESIAN_POINT('',(75.6189614675477,-76.2761314984633,-5.00641131038207));
#12352=CARTESIAN_POINT('Origin',(76.6189614675477,-76.2761314984633,26.8861626818666));
#12353=CARTESIAN_POINT('',(33.5867075915804,-76.2761314984633,30.900001472421));
#12354=CARTESIAN_POINT('Origin',(72.9152577638441,-74.2761314984633,19.7787366741153));
#12355=CARTESIAN_POINT('',(72.9152577638441,-76.2761314984633,30.900001472421));
#12356=CARTESIAN_POINT('',(72.9152577638441,-74.2761314984633,30.900001472421));
#12357=CARTESIAN_POINT('',(72.9152577638441,-76.2761314984633,33.9935886896179));
#12358=CARTESIAN_POINT('Origin',(70.9152577638441,-74.2761314984633,33.9935886896179));
#12359=CARTESIAN_POINT('',(70.9152577638441,-76.2761314984633,30.900001472421));
#12360=CARTESIAN_POINT('',(70.9152577638441,-74.2761314984633,30.900001472421));
#12361=CARTESIAN_POINT('',(70.9152577638441,-76.2761314984633,-5.00641131038207));
#12362=CARTESIAN_POINT('Origin',(71.9152577638441,-76.2761314984633,26.8861626818666));
#12363=CARTESIAN_POINT('',(31.2348557397286,-76.2761314984633,30.900001472421));
#12364=CARTESIAN_POINT('Origin',(89.7300725786589,-74.2761314984633,33.9935886896179));
#12365=CARTESIAN_POINT('',(89.7300725786589,-76.2761314984633,30.900001472421));
#12366=CARTESIAN_POINT('',(89.7300725786589,-74.2761314984633,30.900001472421));
#12367=CARTESIAN_POINT('',(89.7300725786589,-76.2761314984633,-5.00641131038207));
#12368=CARTESIAN_POINT('Origin',(68.2115540601404,-74.2761314984633,19.7787366741153));
#12369=CARTESIAN_POINT('',(68.2115540601404,-76.2761314984633,30.900001472421));
#12370=CARTESIAN_POINT('',(68.2115540601404,-74.2761314984633,30.900001472421));
#12371=CARTESIAN_POINT('',(68.2115540601404,-76.2761314984633,33.9935886896179));
#12372=CARTESIAN_POINT('Origin',(91.7300725786589,-74.2761314984633,-5.));
#12373=CARTESIAN_POINT('',(91.7300725786589,-76.2761314984633,30.900001472421));
#12374=CARTESIAN_POINT('',(91.7300725786589,-74.2761314984633,30.900001472421));
#12375=CARTESIAN_POINT('',(91.7300725786589,-76.2761314984633,33.9935886896179));
#12376=CARTESIAN_POINT('Origin',(90.7300725786588,-76.2761314984633,14.496794344809));
#12377=CARTESIAN_POINT('',(40.642263147136,-76.2761314984633,30.900001472421));
#12378=CARTESIAN_POINT('Origin',(66.2115540601404,-74.2761314984633,33.9935886896179));
#12379=CARTESIAN_POINT('',(66.2115540601404,-76.2761314984633,30.900001472421));
#12380=CARTESIAN_POINT('',(66.2115540601404,-74.2761314984633,30.900001472421));
#12381=CARTESIAN_POINT('',(66.2115540601404,-76.2761314984633,-5.00641131038207));
#12382=CARTESIAN_POINT('Origin',(67.2115540601404,-76.2761314984633,26.8861626818666));
#12383=CARTESIAN_POINT('',(28.8830038878767,-76.2761314984633,30.900001472421));
#12384=CARTESIAN_POINT('Origin',(63.5078503564367,-74.2761314984633,19.7787366741153));
#12385=CARTESIAN_POINT('',(63.5078503564367,-76.2761314984633,30.900001472421));
#12386=CARTESIAN_POINT('',(63.5078503564367,-74.2761314984633,30.900001472421));
#12387=CARTESIAN_POINT('',(63.5078503564367,-76.2761314984633,33.9935886896179));
#12388=CARTESIAN_POINT('Origin',(61.5078503564367,-74.2761314984633,33.9935886896179));
#12389=CARTESIAN_POINT('',(61.5078503564367,-76.2761314984633,30.900001472421));
#12390=CARTESIAN_POINT('',(61.5078503564367,-74.2761314984633,30.900001472421));
#12391=CARTESIAN_POINT('',(61.5078503564367,-76.2761314984633,-5.00641131038207));
#12392=CARTESIAN_POINT('Origin',(62.5078503564367,-76.2761314984633,26.8861626818666));
#12393=CARTESIAN_POINT('',(26.5311520360249,-76.2761314984633,30.900001472421));
#12394=CARTESIAN_POINT('Origin',(94.4337762823626,-74.2761314984633,33.9935886896179));
#12395=CARTESIAN_POINT('',(94.4337762823626,-76.2761314984633,30.900001472421));
#12396=CARTESIAN_POINT('',(94.4337762823626,-74.2761314984633,30.900001472421));
#12397=CARTESIAN_POINT('',(94.4337762823626,-76.2761314984633,-5.00641131038207));
#12398=CARTESIAN_POINT('Origin',(58.804146652733,-74.2761314984633,19.7787366741153));
#12399=CARTESIAN_POINT('',(58.804146652733,-76.2761314984633,30.900001472421));
#12400=CARTESIAN_POINT('',(58.804146652733,-74.2761314984633,30.900001472421));
#12401=CARTESIAN_POINT('',(58.804146652733,-76.2761314984633,33.9935886896179));
#12402=CARTESIAN_POINT('Origin',(96.4337762823626,-74.2761314984633,-5.));
#12403=CARTESIAN_POINT('',(96.4337762823626,-76.2761314984633,30.900001472421));
#12404=CARTESIAN_POINT('',(96.4337762823626,-74.2761314984633,30.900001472421));
#12405=CARTESIAN_POINT('',(96.4337762823626,-76.2761314984633,33.9935886896179));
#12406=CARTESIAN_POINT('Origin',(95.4337762823626,-76.2761314984633,14.496794344809));
#12407=CARTESIAN_POINT('',(42.9941149989878,-76.2761314984633,30.900001472421));
#12408=CARTESIAN_POINT('Origin',(56.804146652733,-74.2761314984633,33.9935886896179));
#12409=CARTESIAN_POINT('',(56.804146652733,-76.2761314984633,30.900001472421));
#12410=CARTESIAN_POINT('',(56.804146652733,-74.2761314984633,30.900001472421));
#12411=CARTESIAN_POINT('',(56.804146652733,-76.2761314984633,-5.00641131038207));
#12412=CARTESIAN_POINT('Origin',(57.804146652733,-76.2761314984633,26.8861626818666));
#12413=CARTESIAN_POINT('',(24.179300184173,-76.2761314984633,30.900001472421));
#12414=CARTESIAN_POINT('Origin',(54.1004429490292,-74.2761314984633,19.7787366741153));
#12415=CARTESIAN_POINT('',(54.1004429490292,-76.2761314984633,30.900001472421));
#12416=CARTESIAN_POINT('',(54.1004429490292,-74.2761314984633,30.900001472421));
#12417=CARTESIAN_POINT('',(54.1004429490292,-76.2761314984633,33.9935886896179));
#12418=CARTESIAN_POINT('Origin',(99.1374799860663,-74.2761314984633,33.9935886896179));
#12419=CARTESIAN_POINT('',(99.1374799860663,-76.2761314984633,30.900001472421));
#12420=CARTESIAN_POINT('',(99.1374799860663,-74.2761314984633,30.900001472421));
#12421=CARTESIAN_POINT('',(99.1374799860663,-76.2761314984633,-5.00641131038207));
#12422=CARTESIAN_POINT('Origin',(52.1004429490293,-74.2761314984633,33.9935886896179));
#12423=CARTESIAN_POINT('',(52.1004429490293,-76.2761314984633,30.900001472421));
#12424=CARTESIAN_POINT('',(52.1004429490293,-74.2761314984633,30.900001472421));
#12425=CARTESIAN_POINT('',(52.1004429490293,-76.2761314984633,-5.00641131038207));
#12426=CARTESIAN_POINT('Origin',(53.1004429490292,-76.2761314984633,26.8861626818666));
#12427=CARTESIAN_POINT('',(21.8274483323212,-76.2761314984633,30.900001472421));
#12428=CARTESIAN_POINT('Origin',(101.137479986066,-74.2761314984633,-5.));
#12429=CARTESIAN_POINT('',(101.137479986066,-76.2761314984633,30.900001472421));
#12430=CARTESIAN_POINT('',(101.137479986066,-74.2761314984633,30.900001472421));
#12431=CARTESIAN_POINT('',(101.137479986066,-76.2761314984633,33.9935886896179));
#12432=CARTESIAN_POINT('Origin',(100.137479986066,-76.2761314984633,14.496794344809));
#12433=CARTESIAN_POINT('',(45.3459668508397,-76.2761314984633,30.900001472421));
#12434=CARTESIAN_POINT('Origin',(49.3967392453255,-74.2761314984633,19.7787366741153));
#12435=CARTESIAN_POINT('',(49.3967392453255,-76.2761314984633,30.900001472421));
#12436=CARTESIAN_POINT('',(49.3967392453255,-74.2761314984633,30.900001472421));
#12437=CARTESIAN_POINT('',(49.3967392453255,-76.2761314984633,33.9935886896179));
#12438=CARTESIAN_POINT('Origin',(47.3967392453255,-74.2761314984633,33.9935886896179));
#12439=CARTESIAN_POINT('',(47.3967392453255,-76.2761314984633,30.900001472421));
#12440=CARTESIAN_POINT('',(47.3967392453255,-74.2761314984633,30.900001472421));
#12441=CARTESIAN_POINT('',(47.3967392453255,-76.2761314984633,-5.00641131038207));
#12442=CARTESIAN_POINT('Origin',(48.3967392453255,-76.2761314984633,26.8861626818666));
#12443=CARTESIAN_POINT('',(19.4755964804693,-76.2761314984633,30.900001472421));
#12444=CARTESIAN_POINT('Origin',(44.6930355416218,-74.2761314984633,19.7787366741153));
#12445=CARTESIAN_POINT('',(44.6930355416218,-76.2761314984633,30.900001472421));
#12446=CARTESIAN_POINT('',(44.6930355416218,-74.2761314984633,30.900001472421));
#12447=CARTESIAN_POINT('',(44.6930355416218,-76.2761314984633,33.9935886896179));
#12448=CARTESIAN_POINT('Origin',(42.6930355416219,-74.2761314984633,33.9935886896179));
#12449=CARTESIAN_POINT('',(42.6930355416219,-76.2761314984633,30.900001472421));
#12450=CARTESIAN_POINT('',(42.6930355416219,-74.2761314984633,30.900001472421));
#12451=CARTESIAN_POINT('',(42.6930355416219,-76.2761314984633,-5.00641131038207));
#12452=CARTESIAN_POINT('Origin',(43.6930355416219,-76.2761314984633,26.8861626818666));
#12453=CARTESIAN_POINT('',(17.1237446286175,-76.2761314984633,30.900001472421));
#12454=CARTESIAN_POINT('Origin',(39.9893318379181,-74.2761314984633,19.7787366741153));
#12455=CARTESIAN_POINT('',(39.9893318379181,-76.2761314984633,30.900001472421));
#12456=CARTESIAN_POINT('',(39.9893318379181,-74.2761314984633,30.900001472421));
#12457=CARTESIAN_POINT('',(39.9893318379181,-76.2761314984633,33.9935886896179));
#12458=CARTESIAN_POINT('Origin',(37.9893318379181,-74.2761314984633,33.9935886896179));
#12459=CARTESIAN_POINT('',(37.9893318379181,-76.2761314984633,30.900001472421));
#12460=CARTESIAN_POINT('',(37.9893318379181,-74.2761314984633,30.900001472421));
#12461=CARTESIAN_POINT('',(37.9893318379181,-76.2761314984633,-5.00641131038207));
#12462=CARTESIAN_POINT('Origin',(38.9893318379181,-76.2761314984633,26.8861626818666));
#12463=CARTESIAN_POINT('',(14.7718927767656,-76.2761314984633,30.900001472421));
#12464=CARTESIAN_POINT('Origin',(35.2856281342144,-74.2761314984633,19.7787366741153));
#12465=CARTESIAN_POINT('',(35.2856281342144,-76.2761314984633,30.900001472421));
#12466=CARTESIAN_POINT('',(35.2856281342144,-74.2761314984633,30.900001472421));
#12467=CARTESIAN_POINT('',(35.2856281342144,-76.2761314984633,33.9935886896179));
#12468=CARTESIAN_POINT('Origin',(33.2856281342144,-74.2761314984633,33.9935886896179));
#12469=CARTESIAN_POINT('',(33.2856281342144,-76.2761314984633,30.900001472421));
#12470=CARTESIAN_POINT('',(33.2856281342144,-74.2761314984633,30.900001472421));
#12471=CARTESIAN_POINT('',(33.2856281342144,-76.2761314984633,-5.00641131038207));
#12472=CARTESIAN_POINT('Origin',(34.2856281342144,-76.2761314984633,26.8861626818666));
#12473=CARTESIAN_POINT('',(12.4200409249138,-76.2761314984633,30.900001472421));
#12474=CARTESIAN_POINT('Origin',(30.5819244305107,-74.2761314984633,19.7787366741153));
#12475=CARTESIAN_POINT('',(30.5819244305107,-76.2761314984633,30.900001472421));
#12476=CARTESIAN_POINT('',(30.5819244305107,-74.2761314984633,30.900001472421));
#12477=CARTESIAN_POINT('',(30.5819244305107,-76.2761314984633,33.9935886896179));
#12478=CARTESIAN_POINT('Origin',(28.5819244305107,-74.2761314984633,33.9935886896179));
#12479=CARTESIAN_POINT('',(28.5819244305107,-76.2761314984633,30.900001472421));
#12480=CARTESIAN_POINT('',(28.5819244305107,-74.2761314984633,30.900001472421));
#12481=CARTESIAN_POINT('',(28.5819244305107,-76.2761314984633,-5.00641131038207));
#12482=CARTESIAN_POINT('Origin',(29.5819244305107,-76.2761314984633,26.8861626818666));
#12483=CARTESIAN_POINT('',(10.0681890730619,-76.2761314984633,30.900001472421));
#12484=CARTESIAN_POINT('Origin',(25.878220726807,-74.2761314984633,19.7787366741153));
#12485=CARTESIAN_POINT('',(25.878220726807,-76.2761314984633,30.900001472421));
#12486=CARTESIAN_POINT('',(25.878220726807,-74.2761314984633,30.900001472421));
#12487=CARTESIAN_POINT('',(25.878220726807,-76.2761314984633,33.9935886896179));
#12488=CARTESIAN_POINT('Origin',(23.878220726807,-74.2761314984633,33.9935886896179));
#12489=CARTESIAN_POINT('',(23.878220726807,-76.2761314984633,30.900001472421));
#12490=CARTESIAN_POINT('',(23.878220726807,-74.2761314984633,30.900001472421));
#12491=CARTESIAN_POINT('',(23.878220726807,-76.2761314984633,-5.00641131038207));
#12492=CARTESIAN_POINT('Origin',(24.878220726807,-76.2761314984633,26.8861626818666));
#12493=CARTESIAN_POINT('',(7.71633722121007,-76.2761314984633,30.900001472421));
#12494=CARTESIAN_POINT('Origin',(21.1745170231033,-74.2761314984633,19.7787366741153));
#12495=CARTESIAN_POINT('',(21.1745170231033,-76.2761314984633,30.900001472421));
#12496=CARTESIAN_POINT('',(21.1745170231033,-74.2761314984633,30.900001472421));
#12497=CARTESIAN_POINT('',(21.1745170231033,-76.2761314984633,33.9935886896179));
#12498=CARTESIAN_POINT('Origin',(19.1745170231033,-74.2761314984633,33.9935886896179));
#12499=CARTESIAN_POINT('',(19.1745170231033,-76.2761314984633,30.900001472421));
#12500=CARTESIAN_POINT('',(19.1745170231033,-74.2761314984633,30.900001472421));
#12501=CARTESIAN_POINT('',(19.1745170231033,-76.2761314984633,-5.00641131038207));
#12502=CARTESIAN_POINT('Origin',(20.1745170231033,-76.2761314984633,26.8861626818666));
#12503=CARTESIAN_POINT('',(5.36448536935822,-76.2761314984633,30.900001472421));
#12504=CARTESIAN_POINT('Origin',(16.4708133193996,-74.2761314984633,-5.));
#12505=CARTESIAN_POINT('',(16.4708133193996,-76.2761314984633,30.900001472421));
#12506=CARTESIAN_POINT('',(16.4708133193996,-74.2761314984633,30.900001472421));
#12507=CARTESIAN_POINT('',(16.4708133193996,-76.2761314984633,33.9935886896179));
#12508=CARTESIAN_POINT('Origin',(14.4708133193996,-74.2761314984633,33.9935886896179));
#12509=CARTESIAN_POINT('',(14.4708133193996,-76.2761314984633,30.900001472421));
#12510=CARTESIAN_POINT('',(14.4708133193996,-74.2761314984633,30.900001472421));
#12511=CARTESIAN_POINT('',(14.4708133193996,-76.2761314984633,-5.00641131038207));
#12512=CARTESIAN_POINT('Origin',(15.4708133193996,-76.2761314984633,14.496794344809));
#12513=CARTESIAN_POINT('',(3.01263351750637,-76.2761314984633,30.900001472421));
#12514=CARTESIAN_POINT('Origin',(11.7671096156959,-74.2761314984633,-5.00641131038207));
#12515=CARTESIAN_POINT('',(11.7671096156959,-76.2761314984633,30.900001472421));
#12516=CARTESIAN_POINT('',(11.7671096156959,-74.2761314984633,30.900001472421));
#12517=CARTESIAN_POINT('',(11.7671096156959,-76.2761314984633,33.9935886896179));
#12518=CARTESIAN_POINT('Origin',(9.76710961569593,-74.2761314984633,33.9935886896179));
#12519=CARTESIAN_POINT('',(9.76710961569593,-76.2761314984633,30.900001472421));
#12520=CARTESIAN_POINT('',(9.76710961569593,-74.2761314984633,30.900001472421));
#12521=CARTESIAN_POINT('',(9.76710961569593,-76.2761314984633,-5.00641131038207));
#12522=CARTESIAN_POINT('Origin',(10.7671096156959,-76.2761314984633,14.4935886896179));
#12523=CARTESIAN_POINT('',(0.660781665654517,-76.2761314984633,30.900001472421));
#12524=CARTESIAN_POINT('Origin',(7.06340591199223,-74.2761314984633,-5.00641131038207));
#12525=CARTESIAN_POINT('',(7.06340591199223,-76.2761314984633,30.900001472421));
#12526=CARTESIAN_POINT('',(7.06340591199223,-74.2761314984633,30.900001472421));
#12527=CARTESIAN_POINT('',(7.06340591199223,-76.2761314984633,33.9935886896179));
#12528=CARTESIAN_POINT('Origin',(5.06340591199223,-74.2761314984633,33.9935886896179));
#12529=CARTESIAN_POINT('',(5.06340591199223,-76.2761314984633,30.900001472421));
#12530=CARTESIAN_POINT('',(5.06340591199223,-74.2761314984633,30.900001472421));
#12531=CARTESIAN_POINT('',(5.06340591199223,-76.2761314984633,-5.00641131038207));
#12532=CARTESIAN_POINT('Origin',(6.06340591199223,-76.2761314984633,14.4935886896179));
#12533=CARTESIAN_POINT('',(-1.69107018619733,-76.2761314984633,30.900001472421));
#12534=CARTESIAN_POINT('Origin',(2.35970220828852,-74.2761314984633,-5.00641131038207));
#12535=CARTESIAN_POINT('',(2.35970220828852,-76.2761314984633,30.900001472421));
#12536=CARTESIAN_POINT('',(2.35970220828853,-74.2761314984633,30.900001472421));
#12537=CARTESIAN_POINT('',(2.35970220828852,-76.2761314984633,33.9935886896179));
#12538=CARTESIAN_POINT('Origin',(0.359702208288525,-74.2761314984633,33.9935886896179));
#12539=CARTESIAN_POINT('',(0.359702208288525,-76.2761314984633,30.900001472421));
#12540=CARTESIAN_POINT('',(0.359702208288525,-74.2761314984633,30.900001472421));
#12541=CARTESIAN_POINT('',(0.359702208288525,-76.2761314984633,-5.00641131038207));
#12542=CARTESIAN_POINT('Origin',(1.35970220828852,-76.2761314984633,14.4935886896179));
#12543=CARTESIAN_POINT('',(-4.04292203804919,-76.2761314984633,30.900001472421));
#12544=CARTESIAN_POINT('Origin',(-2.34400149541518,-74.2761314984633,-5.00641131038207));
#12545=CARTESIAN_POINT('',(-2.34400149541518,-76.2761314984633,30.900001472421));
#12546=CARTESIAN_POINT('',(-2.34400149541518,-74.2761314984633,30.900001472421));
#12547=CARTESIAN_POINT('',(-2.34400149541518,-76.2761314984633,33.9935886896179));
#12548=CARTESIAN_POINT('Origin',(-4.34400149541518,-74.2761314984633,33.9935886896179));
#12549=CARTESIAN_POINT('',(-4.34400149541518,-76.2761314984633,30.900001472421));
#12550=CARTESIAN_POINT('',(-4.34400149541518,-74.2761314984633,30.900001472421));
#12551=CARTESIAN_POINT('',(-4.34400149541518,-76.2761314984633,-5.00641131038207));
#12552=CARTESIAN_POINT('Origin',(-3.34400149541518,-76.2761314984633,14.4935886896179));
#12553=CARTESIAN_POINT('',(-6.39477388990104,-76.2761314984633,30.900001472421));
#12554=CARTESIAN_POINT('Origin',(-7.04770519911888,-74.2761314984633,-5.00641131038207));
#12555=CARTESIAN_POINT('',(-7.04770519911888,-76.2761314984633,30.900001472421));
#12556=CARTESIAN_POINT('',(-7.04770519911888,-74.2761314984633,30.900001472421));
#12557=CARTESIAN_POINT('',(-7.04770519911888,-76.2761314984633,33.9935886896179));
#12558=CARTESIAN_POINT('Origin',(-8.04770519911888,-76.2761314984633,14.4935886896179));
#12559=CARTESIAN_POINT('',(-9.04770519911888,-76.2761314984633,30.900001472421));
#12560=CARTESIAN_POINT('',(-8.74662574175289,-76.2761314984633,30.900001472421));
#12561=CARTESIAN_POINT('',(-9.04770519911888,-76.2761314984633,-5.00641131038207));
#12562=CARTESIAN_POINT('Origin',(-9.04770519911888,-74.2761314984633,33.9935886896179));
#12563=CARTESIAN_POINT('',(-9.04770519911888,-74.2761314984633,30.900001472421));
#12564=CARTESIAN_POINT('Origin',(46.3117885276408,-30.0262656391093,30.9));
#12565=CARTESIAN_POINT('',(101.137479986066,12.1195558572518,30.900001472421));
#12566=CARTESIAN_POINT('',(101.137479986066,-32.0782878206058,30.900001472421));
#12567=CARTESIAN_POINT('',(99.1374799860663,12.1195558572518,30.900001472421));
#12568=CARTESIAN_POINT('',(74.0711498154485,12.1195558572518,30.900001472421));
#12569=CARTESIAN_POINT('',(99.1374799860663,-32.0782878206058,30.900001472421));
#12570=CARTESIAN_POINT('',(96.4337762823626,12.1195558572518,30.900001472421));
#12571=CARTESIAN_POINT('',(96.4337762823626,-32.0782878206058,30.900001472421));
#12572=CARTESIAN_POINT('',(94.4337762823626,12.1195558572518,30.900001472421));
#12573=CARTESIAN_POINT('',(74.0711498154485,12.1195558572518,30.900001472421));
#12574=CARTESIAN_POINT('',(94.4337762823626,-32.0782878206058,30.900001472421));
#12575=CARTESIAN_POINT('',(91.7300725786589,12.1195558572518,30.900001472421));
#12576=CARTESIAN_POINT('',(91.7300725786589,-32.0782878206058,30.900001472421));
#12577=CARTESIAN_POINT('',(89.7300725786589,12.1195558572518,30.900001472421));
#12578=CARTESIAN_POINT('',(74.0711498154485,12.1195558572518,30.900001472421));
#12579=CARTESIAN_POINT('',(89.7300725786589,-32.0782878206058,30.900001472421));
#12580=CARTESIAN_POINT('',(87.0263688749552,12.1195558572518,30.900001472421));
#12581=CARTESIAN_POINT('',(87.0263688749552,-32.0782878206058,30.900001472421));
#12582=CARTESIAN_POINT('',(85.0263688749552,12.1195558572518,30.900001472421));
#12583=CARTESIAN_POINT('',(74.0711498154485,12.1195558572518,30.900001472421));
#12584=CARTESIAN_POINT('',(85.0263688749552,-32.0782878206058,30.900001472421));
#12585=CARTESIAN_POINT('',(82.3226651712515,12.1195558572518,30.900001472421));
#12586=CARTESIAN_POINT('',(82.3226651712515,-32.0782878206058,30.900001472421));
#12587=CARTESIAN_POINT('',(80.3226651712515,12.1195558572518,30.900001472421));
#12588=CARTESIAN_POINT('',(74.0711498154485,12.1195558572518,30.900001472421));
#12589=CARTESIAN_POINT('',(80.3226651712515,-32.0782878206058,30.900001472421));
#12590=CARTESIAN_POINT('',(77.6189614675478,12.1195558572518,30.900001472421));
#12591=CARTESIAN_POINT('',(77.6189614675478,-32.0782878206058,30.900001472421));
#12592=CARTESIAN_POINT('',(75.6189614675477,12.1195558572518,30.900001472421));
#12593=CARTESIAN_POINT('',(74.0711498154485,12.1195558572518,30.900001472421));
#12594=CARTESIAN_POINT('',(75.6189614675477,-32.0782878206058,30.900001472421));
#12595=CARTESIAN_POINT('',(72.9152577638441,12.1195558572518,30.900001472421));
#12596=CARTESIAN_POINT('',(72.9152577638441,-32.0782878206058,30.900001472421));
#12597=CARTESIAN_POINT('',(70.9152577638441,12.1195558572518,30.900001472421));
#12598=CARTESIAN_POINT('',(74.0711498154485,12.1195558572518,30.900001472421));
#12599=CARTESIAN_POINT('',(70.9152577638441,-32.0782878206058,30.900001472421));
#12600=CARTESIAN_POINT('',(68.2115540601404,12.1195558572518,30.900001472421));
#12601=CARTESIAN_POINT('',(68.2115540601404,-32.0782878206058,30.900001472421));
#12602=CARTESIAN_POINT('',(66.2115540601404,12.1195558572518,30.900001472421));
#12603=CARTESIAN_POINT('',(74.0711498154485,12.1195558572518,30.900001472421));
#12604=CARTESIAN_POINT('',(66.2115540601404,-32.0782878206058,30.900001472421));
#12605=CARTESIAN_POINT('',(63.5078503564367,12.1195558572518,30.900001472421));
#12606=CARTESIAN_POINT('',(63.5078503564367,-32.0782878206058,30.900001472421));
#12607=CARTESIAN_POINT('',(61.5078503564367,12.1195558572518,30.900001472421));
#12608=CARTESIAN_POINT('',(74.0711498154485,12.1195558572518,30.900001472421));
#12609=CARTESIAN_POINT('',(61.5078503564367,-32.0782878206058,30.900001472421));
#12610=CARTESIAN_POINT('',(58.804146652733,12.1195558572518,30.900001472421));
#12611=CARTESIAN_POINT('',(58.804146652733,-32.0782878206058,30.900001472421));
#12612=CARTESIAN_POINT('',(74.0711498154485,12.1195558572518,30.900001472421));
#12613=CARTESIAN_POINT('',(54.1004429490292,-32.0782878206058,30.900001472421));
#12614=CARTESIAN_POINT('',(49.3967392453255,-32.0782878206058,30.900001472421));
#12615=CARTESIAN_POINT('',(44.6930355416218,-32.0782878206058,30.900001472421));
#12616=CARTESIAN_POINT('',(39.9893318379181,12.1195558572518,30.900001472421));
#12617=CARTESIAN_POINT('',(39.9893318379181,-32.0782878206058,30.900001472421));
#12618=CARTESIAN_POINT('',(37.9893318379182,12.1195558572518,30.900001472421));
#12619=CARTESIAN_POINT('',(74.0711498154485,12.1195558572518,30.900001472421));
#12620=CARTESIAN_POINT('',(37.9893318379182,-32.0782878206058,30.900001472421));
#12621=CARTESIAN_POINT('',(35.2856281342144,12.1195558572518,30.900001472421));
#12622=CARTESIAN_POINT('',(35.2856281342144,-32.0782878206058,30.900001472421));
#12623=CARTESIAN_POINT('',(33.2856281342144,12.1195558572518,30.900001472421));
#12624=CARTESIAN_POINT('',(74.0711498154485,12.1195558572518,30.900001472421));
#12625=CARTESIAN_POINT('',(33.2856281342144,-32.0782878206058,30.900001472421));
#12626=CARTESIAN_POINT('',(30.5819244305107,12.1195558572518,30.900001472421));
#12627=CARTESIAN_POINT('',(30.5819244305107,-32.0782878206058,30.900001472421));
#12628=CARTESIAN_POINT('',(28.5819244305107,12.1195558572518,30.900001472421));
#12629=CARTESIAN_POINT('',(74.0711498154485,12.1195558572518,30.900001472421));
#12630=CARTESIAN_POINT('',(28.5819244305107,-32.0782878206058,30.900001472421));
#12631=CARTESIAN_POINT('',(25.878220726807,12.1195558572518,30.900001472421));
#12632=CARTESIAN_POINT('',(25.878220726807,-32.0782878206058,30.900001472421));
#12633=CARTESIAN_POINT('',(23.878220726807,12.1195558572518,30.900001472421));
#12634=CARTESIAN_POINT('',(74.0711498154485,12.1195558572518,30.900001472421));
#12635=CARTESIAN_POINT('',(23.878220726807,-32.0782878206058,30.900001472421));
#12636=CARTESIAN_POINT('',(21.1745170231033,12.1195558572518,30.900001472421));
#12637=CARTESIAN_POINT('',(21.1745170231033,-32.0782878206058,30.900001472421));
#12638=CARTESIAN_POINT('',(19.1745170231033,12.1195558572518,30.900001472421));
#12639=CARTESIAN_POINT('',(74.0711498154485,12.1195558572518,30.900001472421));
#12640=CARTESIAN_POINT('',(19.1745170231033,-32.0782878206058,30.900001472421));
#12641=CARTESIAN_POINT('',(16.4708133193996,12.1195558572518,30.900001472421));
#12642=CARTESIAN_POINT('',(16.4708133193996,-32.0782878206058,30.900001472421));
#12643=CARTESIAN_POINT('',(14.4708133193996,12.1195558572518,30.900001472421));
#12644=CARTESIAN_POINT('',(74.0711498154485,12.1195558572518,30.900001472421));
#12645=CARTESIAN_POINT('',(14.4708133193996,-32.0782878206058,30.900001472421));
#12646=CARTESIAN_POINT('',(11.7671096156959,12.1195558572518,30.900001472421));
#12647=CARTESIAN_POINT('',(11.7671096156959,-32.0782878206058,30.900001472421));
#12648=CARTESIAN_POINT('',(9.76710961569593,12.1195558572518,30.900001472421));
#12649=CARTESIAN_POINT('',(74.0711498154485,12.1195558572518,30.900001472421));
#12650=CARTESIAN_POINT('',(9.76710961569593,-32.0782878206058,30.900001472421));
#12651=CARTESIAN_POINT('',(7.06340591199223,12.1195558572518,30.900001472421));
#12652=CARTESIAN_POINT('',(7.06340591199223,-32.0782878206058,30.900001472421));
#12653=CARTESIAN_POINT('',(5.06340591199223,12.1195558572518,30.900001472421));
#12654=CARTESIAN_POINT('',(74.0711498154485,12.1195558572518,30.900001472421));
#12655=CARTESIAN_POINT('',(5.06340591199223,-32.0782878206058,30.900001472421));
#12656=CARTESIAN_POINT('',(2.35970220828852,12.1195558572518,30.900001472421));
#12657=CARTESIAN_POINT('',(2.35970220828852,-32.0782878206058,30.900001472421));
#12658=CARTESIAN_POINT('',(0.359702208288528,12.1195558572518,30.900001472421));
#12659=CARTESIAN_POINT('',(74.0711498154485,12.1195558572518,30.900001472421));
#12660=CARTESIAN_POINT('',(0.359702208288528,-32.0782878206058,30.900001472421));
#12661=CARTESIAN_POINT('',(-2.34400149541518,12.1195558572518,30.900001472421));
#12662=CARTESIAN_POINT('',(-2.34400149541518,-32.0782878206058,30.900001472421));
#12663=CARTESIAN_POINT('',(-4.34400149541518,12.1195558572518,30.900001472421));
#12664=CARTESIAN_POINT('',(74.0711498154485,12.1195558572518,30.900001472421));
#12665=CARTESIAN_POINT('',(-4.34400149541518,-32.0782878206058,30.900001472421));
#12666=CARTESIAN_POINT('',(-7.04770519911888,12.1195558572518,30.900001472421));
#12667=CARTESIAN_POINT('',(-7.04770519911888,-32.0782878206058,30.900001472421));
#12668=CARTESIAN_POINT('',(-9.04770519911888,12.1195558572518,30.900001472421));
#12669=CARTESIAN_POINT('',(74.0711498154485,12.1195558572518,30.900001472421));
#12670=CARTESIAN_POINT('',(-9.04770519911888,-32.0782878206058,30.900001472421));
#12671=CARTESIAN_POINT('Origin',(101.137479986066,10.1195558572518,33.9935886896179));
#12672=CARTESIAN_POINT('',(101.137479986066,12.1195558572518,24.2451915172134));
#12673=CARTESIAN_POINT('Origin',(99.1374799860663,10.1195558572518,-5.));
#12674=CARTESIAN_POINT('',(99.1374799860663,12.1195558572518,4.74839717240448));
#12675=CARTESIAN_POINT('Origin',(46.4522948008811,12.1195558572518,14.496794344809));
#12676=CARTESIAN_POINT('Origin',(96.4337762823626,10.1195558572518,33.9935886896179));
#12677=CARTESIAN_POINT('',(96.4337762823626,12.1195558572518,24.2451915172134));
#12678=CARTESIAN_POINT('Origin',(94.4337762823626,10.1195558572518,-5.));
#12679=CARTESIAN_POINT('',(94.4337762823626,12.1195558572518,4.74839717240448));
#12680=CARTESIAN_POINT('Origin',(46.4522948008811,12.1195558572518,14.496794344809));
#12681=CARTESIAN_POINT('Origin',(91.7300725786589,10.1195558572518,33.9935886896179));
#12682=CARTESIAN_POINT('',(91.7300725786589,12.1195558572518,24.2451915172134));
#12683=CARTESIAN_POINT('Origin',(89.7300725786589,10.1195558572518,-5.));
#12684=CARTESIAN_POINT('',(89.7300725786589,12.1195558572518,4.74839717240448));
#12685=CARTESIAN_POINT('Origin',(46.4522948008811,12.1195558572518,14.496794344809));
#12686=CARTESIAN_POINT('Origin',(87.0263688749552,10.1195558572518,33.9935886896179));
#12687=CARTESIAN_POINT('',(87.0263688749552,12.1195558572518,24.2451915172134));
#12688=CARTESIAN_POINT('Origin',(85.0263688749552,10.1195558572518,-5.));
#12689=CARTESIAN_POINT('',(85.0263688749552,12.1195558572518,4.74839717240448));
#12690=CARTESIAN_POINT('Origin',(46.4522948008811,12.1195558572518,14.496794344809));
#12691=CARTESIAN_POINT('Origin',(82.3226651712515,10.1195558572518,33.9935886896179));
#12692=CARTESIAN_POINT('',(82.3226651712515,12.1195558572518,24.2451915172134));
#12693=CARTESIAN_POINT('Origin',(80.3226651712515,10.1195558572518,-5.));
#12694=CARTESIAN_POINT('',(80.3226651712515,12.1195558572518,4.74839717240448));
#12695=CARTESIAN_POINT('Origin',(46.4522948008811,12.1195558572518,14.496794344809));
#12696=CARTESIAN_POINT('Origin',(77.6189614675478,10.1195558572518,33.9935886896179));
#12697=CARTESIAN_POINT('',(77.6189614675478,12.1195558572518,24.2451915172134));
#12698=CARTESIAN_POINT('Origin',(75.6189614675477,10.1195558572518,-5.));
#12699=CARTESIAN_POINT('',(75.6189614675477,12.1195558572518,4.74839717240448));
#12700=CARTESIAN_POINT('Origin',(46.4522948008811,12.1195558572518,14.496794344809));
#12701=CARTESIAN_POINT('Origin',(72.9152577638441,10.1195558572518,33.9935886896179));
#12702=CARTESIAN_POINT('',(72.9152577638441,12.1195558572518,24.2451915172134));
#12703=CARTESIAN_POINT('Origin',(70.9152577638441,10.1195558572518,-5.));
#12704=CARTESIAN_POINT('',(70.9152577638441,12.1195558572518,4.74839717240448));
#12705=CARTESIAN_POINT('Origin',(46.4522948008811,12.1195558572518,14.496794344809));
#12706=CARTESIAN_POINT('Origin',(68.2115540601404,10.1195558572518,33.9935886896179));
#12707=CARTESIAN_POINT('',(68.2115540601404,12.1195558572518,24.2451915172134));
#12708=CARTESIAN_POINT('Origin',(66.2115540601404,10.1195558572518,-5.));
#12709=CARTESIAN_POINT('',(66.2115540601404,12.1195558572518,4.74839717240448));
#12710=CARTESIAN_POINT('Origin',(46.4522948008811,12.1195558572518,14.496794344809));
#12711=CARTESIAN_POINT('Origin',(63.5078503564367,10.1195558572518,33.9935886896179));
#12712=CARTESIAN_POINT('',(63.5078503564367,12.1195558572518,24.2451915172134));
#12713=CARTESIAN_POINT('Origin',(61.5078503564367,10.1195558572518,-5.));
#12714=CARTESIAN_POINT('',(61.5078503564367,12.1195558572518,4.74839717240448));
#12715=CARTESIAN_POINT('Origin',(46.4522948008811,12.1195558572518,14.496794344809));
#12716=CARTESIAN_POINT('Origin',(58.804146652733,10.1195558572518,33.9935886896179));
#12717=CARTESIAN_POINT('',(58.804146652733,12.1195558572518,24.2451915172134));
#12718=CARTESIAN_POINT('Origin',(46.4522948008811,12.1195558572518,14.496794344809));
#12719=CARTESIAN_POINT('Origin',(54.1004429490292,10.1195558572518,33.9935886896179));
#12720=CARTESIAN_POINT('Origin',(49.3967392453255,10.1195558572518,33.9935886896179));
#12721=CARTESIAN_POINT('Origin',(44.6930355416218,10.1195558572518,33.9935886896179));
#12722=CARTESIAN_POINT('Origin',(39.9893318379181,10.1195558572518,33.9935886896179));
#12723=CARTESIAN_POINT('',(39.9893318379181,12.1195558572518,24.2451915172134));
#12724=CARTESIAN_POINT('Origin',(37.9893318379182,10.1195558572518,-5.));
#12725=CARTESIAN_POINT('',(37.9893318379182,12.1195558572518,4.74839717240448));
#12726=CARTESIAN_POINT('Origin',(46.4522948008811,12.1195558572518,14.496794344809));
#12727=CARTESIAN_POINT('Origin',(35.2856281342144,10.1195558572518,33.9935886896179));
#12728=CARTESIAN_POINT('',(35.2856281342144,12.1195558572518,24.2451915172134));
#12729=CARTESIAN_POINT('Origin',(33.2856281342144,10.1195558572518,-5.));
#12730=CARTESIAN_POINT('',(33.2856281342144,12.1195558572518,4.74839717240448));
#12731=CARTESIAN_POINT('Origin',(46.4522948008811,12.1195558572518,14.496794344809));
#12732=CARTESIAN_POINT('Origin',(30.5819244305107,10.1195558572518,33.9935886896179));
#12733=CARTESIAN_POINT('',(30.5819244305107,12.1195558572518,24.2451915172134));
#12734=CARTESIAN_POINT('Origin',(28.5819244305107,10.1195558572518,-5.));
#12735=CARTESIAN_POINT('',(28.5819244305107,12.1195558572518,4.74839717240448));
#12736=CARTESIAN_POINT('Origin',(46.4522948008811,12.1195558572518,14.496794344809));
#12737=CARTESIAN_POINT('Origin',(25.878220726807,10.1195558572518,33.9935886896179));
#12738=CARTESIAN_POINT('',(25.878220726807,12.1195558572518,24.2451915172134));
#12739=CARTESIAN_POINT('Origin',(-9.04770519911888,10.1195558572518,-5.));
#12740=CARTESIAN_POINT('',(-9.04770519911888,12.1195558572518,4.74839717240448));
#12741=CARTESIAN_POINT('Origin',(23.878220726807,10.1195558572518,-5.));
#12742=CARTESIAN_POINT('',(23.878220726807,12.1195558572518,4.74839717240448));
#12743=CARTESIAN_POINT('Origin',(46.4522948008811,12.1195558572518,14.496794344809));
#12744=CARTESIAN_POINT('Origin',(-7.04770519911888,10.1195558572518,33.9935886896179));
#12745=CARTESIAN_POINT('',(-7.04770519911888,12.1195558572518,24.2451915172134));
#12746=CARTESIAN_POINT('Origin',(46.4522948008811,12.1195558572518,14.496794344809));
#12747=CARTESIAN_POINT('Origin',(21.1745170231033,10.1195558572518,33.9935886896179));
#12748=CARTESIAN_POINT('',(21.1745170231033,12.1195558572518,24.2451915172134));
#12749=CARTESIAN_POINT('Origin',(-4.34400149541518,10.1195558572518,-5.));
#12750=CARTESIAN_POINT('',(-4.34400149541518,12.1195558572518,4.74839717240448));
#12751=CARTESIAN_POINT('Origin',(19.1745170231033,10.1195558572518,-5.));
#12752=CARTESIAN_POINT('',(19.1745170231033,12.1195558572518,4.74839717240448));
#12753=CARTESIAN_POINT('Origin',(46.4522948008811,12.1195558572518,14.496794344809));
#12754=CARTESIAN_POINT('Origin',(-2.34400149541518,10.1195558572518,33.9935886896179));
#12755=CARTESIAN_POINT('',(-2.34400149541518,12.1195558572518,24.2451915172134));
#12756=CARTESIAN_POINT('Origin',(46.4522948008811,12.1195558572518,14.496794344809));
#12757=CARTESIAN_POINT('Origin',(16.4708133193996,10.1195558572518,33.9935886896179));
#12758=CARTESIAN_POINT('',(16.4708133193996,12.1195558572518,24.2451915172134));
#12759=CARTESIAN_POINT('Origin',(0.359702208288528,10.1195558572518,-5.));
#12760=CARTESIAN_POINT('',(0.359702208288528,12.1195558572518,4.74839717240448));
#12761=CARTESIAN_POINT('Origin',(14.4708133193996,10.1195558572518,-5.));
#12762=CARTESIAN_POINT('',(14.4708133193996,12.1195558572518,4.74839717240448));
#12763=CARTESIAN_POINT('Origin',(46.4522948008811,12.1195558572518,14.496794344809));
#12764=CARTESIAN_POINT('Origin',(2.35970220828852,10.1195558572518,33.9935886896179));
#12765=CARTESIAN_POINT('',(2.35970220828852,12.1195558572518,24.2451915172134));
#12766=CARTESIAN_POINT('Origin',(46.4522948008811,12.1195558572518,14.496794344809));
#12767=CARTESIAN_POINT('Origin',(11.7671096156959,10.1195558572518,33.9935886896179));
#12768=CARTESIAN_POINT('',(11.7671096156959,12.1195558572518,24.2451915172134));
#12769=CARTESIAN_POINT('Origin',(5.06340591199223,10.1195558572518,-5.));
#12770=CARTESIAN_POINT('',(5.06340591199223,12.1195558572518,4.74839717240448));
#12771=CARTESIAN_POINT('Origin',(9.76710961569593,10.1195558572518,-5.));
#12772=CARTESIAN_POINT('',(9.76710961569593,12.1195558572518,4.74839717240448));
#12773=CARTESIAN_POINT('Origin',(46.4522948008811,12.1195558572518,14.496794344809));
#12774=CARTESIAN_POINT('Origin',(7.06340591199223,10.1195558572518,33.9935886896179));
#12775=CARTESIAN_POINT('',(7.06340591199223,12.1195558572518,24.2451915172134));
#12776=CARTESIAN_POINT('Origin',(46.4522948008811,12.1195558572518,14.496794344809));
#12777=UNCERTAINTY_MEASURE_WITH_UNIT(LENGTH_MEASURE(0.01),#12781,
'DISTANCE_ACCURACY_VALUE',
'Maximum model space distance between geometric entities at asserted c
onnectivities');
#12778=UNCERTAINTY_MEASURE_WITH_UNIT(LENGTH_MEASURE(0.01),#12781,
'DISTANCE_ACCURACY_VALUE',
'Maximum model space distance between geometric entities at asserted c
onnectivities');
#12779=(
GEOMETRIC_REPRESENTATION_CONTEXT(3)
GLOBAL_UNCERTAINTY_ASSIGNED_CONTEXT((#12777))
GLOBAL_UNIT_ASSIGNED_CONTEXT((#12781,#12783,#12784))
REPRESENTATION_CONTEXT('','3D')
);
#12780=(
GEOMETRIC_REPRESENTATION_CONTEXT(3)
GLOBAL_UNCERTAINTY_ASSIGNED_CONTEXT((#12778))
GLOBAL_UNIT_ASSIGNED_CONTEXT((#12781,#12783,#12784))
REPRESENTATION_CONTEXT('','3D')
);
#12781=(
LENGTH_UNIT()
NAMED_UNIT(*)
SI_UNIT(.MILLI.,.METRE.)
);
#12782=(
LENGTH_UNIT()
NAMED_UNIT(*)
SI_UNIT($,.METRE.)
);
#12783=(
NAMED_UNIT(*)
PLANE_ANGLE_UNIT()
SI_UNIT($,.RADIAN.)
);
#12784=(
NAMED_UNIT(*)
SI_UNIT($,.STERADIAN.)
SOLID_ANGLE_UNIT()
);
#12785=SHAPE_DEFINITION_REPRESENTATION(#12786,#12787);
#12786=PRODUCT_DEFINITION_SHAPE('',$,#12789);
#12787=SHAPE_REPRESENTATION('',(#7979),#12779);
#12788=PRODUCT_DEFINITION_CONTEXT('part definition',#12793,'design');
#12789=PRODUCT_DEFINITION('2026-09-23-12-15-15-890','Final Body Clock',
#12790,#12788);
#12790=PRODUCT_DEFINITION_FORMATION('',$,#12795);
#12791=PRODUCT_RELATED_PRODUCT_CATEGORY('Final Body Clock',
'Final Body Clock',(#12795));
#12792=APPLICATION_PROTOCOL_DEFINITION('international standard',
'automotive_design',2009,#12793);
#12793=APPLICATION_CONTEXT(
'Core Data for Automotive Mechanical Design Process');
#12794=PRODUCT_CONTEXT('part definition',#12793,'mechanical');
#12795=PRODUCT('2026-09-23-12-15-15-890','Final Body Clock',$,(#12794));
#12796=PRESENTATION_STYLE_ASSIGNMENT((#12798));
#12797=PRESENTATION_STYLE_ASSIGNMENT((#12799));
#12798=SURFACE_STYLE_USAGE(.BOTH.,#12800);
#12799=SURFACE_STYLE_USAGE(.BOTH.,#12801);
#12800=SURFACE_SIDE_STYLE('',(#12802));
#12801=SURFACE_SIDE_STYLE('',(#12803));
#12802=SURFACE_STYLE_FILL_AREA(#12804);
#12803=SURFACE_STYLE_FILL_AREA(#12805);
#12804=FILL_AREA_STYLE('Steel - Satin',(#12806));
#12805=FILL_AREA_STYLE('PEEK',(#12807));
#12806=FILL_AREA_STYLE_COLOUR('Steel - Satin',#12808);
#12807=FILL_AREA_STYLE_COLOUR('PEEK',#12809);
#12808=COLOUR_RGB('Steel - Satin',0.627450980392157,0.627450980392157,0.627450980392157);
#12809=COLOUR_RGB('PEEK',0.6,0.509803921568627,0.368627450980392);
ENDSEC;
END-ISO-10303-21;
